saps,fecha,fecha_mes,fecha_anio,id_servicio,prestacion_categoria,prestacion_tipo,consulta_cantidad,barrio_operativo
PUJOL,2023-01-01,1,2023,4,ENFERMERIA,CONTROL TENSION ARTERIAL,41,
PUJOL,2023-01-01,1,2023,4,ENFERMERIA,TEMPERATURA,19,
PUJOL,2023-01-01,1,2023,4,ENFERMERIA,GLUCEMIA,9,
PUJOL,2023-01-01,1,2023,4,ENFERMERIA,NEBULIZACIONES,4,
PUJOL,2023-01-01,1,2023,4,ENFERMERIA,PESO Y TALLA,98,
PUJOL,2023-01-01,1,2023,4,ENFERMERIA,CURACIONES,17,
PUJOL,2023-01-01,1,2023,4,ENFERMERIA,INYECTABLES,29,
PUJOL,2023-01-01,1,2023,4,ENFERMERIA,INMUNIZACIONES,17,
ESPERANZA,2023-01-01,1,2023,4,ENFERMERIA,CONTROL TENSION ARTERIAL,156,
ESPERANZA,2023-01-01,1,2023,4,ENFERMERIA,TEMPERATURA,6,
ESPERANZA,2023-01-01,1,2023,4,ENFERMERIA,GLUCEMIA,12,
ESPERANZA,2023-01-01,1,2023,4,ENFERMERIA,NEBULIZACIONES,2,
ESPERANZA,2023-01-01,1,2023,4,ENFERMERIA,PESO Y TALLA,370,
ESPERANZA,2023-01-01,1,2023,4,ENFERMERIA,CURACIONES,10,
ESPERANZA,2023-01-01,1,2023,4,ENFERMERIA,INYECTABLES,19,
ESPERANZA,2023-01-01,1,2023,4,ENFERMERIA,INMUNIZACIONES,120,
MARCELINO VERA,2023-01-01,1,2023,4,ENFERMERIA,CONTROL TENSION ARTERIAL,90,
MARCELINO VERA,2023-01-01,1,2023,4,ENFERMERIA,TEMPERATURA,25,
MARCELINO VERA,2023-01-01,1,2023,4,ENFERMERIA,GLUCEMIA,10,
MARCELINO VERA,2023-01-01,1,2023,4,ENFERMERIA,PESO Y TALLA,90,
MARCELINO VERA,2023-01-01,1,2023,4,ENFERMERIA,CURACIONES,15,
MARCELINO VERA,2023-01-01,1,2023,4,ENFERMERIA,INYECTABLES,35,
MARCELINO VERA,2023-01-01,1,2023,4,ENFERMERIA,INMUNIZACIONES,15,
DR. MANUEL CASSUSO,2023-01-01,1,2023,4,ENFERMERIA,CONTROL TENSION ARTERIAL,114,
DR. MANUEL CASSUSO,2023-01-01,1,2023,4,ENFERMERIA,TEMPERATURA,3,
DR. MANUEL CASSUSO,2023-01-01,1,2023,4,ENFERMERIA,PESO Y TALLA,181,
DR. MANUEL CASSUSO,2023-01-01,1,2023,4,ENFERMERIA,CURACIONES,27,
DR. MANUEL CASSUSO,2023-01-01,1,2023,4,ENFERMERIA,INYECTABLES,21,
DR. MANUEL CASSUSO,2023-01-01,1,2023,4,ENFERMERIA,INMUNIZACIONES,85,
DR. MANUEL CASSUSO,2023-01-01,1,2023,4,ENFERMERIA,ECOGRAFIAS,22,
SANTA MARGARITA,2023-01-01,1,2023,4,ENFERMERIA,CONTROL TENSION ARTERIAL,150,
SANTA MARGARITA,2023-01-01,1,2023,4,ENFERMERIA,TEMPERATURA,15,
SANTA MARGARITA,2023-01-01,1,2023,4,ENFERMERIA,GLUCEMIA,2,
SANTA MARGARITA,2023-01-01,1,2023,4,ENFERMERIA,PESO Y TALLA,185,
SANTA MARGARITA,2023-01-01,1,2023,4,ENFERMERIA,CURACIONES,13,
SANTA MARGARITA,2023-01-01,1,2023,4,ENFERMERIA,INYECTABLES,35,
VILLA GARCIA,2023-01-01,1,2023,4,ENFERMERIA,CONTROL TENSION ARTERIAL,44,
VILLA GARCIA,2023-01-01,1,2023,4,ENFERMERIA,TEMPERATURA,20,
VILLA GARCIA,2023-01-01,1,2023,4,ENFERMERIA,GLUCEMIA,25,
VILLA GARCIA,2023-01-01,1,2023,4,ENFERMERIA,NEBULIZACIONES,25,
VILLA GARCIA,2023-01-01,1,2023,4,ENFERMERIA,CURACIONES,10,
VILLA GARCIA,2023-01-01,1,2023,4,ENFERMERIA,INYECTABLES,20,
VILLA GARCIA,2023-01-01,1,2023,4,ENFERMERIA,INMUNIZACIONES,58,
DR. ANIBAL MALVIDO,2023-01-01,1,2023,4,ENFERMERIA,CONTROL TENSION ARTERIAL,31,
DR. ANIBAL MALVIDO,2023-01-01,1,2023,4,ENFERMERIA,GLUCEMIA,4,
DR. ANIBAL MALVIDO,2023-01-01,1,2023,4,ENFERMERIA,PESO Y TALLA,92,
DR. ANIBAL MALVIDO,2023-01-01,1,2023,4,ENFERMERIA,CURACIONES,5,
DR. ANIBAL MALVIDO,2023-01-01,1,2023,4,ENFERMERIA,INYECTABLES,28,
DR. ANIBAL MALVIDO,2023-01-01,1,2023,4,ENFERMERIA,INMUNIZACIONES,235,
SANTA CATALINA,2023-01-01,1,2023,4,ENFERMERIA,CONTROL TENSION ARTERIAL,93,
SANTA CATALINA,2023-01-01,1,2023,4,ENFERMERIA,TEMPERATURA,21,
SANTA CATALINA,2023-01-01,1,2023,4,ENFERMERIA,PESO Y TALLA,102,
SANTA CATALINA,2023-01-01,1,2023,4,ENFERMERIA,CURACIONES,6,
SANTA CATALINA,2023-01-01,1,2023,4,ENFERMERIA,INYECTABLES,21,
SANTA CATALINA,2023-01-01,1,2023,4,ENFERMERIA,INMUNIZACIONES,91,
GDOR. ELIAS GALVAN,2023-01-01,1,2023,4,ENFERMERIA,CONTROL TENSION ARTERIAL,107,
GDOR. ELIAS GALVAN,2023-01-01,1,2023,4,ENFERMERIA,TEMPERATURA,12,
GDOR. ELIAS GALVAN,2023-01-01,1,2023,4,ENFERMERIA,GLUCEMIA,7,
GDOR. ELIAS GALVAN,2023-01-01,1,2023,4,ENFERMERIA,PESO Y TALLA,95,
GDOR. ELIAS GALVAN,2023-01-01,1,2023,4,ENFERMERIA,CURACIONES,28,
GDOR. ELIAS GALVAN,2023-01-01,1,2023,4,ENFERMERIA,INYECTABLES,35,
Dr. SANTIAGO LORENZO,2023-01-01,1,2023,4,ENFERMERIA,CONTROL TENSION ARTERIAL,114,
Dr. SANTIAGO LORENZO,2023-01-01,1,2023,4,ENFERMERIA,TEMPERATURA,2,
Dr. SANTIAGO LORENZO,2023-01-01,1,2023,4,ENFERMERIA,GLUCEMIA,8,
Dr. SANTIAGO LORENZO,2023-01-01,1,2023,4,ENFERMERIA,PESO Y TALLA,210,
Dr. SANTIAGO LORENZO,2023-01-01,1,2023,4,ENFERMERIA,CURACIONES,8,
Dr. SANTIAGO LORENZO,2023-01-01,1,2023,4,ENFERMERIA,INYECTABLES,49,
Dr. SANTIAGO LORENZO,2023-01-01,1,2023,4,ENFERMERIA,INMUNIZACIONES,143,
VILLA CHIQUITA,2023-01-01,1,2023,4,ENFERMERIA,CONTROL TENSION ARTERIAL,62,
VILLA CHIQUITA,2023-01-01,1,2023,4,ENFERMERIA,TEMPERATURA,4,
VILLA CHIQUITA,2023-01-01,1,2023,4,ENFERMERIA,GLUCEMIA,7,
VILLA CHIQUITA,2023-01-01,1,2023,4,ENFERMERIA,PESO Y TALLA,26,
VILLA CHIQUITA,2023-01-01,1,2023,4,ENFERMERIA,CURACIONES,14,
VILLA CHIQUITA,2023-01-01,1,2023,4,ENFERMERIA,INYECTABLES,12,
DR. PEDRO BLUGERMAN,2023-01-01,1,2023,4,ENFERMERIA,CONTROL TENSION ARTERIAL,160,
DR. PEDRO BLUGERMAN,2023-01-01,1,2023,4,ENFERMERIA,TEMPERATURA,42,
DR. PEDRO BLUGERMAN,2023-01-01,1,2023,4,ENFERMERIA,GLUCEMIA,15,
DR. PEDRO BLUGERMAN,2023-01-01,1,2023,4,ENFERMERIA,NEBULIZACIONES,7,
DR. PEDRO BLUGERMAN,2023-01-01,1,2023,4,ENFERMERIA,PESO Y TALLA,400,
DR. PEDRO BLUGERMAN,2023-01-01,1,2023,4,ENFERMERIA,CURACIONES,25,
DR. PEDRO BLUGERMAN,2023-01-01,1,2023,4,ENFERMERIA,INYECTABLES,376,
DR. PEDRO BLUGERMAN,2023-01-01,1,2023,4,ENFERMERIA,INMUNIZACIONES,158,
GÜEMES,2023-01-01,1,2023,4,ENFERMERIA,CONTROL TENSION ARTERIAL,352,
GÜEMES,2023-01-01,1,2023,4,ENFERMERIA,TEMPERATURA,194,
GÜEMES,2023-01-01,1,2023,4,ENFERMERIA,GLUCEMIA,10,
GÜEMES,2023-01-01,1,2023,4,ENFERMERIA,PESO Y TALLA,216,
GÜEMES,2023-01-01,1,2023,4,ENFERMERIA,CURACIONES,22,
GÜEMES,2023-01-01,1,2023,4,ENFERMERIA,INYECTABLES,27,
GÜEMES,2023-01-01,1,2023,4,ENFERMERIA,INMUNIZACIONES,72,
DR MANUEL A. GONZALEZ,2023-01-01,1,2023,4,ENFERMERIA,CONTROL TENSION ARTERIAL,203,
DR MANUEL A. GONZALEZ,2023-01-01,1,2023,4,ENFERMERIA,TEMPERATURA,15,
DR MANUEL A. GONZALEZ,2023-01-01,1,2023,4,ENFERMERIA,GLUCEMIA,20,
DR MANUEL A. GONZALEZ,2023-01-01,1,2023,4,ENFERMERIA,NEBULIZACIONES,10,
DR MANUEL A. GONZALEZ,2023-01-01,1,2023,4,ENFERMERIA,PESO Y TALLA,740,
DR MANUEL A. GONZALEZ,2023-01-01,1,2023,4,ENFERMERIA,CURACIONES,20,
DR MANUEL A. GONZALEZ,2023-01-01,1,2023,4,ENFERMERIA,INYECTABLES,58,
DR MANUEL A. GONZALEZ,2023-01-01,1,2023,4,ENFERMERIA,INMUNIZACIONES,51,
PASO MARTINEZ,2023-01-01,1,2023,4,ENFERMERIA,CONTROL TENSION ARTERIAL,7,
PASO MARTINEZ,2023-01-01,1,2023,4,ENFERMERIA,PESO Y TALLA,54,
PASO MARTINEZ,2023-01-01,1,2023,4,ENFERMERIA,INYECTABLES,3,
DR. KORIMBLUM,2023-01-01,1,2023,4,ENFERMERIA,CONTROL TENSION ARTERIAL,38,
DR. KORIMBLUM,2023-01-01,1,2023,4,ENFERMERIA,GLUCEMIA,6,
DR. KORIMBLUM,2023-01-01,1,2023,4,ENFERMERIA,PESO Y TALLA,110,
DR. KORIMBLUM,2023-01-01,1,2023,4,ENFERMERIA,CURACIONES,7,
DR. KORIMBLUM,2023-01-01,1,2023,4,ENFERMERIA,INYECTABLES,23,
DR. KORIMBLUM,2023-01-01,1,2023,4,ENFERMERIA,INMUNIZACIONES,31,
DR. KORIMBLUM,2023-01-01,1,2023,4,ENFERMERIA,PAP,1,
DR. KORIMBLUM,2023-01-01,1,2023,4,ENFERMERIA,EXTRACCION IMPLANTE,1,
SAPUCAY,2023-01-01,1,2023,4,ENFERMERIA,CONTROL TENSION ARTERIAL,210,
SAPUCAY,2023-01-01,1,2023,4,ENFERMERIA,TEMPERATURA,30,
SAPUCAY,2023-01-01,1,2023,4,ENFERMERIA,GLUCEMIA,40,
SAPUCAY,2023-01-01,1,2023,4,ENFERMERIA,NEBULIZACIONES,18,
SAPUCAY,2023-01-01,1,2023,4,ENFERMERIA,PESO Y TALLA,250,
SAPUCAY,2023-01-01,1,2023,4,ENFERMERIA,CURACIONES,40,
SAPUCAY,2023-01-01,1,2023,4,ENFERMERIA,INYECTABLES,40,
SAPUCAY,2023-01-01,1,2023,4,ENFERMERIA,INMUNIZACIONES,24,
ITATI,2023-01-01,1,2023,4,ENFERMERIA,CONTROL TENSION ARTERIAL,137,
ITATI,2023-01-01,1,2023,4,ENFERMERIA,TEMPERATURA,60,
ITATI,2023-01-01,1,2023,4,ENFERMERIA,GLUCEMIA,15,
ITATI,2023-01-01,1,2023,4,ENFERMERIA,NEBULIZACIONES,21,
ITATI,2023-01-01,1,2023,4,ENFERMERIA,PESO Y TALLA,570,
ITATI,2023-01-01,1,2023,4,ENFERMERIA,CURACIONES,33,
ITATI,2023-01-01,1,2023,4,ENFERMERIA,SUTURAS,3,
ITATI,2023-01-01,1,2023,4,ENFERMERIA,INYECTABLES,82,
ITATI,2023-01-01,1,2023,4,ENFERMERIA,INMUNIZACIONES,48,
RIO PARANA,2023-01-01,1,2023,4,ENFERMERIA,CONTROL TENSION ARTERIAL,160,
RIO PARANA,2023-01-01,1,2023,4,ENFERMERIA,TEMPERATURA,82,
RIO PARANA,2023-01-01,1,2023,4,ENFERMERIA,GLUCEMIA,23,
RIO PARANA,2023-01-01,1,2023,4,ENFERMERIA,PESO Y TALLA,200,
RIO PARANA,2023-01-01,1,2023,4,ENFERMERIA,CURACIONES,69,
RIO PARANA,2023-01-01,1,2023,4,ENFERMERIA,INYECTABLES,77,
RIO PARANA,2023-01-01,1,2023,4,ENFERMERIA,INMUNIZACIONES,86,
DR. SUSSINI,2023-01-01,1,2023,4,ENFERMERIA,CONTROL TENSION ARTERIAL,187,
DR. SUSSINI,2023-01-01,1,2023,4,ENFERMERIA,TEMPERATURA,15,
DR. SUSSINI,2023-01-01,1,2023,4,ENFERMERIA,GLUCEMIA,31,
DR. SUSSINI,2023-01-01,1,2023,4,ENFERMERIA,PESO Y TALLA,177,
DR. SUSSINI,2023-01-01,1,2023,4,ENFERMERIA,CURACIONES,23,
DR. SUSSINI,2023-01-01,1,2023,4,ENFERMERIA,SUTURAS,2,
DR. SUSSINI,2023-01-01,1,2023,4,ENFERMERIA,INYECTABLES,157,
DR. SUSSINI,2023-01-01,1,2023,4,ENFERMERIA,INMUNIZACIONES,267,
DR. JOSE DE LOS REYES VIDAL,2023-01-01,1,2023,4,ENFERMERIA,CONTROL TENSION ARTERIAL,210,
DR. JOSE DE LOS REYES VIDAL,2023-01-01,1,2023,4,ENFERMERIA,TEMPERATURA,10,
DR. JOSE DE LOS REYES VIDAL,2023-01-01,1,2023,4,ENFERMERIA,GLUCEMIA,230,
DR. JOSE DE LOS REYES VIDAL,2023-01-01,1,2023,4,ENFERMERIA,PESO Y TALLA,216,
DR. JOSE DE LOS REYES VIDAL,2023-01-01,1,2023,4,ENFERMERIA,CURACIONES,20,
DR. JOSE DE LOS REYES VIDAL,2023-01-01,1,2023,4,ENFERMERIA,INYECTABLES,80,
DR. JOSE DE LOS REYES VIDAL,2023-01-01,1,2023,4,ENFERMERIA,INMUNIZACIONES,81,
DR. FLIER,2023-01-01,1,2023,4,ENFERMERIA,CONTROL TENSION ARTERIAL,68,
DR. FLIER,2023-01-01,1,2023,4,ENFERMERIA,TEMPERATURA,79,
DR. FLIER,2023-01-01,1,2023,4,ENFERMERIA,NEBULIZACIONES,54,
DR. FLIER,2023-01-01,1,2023,4,ENFERMERIA,PESO Y TALLA,117,
DR. FLIER,2023-01-01,1,2023,4,ENFERMERIA,CURACIONES,63,
DR. FLIER,2023-01-01,1,2023,4,ENFERMERIA,INYECTABLES,95,
QUINTA FERRE,2023-01-01,1,2023,4,ENFERMERIA,CONTROL TENSION ARTERIAL,148,
QUINTA FERRE,2023-01-01,1,2023,4,ENFERMERIA,TEMPERATURA,4,
QUINTA FERRE,2023-01-01,1,2023,4,ENFERMERIA,GLUCEMIA,40,
QUINTA FERRE,2023-01-01,1,2023,4,ENFERMERIA,PESO Y TALLA,96,
QUINTA FERRE,2023-01-01,1,2023,4,ENFERMERIA,CURACIONES,28,
QUINTA FERRE,2023-01-01,1,2023,4,ENFERMERIA,INYECTABLES,75,
QUINTA FERRE,2023-01-01,1,2023,4,ENFERMERIA,INMUNIZACIONES,99,
DR. MAURICIO OPEN,2023-01-01,1,2023,4,ENFERMERIA,CONTROL TENSION ARTERIAL,16,
DR. MAURICIO OPEN,2023-01-01,1,2023,4,ENFERMERIA,GLUCEMIA,1,
DR. MAURICIO OPEN,2023-01-01,1,2023,4,ENFERMERIA,PESO Y TALLA,13,
DR. MAURICIO OPEN,2023-01-01,1,2023,4,ENFERMERIA,CURACIONES,14,
DR. MAURICIO OPEN,2023-01-01,1,2023,4,ENFERMERIA,INYECTABLES,12,
DR. MAURICIO OPEN,2023-01-01,1,2023,4,ENFERMERIA,INMUNIZACIONES,54,
DR. PIRCHI,2023-01-01,1,2023,4,ENFERMERIA,CONTROL TENSION ARTERIAL,180,
DR. PIRCHI,2023-01-01,1,2023,4,ENFERMERIA,TEMPERATURA,2,
DR. PIRCHI,2023-01-01,1,2023,4,ENFERMERIA,GLUCEMIA,50,
DR. PIRCHI,2023-01-01,1,2023,4,ENFERMERIA,NEBULIZACIONES,2,
DR. PIRCHI,2023-01-01,1,2023,4,ENFERMERIA,PESO Y TALLA,240,
DR. PIRCHI,2023-01-01,1,2023,4,ENFERMERIA,CURACIONES,28,
DR. PIRCHI,2023-01-01,1,2023,4,ENFERMERIA,INYECTABLES,28,
DR. PIRCHI,2023-01-01,1,2023,4,ENFERMERIA,INMUNIZACIONES,83,
SANTA MARTA,2023-01-01,1,2023,4,ENFERMERIA,CONTROL TENSION ARTERIAL,41,
SANTA MARTA,2023-01-01,1,2023,4,ENFERMERIA,TEMPERATURA,10,
SANTA MARTA,2023-01-01,1,2023,4,ENFERMERIA,PESO Y TALLA,73,
SANTA MARTA,2023-01-01,1,2023,4,ENFERMERIA,CURACIONES,15,
SANTA MARTA,2023-01-01,1,2023,4,ENFERMERIA,INYECTABLES,15,
SANTA MARTA,2023-01-01,1,2023,4,ENFERMERIA,INMUNIZACIONES,90,
DR. BENJAMIN SERRANO,2023-01-01,1,2023,4,ENFERMERIA,CONTROL TENSION ARTERIAL,17,
DR. BENJAMIN SERRANO,2023-01-01,1,2023,4,ENFERMERIA,TEMPERATURA,4,
DR. BENJAMIN SERRANO,2023-01-01,1,2023,4,ENFERMERIA,GLUCEMIA,8,
DR. BENJAMIN SERRANO,2023-01-01,1,2023,4,ENFERMERIA,PESO Y TALLA,105,
DR. BENJAMIN SERRANO,2023-01-01,1,2023,4,ENFERMERIA,CURACIONES,23,
DR. BENJAMIN SERRANO,2023-01-01,1,2023,4,ENFERMERIA,SUTURAS,28,
DR. BENJAMIN SERRANO,2023-01-01,1,2023,4,ENFERMERIA,INYECTABLES,28,
DR. BENJAMIN SERRANO,2023-01-01,1,2023,4,ENFERMERIA,INMUNIZACIONES,47,
DR. ROSSI CANDIA,2023-01-01,1,2023,4,ENFERMERIA,CONTROL TENSION ARTERIAL,219,
DR. ROSSI CANDIA,2023-01-01,1,2023,4,ENFERMERIA,TEMPERATURA,8,
DR. ROSSI CANDIA,2023-01-01,1,2023,4,ENFERMERIA,GLUCEMIA,15,
DR. ROSSI CANDIA,2023-01-01,1,2023,4,ENFERMERIA,PESO Y TALLA,209,
DR. ROSSI CANDIA,2023-01-01,1,2023,4,ENFERMERIA,CURACIONES,43,
DR. ROSSI CANDIA,2023-01-01,1,2023,4,ENFERMERIA,INYECTABLES,91,
DR. ROSSI CANDIA,2023-01-01,1,2023,4,ENFERMERIA,INMUNIZACIONES,20,
DR. ROSSI CANDIA,2023-01-01,1,2023,4,ENFERMERIA,PAP,1,
DR. ROSSI CANDIA,2023-01-01,1,2023,4,ENFERMERIA,ECOGRAFIAS,14,
DR. ROSSI CANDIA,2023-01-01,1,2023,4,ENFERMERIA,TEST HPV,1,
DR. SEMPER,2023-01-01,1,2023,4,ENFERMERIA,CONTROL TENSION ARTERIAL,279,
DR. SEMPER,2023-01-01,1,2023,4,ENFERMERIA,TEMPERATURA,127,
DR. SEMPER,2023-01-01,1,2023,4,ENFERMERIA,GLUCEMIA,70,
DR. SEMPER,2023-01-01,1,2023,4,ENFERMERIA,CURACIONES,74,
DR. SEMPER,2023-01-01,1,2023,4,ENFERMERIA,INYECTABLES,55,
DR. SEMPER,2023-01-01,1,2023,4,ENFERMERIA,INMUNIZACIONES,8,
DR. CHERCOFF,2023-01-01,1,2023,4,ENFERMERIA,CONTROL TENSION ARTERIAL,180,
DR. CHERCOFF,2023-01-01,1,2023,4,ENFERMERIA,TEMPERATURA,143,
DR. CHERCOFF,2023-01-01,1,2023,4,ENFERMERIA,GLUCEMIA,5,
DR. CHERCOFF,2023-01-01,1,2023,4,ENFERMERIA,PESO Y TALLA,197,
DR. CHERCOFF,2023-01-01,1,2023,4,ENFERMERIA,CURACIONES,37,
DR. CHERCOFF,2023-01-01,1,2023,4,ENFERMERIA,INYECTABLES,43,
DR. CHERCOFF,2023-01-01,1,2023,4,ENFERMERIA,INMUNIZACIONES,9,
Dr. CALMANASH,2023-01-01,1,2023,4,ENFERMERIA,CONTROL TENSION ARTERIAL,152,
Dr. CALMANASH,2023-01-01,1,2023,4,ENFERMERIA,TEMPERATURA,16,
Dr. CALMANASH,2023-01-01,1,2023,4,ENFERMERIA,NEBULIZACIONES,10,
Dr. CALMANASH,2023-01-01,1,2023,4,ENFERMERIA,PESO Y TALLA,125,
Dr. CALMANASH,2023-01-01,1,2023,4,ENFERMERIA,CURACIONES,15,
Dr. CALMANASH,2023-01-01,1,2023,4,ENFERMERIA,INYECTABLES,40,
Dr. CALMANASH,2023-01-01,1,2023,4,ENFERMERIA,INMUNIZACIONES,52,
Dr. CALMANASH,2023-01-01,1,2023,4,ENFERMERIA,PAP,10,
Dr. CALMANASH,2023-01-01,1,2023,4,ENFERMERIA,TEST HPV,6,
MARCELINO VERA,2023-02-01,2,2023,4,ENFERMERIA,CONTROL TENSION ARTERIAL,95,
MARCELINO VERA,2023-02-01,2,2023,4,ENFERMERIA,TEMPERATURA,25,
MARCELINO VERA,2023-02-01,2,2023,4,ENFERMERIA,NEBULIZACIONES,10,
MARCELINO VERA,2023-02-01,2,2023,4,ENFERMERIA,PESO Y TALLA,95,
MARCELINO VERA,2023-02-01,2,2023,4,ENFERMERIA,CURACIONES,10,
MARCELINO VERA,2023-02-01,2,2023,4,ENFERMERIA,INYECTABLES,35,
MARCELINO VERA,2023-02-01,2,2023,4,ENFERMERIA,INMUNIZACIONES,25,
ITATI,2023-02-01,2,2023,4,ENFERMERIA,CONTROL TENSION ARTERIAL,140,
ITATI,2023-02-01,2,2023,4,ENFERMERIA,TEMPERATURA,21,
ITATI,2023-02-01,2,2023,4,ENFERMERIA,GLUCEMIA,20,
ITATI,2023-02-01,2,2023,4,ENFERMERIA,NEBULIZACIONES,25,
ITATI,2023-02-01,2,2023,4,ENFERMERIA,PESO Y TALLA,50,
ITATI,2023-02-01,2,2023,4,ENFERMERIA,CURACIONES,31,
ITATI,2023-02-01,2,2023,4,ENFERMERIA,INYECTABLES,58,
ITATI,2023-02-01,2,2023,4,ENFERMERIA,INMUNIZACIONES,71,
ESPERANZA,2023-02-01,2,2023,4,ENFERMERIA,CONTROL TENSION ARTERIAL,189,
ESPERANZA,2023-02-01,2,2023,4,ENFERMERIA,TEMPERATURA,18,
ESPERANZA,2023-02-01,2,2023,4,ENFERMERIA,GLUCEMIA,20,
ESPERANZA,2023-02-01,2,2023,4,ENFERMERIA,NEBULIZACIONES,3,
ESPERANZA,2023-02-01,2,2023,4,ENFERMERIA,PESO Y TALLA,390,
ESPERANZA,2023-02-01,2,2023,4,ENFERMERIA,CURACIONES,14,
ESPERANZA,2023-02-01,2,2023,4,ENFERMERIA,INYECTABLES,33,
ESPERANZA,2023-02-01,2,2023,4,ENFERMERIA,INMUNIZACIONES,147,
ESPERANZA,2023-02-01,2,2023,4,ENFERMERIA,PAP,17,
ESPERANZA,2023-02-01,2,2023,4,ENFERMERIA,ECOGRAFIAS,99,
ESPERANZA,2023-02-01,2,2023,4,ENFERMERIA,IMPLANTE SUBDERMICO,21,
ESPERANZA,2023-02-01,2,2023,4,ENFERMERIA,TEST HPV,17,
DR. MANUEL CASSUSO,2023-02-01,2,2023,4,ENFERMERIA,CONTROL TENSION ARTERIAL,168,
DR. MANUEL CASSUSO,2023-02-01,2,2023,4,ENFERMERIA,TEMPERATURA,4,
DR. MANUEL CASSUSO,2023-02-01,2,2023,4,ENFERMERIA,GLUCEMIA,2,
DR. MANUEL CASSUSO,2023-02-01,2,2023,4,ENFERMERIA,PESO Y TALLA,277,
DR. MANUEL CASSUSO,2023-02-01,2,2023,4,ENFERMERIA,CURACIONES,21,
DR. MANUEL CASSUSO,2023-02-01,2,2023,4,ENFERMERIA,INYECTABLES,25,
DR. MANUEL CASSUSO,2023-02-01,2,2023,4,ENFERMERIA,INMUNIZACIONES,151,
DR. SEMPER,2023-02-01,2,2023,4,ENFERMERIA,CONTROL TENSION ARTERIAL,261,
DR. SEMPER,2023-02-01,2,2023,4,ENFERMERIA,TEMPERATURA,358,
DR. SEMPER,2023-02-01,2,2023,4,ENFERMERIA,GLUCEMIA,96,
DR. SEMPER,2023-02-01,2,2023,4,ENFERMERIA,PESO Y TALLA,446,
DR. SEMPER,2023-02-01,2,2023,4,ENFERMERIA,CURACIONES,57,
DR. SEMPER,2023-02-01,2,2023,4,ENFERMERIA,SUTURAS,8,
DR. SEMPER,2023-02-01,2,2023,4,ENFERMERIA,INYECTABLES,182,
DR. SEMPER,2023-02-01,2,2023,4,ENFERMERIA,INMUNIZACIONES,46,
VILLA CHIQUITA,2023-02-01,2,2023,4,ENFERMERIA,CONTROL TENSION ARTERIAL,89,
VILLA CHIQUITA,2023-02-01,2,2023,4,ENFERMERIA,TEMPERATURA,2,
VILLA CHIQUITA,2023-02-01,2,2023,4,ENFERMERIA,GLUCEMIA,3,
VILLA CHIQUITA,2023-02-01,2,2023,4,ENFERMERIA,NEBULIZACIONES,2,
VILLA CHIQUITA,2023-02-01,2,2023,4,ENFERMERIA,PESO Y TALLA,105,
VILLA CHIQUITA,2023-02-01,2,2023,4,ENFERMERIA,CURACIONES,9,
VILLA CHIQUITA,2023-02-01,2,2023,4,ENFERMERIA,INYECTABLES,18,
CICHERO,2023-02-01,2,2023,4,ENFERMERIA,CONTROL TENSION ARTERIAL,216,
CICHERO,2023-02-01,2,2023,4,ENFERMERIA,TEMPERATURA,2,
CICHERO,2023-02-01,2,2023,4,ENFERMERIA,GLUCEMIA,42,
CICHERO,2023-02-01,2,2023,4,ENFERMERIA,PESO Y TALLA,270,
CICHERO,2023-02-01,2,2023,4,ENFERMERIA,CURACIONES,28,
CICHERO,2023-02-01,2,2023,4,ENFERMERIA,INYECTABLES,78,
CICHERO,2023-02-01,2,2023,4,ENFERMERIA,INMUNIZACIONES,102,
SANTA CATALINA,2023-02-01,2,2023,4,ENFERMERIA,CONTROL TENSION ARTERIAL,30,
SANTA CATALINA,2023-02-01,2,2023,4,ENFERMERIA,TEMPERATURA,4,
SANTA CATALINA,2023-02-01,2,2023,4,ENFERMERIA,PESO Y TALLA,40,
SANTA CATALINA,2023-02-01,2,2023,4,ENFERMERIA,CURACIONES,6,
SANTA CATALINA,2023-02-01,2,2023,4,ENFERMERIA,INYECTABLES,18,
SANTA CATALINA,2023-02-01,2,2023,4,ENFERMERIA,INMUNIZACIONES,64,
DR. BENJAMIN SERRANO,2023-02-01,2,2023,4,ENFERMERIA,CONTROL TENSION ARTERIAL,216,
DR. BENJAMIN SERRANO,2023-02-01,2,2023,4,ENFERMERIA,TEMPERATURA,2,
DR. BENJAMIN SERRANO,2023-02-01,2,2023,4,ENFERMERIA,GLUCEMIA,8,
DR. BENJAMIN SERRANO,2023-02-01,2,2023,4,ENFERMERIA,NEBULIZACIONES,2,
DR. BENJAMIN SERRANO,2023-02-01,2,2023,4,ENFERMERIA,PESO Y TALLA,242,
DR. BENJAMIN SERRANO,2023-02-01,2,2023,4,ENFERMERIA,CURACIONES,7,
DR. BENJAMIN SERRANO,2023-02-01,2,2023,4,ENFERMERIA,INYECTABLES,36,
DR. BENJAMIN SERRANO,2023-02-01,2,2023,4,ENFERMERIA,INMUNIZACIONES,45,
DR. ANIBAL MALVIDO,2023-02-01,2,2023,4,ENFERMERIA,CONTROL TENSION ARTERIAL,75,
DR. ANIBAL MALVIDO,2023-02-01,2,2023,4,ENFERMERIA,TEMPERATURA,15,
DR. ANIBAL MALVIDO,2023-02-01,2,2023,4,ENFERMERIA,GLUCEMIA,10,
DR. ANIBAL MALVIDO,2023-02-01,2,2023,4,ENFERMERIA,PESO Y TALLA,210,
DR. ANIBAL MALVIDO,2023-02-01,2,2023,4,ENFERMERIA,CURACIONES,10,
DR. ANIBAL MALVIDO,2023-02-01,2,2023,4,ENFERMERIA,INYECTABLES,80,
DR. ANIBAL MALVIDO,2023-02-01,2,2023,4,ENFERMERIA,INMUNIZACIONES,235,
DR. ANIBAL MALVIDO,2023-02-01,2,2023,4,ENFERMERIA,PAP,5,
DR. ANIBAL MALVIDO,2023-02-01,2,2023,4,ENFERMERIA,ECOGRAFIAS,22,
PUJOL,2023-02-01,2,2023,4,ENFERMERIA,CONTROL TENSION ARTERIAL,19,
PUJOL,2023-02-01,2,2023,4,ENFERMERIA,TEMPERATURA,3,
PUJOL,2023-02-01,2,2023,4,ENFERMERIA,GLUCEMIA,8,
PUJOL,2023-02-01,2,2023,4,ENFERMERIA,NEBULIZACIONES,1,
PUJOL,2023-02-01,2,2023,4,ENFERMERIA,PESO Y TALLA,78,
PUJOL,2023-02-01,2,2023,4,ENFERMERIA,CURACIONES,20,
PUJOL,2023-02-01,2,2023,4,ENFERMERIA,INYECTABLES,20,
PUJOL,2023-02-01,2,2023,4,ENFERMERIA,INMUNIZACIONES,23,
DR. JOSE DE LOS REYES VIDAL,2023-02-01,2,2023,4,ENFERMERIA,CONTROL TENSION ARTERIAL,293,
DR. JOSE DE LOS REYES VIDAL,2023-02-01,2,2023,4,ENFERMERIA,GLUCEMIA,159,
DR. JOSE DE LOS REYES VIDAL,2023-02-01,2,2023,4,ENFERMERIA,PESO Y TALLA,400,
DR. JOSE DE LOS REYES VIDAL,2023-02-01,2,2023,4,ENFERMERIA,CURACIONES,40,
DR. JOSE DE LOS REYES VIDAL,2023-02-01,2,2023,4,ENFERMERIA,INYECTABLES,300,
DR. JOSE DE LOS REYES VIDAL,2023-02-01,2,2023,4,ENFERMERIA,INMUNIZACIONES,122,
QUINTA FERRE,2023-02-01,2,2023,4,ENFERMERIA,CONTROL TENSION ARTERIAL,185,
QUINTA FERRE,2023-02-01,2,2023,4,ENFERMERIA,TEMPERATURA,5,
QUINTA FERRE,2023-02-01,2,2023,4,ENFERMERIA,GLUCEMIA,50,
QUINTA FERRE,2023-02-01,2,2023,4,ENFERMERIA,PESO Y TALLA,400,
QUINTA FERRE,2023-02-01,2,2023,4,ENFERMERIA,CURACIONES,45,
QUINTA FERRE,2023-02-01,2,2023,4,ENFERMERIA,INYECTABLES,76,
QUINTA FERRE,2023-02-01,2,2023,4,ENFERMERIA,INMUNIZACIONES,151,
Dr. SANTIAGO LORENZO,2023-02-01,2,2023,4,ENFERMERIA,CONTROL TENSION ARTERIAL,52,
Dr. SANTIAGO LORENZO,2023-02-01,2,2023,4,ENFERMERIA,TEMPERATURA,1,
Dr. SANTIAGO LORENZO,2023-02-01,2,2023,4,ENFERMERIA,GLUCEMIA,33,
Dr. SANTIAGO LORENZO,2023-02-01,2,2023,4,ENFERMERIA,NEBULIZACIONES,2,
Dr. SANTIAGO LORENZO,2023-02-01,2,2023,4,ENFERMERIA,PESO Y TALLA,261,
Dr. SANTIAGO LORENZO,2023-02-01,2,2023,4,ENFERMERIA,CURACIONES,11,
Dr. SANTIAGO LORENZO,2023-02-01,2,2023,4,ENFERMERIA,INYECTABLES,30,
Dr. SANTIAGO LORENZO,2023-02-01,2,2023,4,ENFERMERIA,INMUNIZACIONES,182,
Dr. SANTIAGO LORENZO,2023-02-01,2,2023,4,ENFERMERIA,IMPLANTE SUBDERMICO,5,
DR. KORIMBLUM,2023-02-01,2,2023,4,ENFERMERIA,CONTROL TENSION ARTERIAL,89,
DR. KORIMBLUM,2023-02-01,2,2023,4,ENFERMERIA,GLUCEMIA,10,
DR. KORIMBLUM,2023-02-01,2,2023,4,ENFERMERIA,PESO Y TALLA,142,
DR. KORIMBLUM,2023-02-01,2,2023,4,ENFERMERIA,CURACIONES,6,
DR. KORIMBLUM,2023-02-01,2,2023,4,ENFERMERIA,INYECTABLES,20,
DR. KORIMBLUM,2023-02-01,2,2023,4,ENFERMERIA,INMUNIZACIONES,46,
DR. KORIMBLUM,2023-02-01,2,2023,4,ENFERMERIA,PAP,2,
DR. KORIMBLUM,2023-02-01,2,2023,4,ENFERMERIA,IMPLANTE SUBDERMICO,1,
DR. KORIMBLUM,2023-02-01,2,2023,4,ENFERMERIA,EXTRACCION IMPLANTE,2,
SANTA MARGARITA,2023-02-01,2,2023,4,ENFERMERIA,CONTROL TENSION ARTERIAL,155,
SANTA MARGARITA,2023-02-01,2,2023,4,ENFERMERIA,TEMPERATURA,20,
SANTA MARGARITA,2023-02-01,2,2023,4,ENFERMERIA,GLUCEMIA,10,
SANTA MARGARITA,2023-02-01,2,2023,4,ENFERMERIA,PESO Y TALLA,250,
SANTA MARGARITA,2023-02-01,2,2023,4,ENFERMERIA,CURACIONES,5,
SANTA MARGARITA,2023-02-01,2,2023,4,ENFERMERIA,INYECTABLES,40,
DR MANUEL A. GONZALEZ,2023-02-01,2,2023,4,ENFERMERIA,CONTROL TENSION ARTERIAL,140,
DR MANUEL A. GONZALEZ,2023-02-01,2,2023,4,ENFERMERIA,TEMPERATURA,28,
DR MANUEL A. GONZALEZ,2023-02-01,2,2023,4,ENFERMERIA,GLUCEMIA,20,
DR MANUEL A. GONZALEZ,2023-02-01,2,2023,4,ENFERMERIA,NEBULIZACIONES,3,
DR MANUEL A. GONZALEZ,2023-02-01,2,2023,4,ENFERMERIA,PESO Y TALLA,358,
DR MANUEL A. GONZALEZ,2023-02-01,2,2023,4,ENFERMERIA,CURACIONES,10,
DR MANUEL A. GONZALEZ,2023-02-01,2,2023,4,ENFERMERIA,INYECTABLES,193,
DR MANUEL A. GONZALEZ,2023-02-01,2,2023,4,ENFERMERIA,INMUNIZACIONES,76,
DR MANUEL A. GONZALEZ,2023-02-01,2,2023,4,ENFERMERIA,PAP,2,
DR MANUEL A. GONZALEZ,2023-02-01,2,2023,4,ENFERMERIA,TEST HPV,7,
SAPUCAY,2023-02-01,2,2023,4,ENFERMERIA,CONTROL TENSION ARTERIAL,200,
SAPUCAY,2023-02-01,2,2023,4,ENFERMERIA,TEMPERATURA,40,
SAPUCAY,2023-02-01,2,2023,4,ENFERMERIA,GLUCEMIA,50,
SAPUCAY,2023-02-01,2,2023,4,ENFERMERIA,NEBULIZACIONES,45,
SAPUCAY,2023-02-01,2,2023,4,ENFERMERIA,PESO Y TALLA,180,
SAPUCAY,2023-02-01,2,2023,4,ENFERMERIA,CURACIONES,40,
SAPUCAY,2023-02-01,2,2023,4,ENFERMERIA,INYECTABLES,30,
SAPUCAY,2023-02-01,2,2023,4,ENFERMERIA,INMUNIZACIONES,45,
DR. CHERCOFF,2023-02-01,2,2023,4,ENFERMERIA,CONTROL TENSION ARTERIAL,184,
DR. CHERCOFF,2023-02-01,2,2023,4,ENFERMERIA,TEMPERATURA,70,
DR. CHERCOFF,2023-02-01,2,2023,4,ENFERMERIA,GLUCEMIA,5,
DR. CHERCOFF,2023-02-01,2,2023,4,ENFERMERIA,PESO Y TALLA,160,
DR. CHERCOFF,2023-02-01,2,2023,4,ENFERMERIA,CURACIONES,40,
DR. CHERCOFF,2023-02-01,2,2023,4,ENFERMERIA,INYECTABLES,36,
DR. CHERCOFF,2023-02-01,2,2023,4,ENFERMERIA,INMUNIZACIONES,14,
PASO MARTINEZ,2023-02-01,2,2023,4,ENFERMERIA,CONTROL TENSION ARTERIAL,11,
PASO MARTINEZ,2023-02-01,2,2023,4,ENFERMERIA,PESO Y TALLA,14,
PASO MARTINEZ,2023-02-01,2,2023,4,ENFERMERIA,INYECTABLES,4,
DR. PEDRO BLUGERMAN,2023-02-01,2,2023,4,ENFERMERIA,CONTROL TENSION ARTERIAL,58,
DR. PEDRO BLUGERMAN,2023-02-01,2,2023,4,ENFERMERIA,TEMPERATURA,42,
DR. PEDRO BLUGERMAN,2023-02-01,2,2023,4,ENFERMERIA,GLUCEMIA,10,
DR. PEDRO BLUGERMAN,2023-02-01,2,2023,4,ENFERMERIA,PESO Y TALLA,205,
DR. PEDRO BLUGERMAN,2023-02-01,2,2023,4,ENFERMERIA,CURACIONES,21,
DR. PEDRO BLUGERMAN,2023-02-01,2,2023,4,ENFERMERIA,INYECTABLES,54,
DR. PEDRO BLUGERMAN,2023-02-01,2,2023,4,ENFERMERIA,INMUNIZACIONES,49,
DR. PEDRO BLUGERMAN,2023-02-01,2,2023,4,ENFERMERIA,ECOGRAFIAS,25,
DR. PEDRO BLUGERMAN,2023-02-01,2,2023,4,ENFERMERIA,IMPLANTE SUBDERMICO,5,
Dr. CALMANASH,2023-02-01,2,2023,4,ENFERMERIA,CONTROL TENSION ARTERIAL,56,
Dr. CALMANASH,2023-02-01,2,2023,4,ENFERMERIA,TEMPERATURA,15,
Dr. CALMANASH,2023-02-01,2,2023,4,ENFERMERIA,NEBULIZACIONES,30,
Dr. CALMANASH,2023-02-01,2,2023,4,ENFERMERIA,PESO Y TALLA,280,
Dr. CALMANASH,2023-02-01,2,2023,4,ENFERMERIA,CURACIONES,30,
Dr. CALMANASH,2023-02-01,2,2023,4,ENFERMERIA,INYECTABLES,60,
Dr. CALMANASH,2023-02-01,2,2023,4,ENFERMERIA,INMUNIZACIONES,64,
Dr. CALMANASH,2023-02-01,2,2023,4,ENFERMERIA,PAP,10,
Dr. CALMANASH,2023-02-01,2,2023,4,ENFERMERIA,IMPLANTE SUBDERMICO,4,
Dr. CALMANASH,2023-02-01,2,2023,4,ENFERMERIA,TEST HPV,5,
SANTA MARTA,2023-02-01,2,2023,4,ENFERMERIA,CONTROL TENSION ARTERIAL,102,
SANTA MARTA,2023-02-01,2,2023,4,ENFERMERIA,TEMPERATURA,10,
SANTA MARTA,2023-02-01,2,2023,4,ENFERMERIA,GLUCEMIA,10,
SANTA MARTA,2023-02-01,2,2023,4,ENFERMERIA,NEBULIZACIONES,4,
SANTA MARTA,2023-02-01,2,2023,4,ENFERMERIA,PESO Y TALLA,312,
SANTA MARTA,2023-02-01,2,2023,4,ENFERMERIA,CURACIONES,19,
SANTA MARTA,2023-02-01,2,2023,4,ENFERMERIA,INYECTABLES,21,
SANTA MARTA,2023-02-01,2,2023,4,ENFERMERIA,INMUNIZACIONES,125,
VILLA GARCIA,2023-02-01,2,2023,4,ENFERMERIA,CONTROL TENSION ARTERIAL,76,
VILLA GARCIA,2023-02-01,2,2023,4,ENFERMERIA,TEMPERATURA,46,
VILLA GARCIA,2023-02-01,2,2023,4,ENFERMERIA,GLUCEMIA,10,
VILLA GARCIA,2023-02-01,2,2023,4,ENFERMERIA,PESO Y TALLA,118,
VILLA GARCIA,2023-02-01,2,2023,4,ENFERMERIA,CURACIONES,10,
VILLA GARCIA,2023-02-01,2,2023,4,ENFERMERIA,INYECTABLES,17,
VILLA GARCIA,2023-02-01,2,2023,4,ENFERMERIA,INMUNIZACIONES,128,
GÜEMES,2023-02-01,2,2023,4,ENFERMERIA,CONTROL TENSION ARTERIAL,231,
GÜEMES,2023-02-01,2,2023,4,ENFERMERIA,TEMPERATURA,306,
GÜEMES,2023-02-01,2,2023,4,ENFERMERIA,GLUCEMIA,10,
GÜEMES,2023-02-01,2,2023,4,ENFERMERIA,NEBULIZACIONES,10,
GÜEMES,2023-02-01,2,2023,4,ENFERMERIA,PESO Y TALLA,377,
GÜEMES,2023-02-01,2,2023,4,ENFERMERIA,CURACIONES,36,
GÜEMES,2023-02-01,2,2023,4,ENFERMERIA,INYECTABLES,30,
GÜEMES,2023-02-01,2,2023,4,ENFERMERIA,INMUNIZACIONES,123,
GÜEMES,2023-02-01,2,2023,4,ENFERMERIA,PAP,1,
GÜEMES,2023-02-01,2,2023,4,ENFERMERIA,TEST HPV,1,
RIO PARANA,2023-02-01,2,2023,4,ENFERMERIA,CONTROL TENSION ARTERIAL,280,
RIO PARANA,2023-02-01,2,2023,4,ENFERMERIA,TEMPERATURA,69,
RIO PARANA,2023-02-01,2,2023,4,ENFERMERIA,GLUCEMIA,20,
RIO PARANA,2023-02-01,2,2023,4,ENFERMERIA,NEBULIZACIONES,5,
RIO PARANA,2023-02-01,2,2023,4,ENFERMERIA,PESO Y TALLA,210,
RIO PARANA,2023-02-01,2,2023,4,ENFERMERIA,CURACIONES,85,
RIO PARANA,2023-02-01,2,2023,4,ENFERMERIA,INYECTABLES,78,
RIO PARANA,2023-02-01,2,2023,4,ENFERMERIA,INMUNIZACIONES,141,
DR. ALBERTO LIFSCHITZ,2023-01-01,1,2023,4,ENFERMERIA,CONTROL TENSION ARTERIAL,120,
DR. ALBERTO LIFSCHITZ,2023-01-01,1,2023,4,ENFERMERIA,TEMPERATURA,2,
DR. ALBERTO LIFSCHITZ,2023-01-01,1,2023,4,ENFERMERIA,PESO Y TALLA,300,
DR. ALBERTO LIFSCHITZ,2023-01-01,1,2023,4,ENFERMERIA,CURACIONES,23,
DR. ALBERTO LIFSCHITZ,2023-01-01,1,2023,4,ENFERMERIA,INYECTABLES,40,
DR. ALBERTO LIFSCHITZ,2023-01-01,1,2023,4,ENFERMERIA,INMUNIZACIONES,102,
DR. ALBERTO LIFSCHITZ,2023-02-01,2,2023,4,ENFERMERIA,CONTROL TENSION ARTERIAL,193,
DR. ALBERTO LIFSCHITZ,2023-02-01,2,2023,4,ENFERMERIA,TEMPERATURA,2,
DR. ALBERTO LIFSCHITZ,2023-02-01,2,2023,4,ENFERMERIA,PESO Y TALLA,168,
DR. ALBERTO LIFSCHITZ,2023-02-01,2,2023,4,ENFERMERIA,CURACIONES,17,
DR. ALBERTO LIFSCHITZ,2023-02-01,2,2023,4,ENFERMERIA,INYECTABLES,38,
DR. ALBERTO LIFSCHITZ,2023-02-01,2,2023,4,ENFERMERIA,INMUNIZACIONES,103,
GDOR. ELIAS GALVAN,2023-02-01,2,2023,4,ENFERMERIA,CONTROL TENSION ARTERIAL,173,
GDOR. ELIAS GALVAN,2023-02-01,2,2023,4,ENFERMERIA,TEMPERATURA,32,
GDOR. ELIAS GALVAN,2023-02-01,2,2023,4,ENFERMERIA,GLUCEMIA,16,
GDOR. ELIAS GALVAN,2023-02-01,2,2023,4,ENFERMERIA,PESO Y TALLA,205,
GDOR. ELIAS GALVAN,2023-02-01,2,2023,4,ENFERMERIA,CURACIONES,13,
GDOR. ELIAS GALVAN,2023-02-01,2,2023,4,ENFERMERIA,INYECTABLES,21,
GDOR. ELIAS GALVAN,2023-02-01,2,2023,4,ENFERMERIA,INMUNIZACIONES,29,
DR. SUSSINI,2023-02-01,2,2023,4,ENFERMERIA,CONTROL TENSION ARTERIAL,290,
DR. SUSSINI,2023-02-01,2,2023,4,ENFERMERIA,TEMPERATURA,23,
DR. SUSSINI,2023-02-01,2,2023,4,ENFERMERIA,GLUCEMIA,10,
DR. SUSSINI,2023-02-01,2,2023,4,ENFERMERIA,PESO Y TALLA,390,
DR. SUSSINI,2023-02-01,2,2023,4,ENFERMERIA,CURACIONES,21,
DR. SUSSINI,2023-02-01,2,2023,4,ENFERMERIA,INYECTABLES,120,
DR. SUSSINI,2023-02-01,2,2023,4,ENFERMERIA,INMUNIZACIONES,187,
DR. ROSSI CANDIA,2023-02-01,2,2023,4,ENFERMERIA,CONTROL TENSION ARTERIAL,208,
DR. ROSSI CANDIA,2023-02-01,2,2023,4,ENFERMERIA,TEMPERATURA,4,
DR. ROSSI CANDIA,2023-02-01,2,2023,4,ENFERMERIA,GLUCEMIA,6,
DR. ROSSI CANDIA,2023-02-01,2,2023,4,ENFERMERIA,NEBULIZACIONES,1,
DR. ROSSI CANDIA,2023-02-01,2,2023,4,ENFERMERIA,PESO Y TALLA,273,
DR. ROSSI CANDIA,2023-02-01,2,2023,4,ENFERMERIA,CURACIONES,29,
DR. ROSSI CANDIA,2023-02-01,2,2023,4,ENFERMERIA,INYECTABLES,61,
DR. ROSSI CANDIA,2023-02-01,2,2023,4,ENFERMERIA,INMUNIZACIONES,181,
DR. ROSSI CANDIA,2023-02-01,2,2023,4,ENFERMERIA,PAP,2,
DR. ROSSI CANDIA,2023-02-01,2,2023,4,ENFERMERIA,TEST HPV,2,
DR. ROSSI CANDIA,2023-02-01,2,2023,4,ENFERMERIA,IMPLANTE SUBDERMICO,8,
SAN MARCOS,2023-02-01,2,2023,4,ENFERMERIA,CONTROL TENSION ARTERIAL,74,
SAN MARCOS,2023-02-01,2,2023,4,ENFERMERIA,TEMPERATURA,3,
SAN MARCOS,2023-02-01,2,2023,4,ENFERMERIA,GLUCEMIA,3,
SAN MARCOS,2023-02-01,2,2023,4,ENFERMERIA,NEBULIZACIONES,3,
SAN MARCOS,2023-02-01,2,2023,4,ENFERMERIA,PESO Y TALLA,280,
SAN MARCOS,2023-02-01,2,2023,4,ENFERMERIA,CURACIONES,5,
SAN MARCOS,2023-02-01,2,2023,4,ENFERMERIA,INYECTABLES,20,
SAN MARCOS,2023-02-01,2,2023,4,ENFERMERIA,INMUNIZACIONES,70,
DR. PIRCHI,2023-02-01,2,2023,4,ENFERMERIA,CONTROL TENSION ARTERIAL,375,
DR. PIRCHI,2023-02-01,2,2023,4,ENFERMERIA,TEMPERATURA,38,
DR. PIRCHI,2023-02-01,2,2023,4,ENFERMERIA,GLUCEMIA,30,
DR. PIRCHI,2023-02-01,2,2023,4,ENFERMERIA,NEBULIZACIONES,43,
DR. PIRCHI,2023-02-01,2,2023,4,ENFERMERIA,PESO Y TALLA,285,
DR. PIRCHI,2023-02-01,2,2023,4,ENFERMERIA,CURACIONES,29,
DR. PIRCHI,2023-02-01,2,2023,4,ENFERMERIA,INYECTABLES,35,
DR. PIRCHI,2023-02-01,2,2023,4,ENFERMERIA,INMUNIZACIONES,79,
CICHERO,2023-01-01,1,2023,4,ENFERMERIA,CONTROL TENSION ARTERIAL,125,
CICHERO,2023-01-01,1,2023,4,ENFERMERIA,TEMPERATURA,9,
CICHERO,2023-01-01,1,2023,4,ENFERMERIA,GLUCEMIA,38,
CICHERO,2023-01-01,1,2023,4,ENFERMERIA,PESO Y TALLA,148,
CICHERO,2023-01-01,1,2023,4,ENFERMERIA,CURACIONES,23,
CICHERO,2023-01-01,1,2023,4,ENFERMERIA,INYECTABLES,84,
CICHERO,2023-01-01,1,2023,4,ENFERMERIA,INMUNIZACIONES,119,
DR. FLIER,2023-02-01,2,2023,4,ENFERMERIA,CONTROL TENSION ARTERIAL,121,
DR. FLIER,2023-02-01,2,2023,4,ENFERMERIA,TEMPERATURA,97,
DR. FLIER,2023-02-01,2,2023,4,ENFERMERIA,NEBULIZACIONES,63,
DR. FLIER,2023-02-01,2,2023,4,ENFERMERIA,PESO Y TALLA,132,
DR. FLIER,2023-02-01,2,2023,4,ENFERMERIA,CURACIONES,75,
DR. FLIER,2023-02-01,2,2023,4,ENFERMERIA,INYECTABLES,98,
DR. FLIER,2023-02-01,2,2023,4,ENFERMERIA,INMUNIZACIONES,586,
DR. MAURICIO OPEN,2023-02-01,2,2023,4,ENFERMERIA,CONTROL TENSION ARTERIAL,42,
DR. MAURICIO OPEN,2023-02-01,2,2023,4,ENFERMERIA,TEMPERATURA,2,
DR. MAURICIO OPEN,2023-02-01,2,2023,4,ENFERMERIA,GLUCEMIA,4,
DR. MAURICIO OPEN,2023-02-01,2,2023,4,ENFERMERIA,PESO Y TALLA,25,
DR. MAURICIO OPEN,2023-02-01,2,2023,4,ENFERMERIA,CURACIONES,14,
DR. MAURICIO OPEN,2023-02-01,2,2023,4,ENFERMERIA,INYECTABLES,18,
DR. MAURICIO OPEN,2023-02-01,2,2023,4,ENFERMERIA,INMUNIZACIONES,23,
DR. MAURICIO OPEN,2023-02-01,2,2023,4,ENFERMERIA,PAP,4,
DR. MAURICIO OPEN,2023-02-01,2,2023,4,ENFERMERIA,TEST HPV,10,
MARCELINO VERA,2023-03-01,3,2023,4,ENFERMERIA,CONTROL TENSION ARTERIAL,130,
MARCELINO VERA,2023-03-01,3,2023,4,ENFERMERIA,TEMPERATURA,30,
MARCELINO VERA,2023-03-01,3,2023,4,ENFERMERIA,GLUCEMIA,10,
MARCELINO VERA,2023-03-01,3,2023,4,ENFERMERIA,NEBULIZACIONES,10,
MARCELINO VERA,2023-03-01,3,2023,4,ENFERMERIA,PESO Y TALLA,130,
MARCELINO VERA,2023-03-01,3,2023,4,ENFERMERIA,CURACIONES,10,
MARCELINO VERA,2023-03-01,3,2023,4,ENFERMERIA,INYECTABLES,35,
MARCELINO VERA,2023-03-01,3,2023,4,ENFERMERIA,INMUNIZACIONES,65,
VILLA CHIQUITA,2023-03-01,3,2023,4,ENFERMERIA,CONTROL TENSION ARTERIAL,121,
VILLA CHIQUITA,2023-03-01,3,2023,4,ENFERMERIA,TEMPERATURA,7,
VILLA CHIQUITA,2023-03-01,3,2023,4,ENFERMERIA,GLUCEMIA,5,
VILLA CHIQUITA,2023-03-01,3,2023,4,ENFERMERIA,NEBULIZACIONES,2,
VILLA CHIQUITA,2023-03-01,3,2023,4,ENFERMERIA,PESO Y TALLA,124,
VILLA CHIQUITA,2023-03-01,3,2023,4,ENFERMERIA,CURACIONES,7,
VILLA CHIQUITA,2023-03-01,3,2023,4,ENFERMERIA,INYECTABLES,23,
DR. PEDRO BLUGERMAN,2023-03-01,3,2023,4,ENFERMERIA,CONTROL TENSION ARTERIAL,69,
DR. PEDRO BLUGERMAN,2023-03-01,3,2023,4,ENFERMERIA,TEMPERATURA,42,
DR. PEDRO BLUGERMAN,2023-03-01,3,2023,4,ENFERMERIA,GLUCEMIA,9,
DR. PEDRO BLUGERMAN,2023-03-01,3,2023,4,ENFERMERIA,NEBULIZACIONES,3,
DR. PEDRO BLUGERMAN,2023-03-01,3,2023,4,ENFERMERIA,PESO Y TALLA,725,
DR. PEDRO BLUGERMAN,2023-03-01,3,2023,4,ENFERMERIA,CURACIONES,23,
DR. PEDRO BLUGERMAN,2023-03-01,3,2023,4,ENFERMERIA,INYECTABLES,172,
DR. PEDRO BLUGERMAN,2023-03-01,3,2023,4,ENFERMERIA,INMUNIZACIONES,100,
DR. PEDRO BLUGERMAN,2023-03-01,3,2023,4,ENFERMERIA,PAP,3,
DR. PEDRO BLUGERMAN,2023-03-01,3,2023,4,ENFERMERIA,IMPLANTE SUBDERMICO,3,
DR. PEDRO BLUGERMAN,2023-03-01,3,2023,4,ENFERMERIA,TEST HPV,2,
CICHERO,2023-03-01,3,2023,4,ENFERMERIA,CONTROL TENSION ARTERIAL,238,
CICHERO,2023-03-01,3,2023,4,ENFERMERIA,TEMPERATURA,11,
CICHERO,2023-03-01,3,2023,4,ENFERMERIA,GLUCEMIA,40,
CICHERO,2023-03-01,3,2023,4,ENFERMERIA,PESO Y TALLA,397,
CICHERO,2023-03-01,3,2023,4,ENFERMERIA,CURACIONES,32,
CICHERO,2023-03-01,3,2023,4,ENFERMERIA,SUTURAS,5,
CICHERO,2023-03-01,3,2023,4,ENFERMERIA,INYECTABLES,102,
CICHERO,2023-03-01,3,2023,4,ENFERMERIA,INMUNIZACIONES,273,
ESPERANZA,2023-03-01,3,2023,4,ENFERMERIA,CONTROL TENSION ARTERIAL,297,
ESPERANZA,2023-03-01,3,2023,4,ENFERMERIA,TEMPERATURA,38,
ESPERANZA,2023-03-01,3,2023,4,ENFERMERIA,GLUCEMIA,15,
ESPERANZA,2023-03-01,3,2023,4,ENFERMERIA,NEBULIZACIONES,8,
ESPERANZA,2023-03-01,3,2023,4,ENFERMERIA,PESO Y TALLA,793,
ESPERANZA,2023-03-01,3,2023,4,ENFERMERIA,CURACIONES,27,
ESPERANZA,2023-03-01,3,2023,4,ENFERMERIA,INYECTABLES,46,
ESPERANZA,2023-03-01,3,2023,4,ENFERMERIA,INMUNIZACIONES,229,
ESPERANZA,2023-03-01,3,2023,4,ENFERMERIA,PAP,7,
ESPERANZA,2023-03-01,3,2023,4,ENFERMERIA,IMPLANTE SUBDERMICO,5,
ESPERANZA,2023-03-01,3,2023,4,ENFERMERIA,TEST HPV,5,
DR. MANUEL CASSUSO,2023-03-01,3,2023,4,ENFERMERIA,CONTROL TENSION ARTERIAL,455,
DR. MANUEL CASSUSO,2023-03-01,3,2023,4,ENFERMERIA,TEMPERATURA,10,
DR. MANUEL CASSUSO,2023-03-01,3,2023,4,ENFERMERIA,GLUCEMIA,1,
DR. MANUEL CASSUSO,2023-03-01,3,2023,4,ENFERMERIA,PESO Y TALLA,1428,
DR. MANUEL CASSUSO,2023-03-01,3,2023,4,ENFERMERIA,CURACIONES,36,
DR. MANUEL CASSUSO,2023-03-01,3,2023,4,ENFERMERIA,INYECTABLES,57,
DR. MANUEL CASSUSO,2023-03-01,3,2023,4,ENFERMERIA,INMUNIZACIONES,342,
DR. MANUEL CASSUSO,2023-03-01,3,2023,4,ENFERMERIA,DIU,1,
GDOR. ELIAS GALVAN,2023-03-01,3,2023,4,ENFERMERIA,CONTROL TENSION ARTERIAL,270,
GDOR. ELIAS GALVAN,2023-03-01,3,2023,4,ENFERMERIA,TEMPERATURA,20,
GDOR. ELIAS GALVAN,2023-03-01,3,2023,4,ENFERMERIA,GLUCEMIA,19,
GDOR. ELIAS GALVAN,2023-03-01,3,2023,4,ENFERMERIA,PESO Y TALLA,390,
GDOR. ELIAS GALVAN,2023-03-01,3,2023,4,ENFERMERIA,CURACIONES,70,
GDOR. ELIAS GALVAN,2023-03-01,3,2023,4,ENFERMERIA,INYECTABLES,32,
GDOR. ELIAS GALVAN,2023-03-01,3,2023,4,ENFERMERIA,INMUNIZACIONES,105,
GÜEMES,2023-03-01,3,2023,4,ENFERMERIA,CONTROL TENSION ARTERIAL,293,
GÜEMES,2023-03-01,3,2023,4,ENFERMERIA,TEMPERATURA,32,
GÜEMES,2023-03-01,3,2023,4,ENFERMERIA,GLUCEMIA,6,
GÜEMES,2023-03-01,3,2023,4,ENFERMERIA,PESO Y TALLA,462,
GÜEMES,2023-03-01,3,2023,4,ENFERMERIA,CURACIONES,26,
GÜEMES,2023-03-01,3,2023,4,ENFERMERIA,SUTURAS,3,
GÜEMES,2023-03-01,3,2023,4,ENFERMERIA,INYECTABLES,63,
GÜEMES,2023-03-01,3,2023,4,ENFERMERIA,INMUNIZACIONES,153,
GÜEMES,2023-03-01,3,2023,4,ENFERMERIA,PAP,8,
GÜEMES,2023-03-01,3,2023,4,ENFERMERIA,ECOGRAFIAS,13,
GÜEMES,2023-03-01,3,2023,4,ENFERMERIA,IMPLANTE SUBDERMICO,5,
GÜEMES,2023-03-01,3,2023,4,ENFERMERIA,TEST HPV,8,
PUJOL,2023-03-01,3,2023,4,ENFERMERIA,CONTROL TENSION ARTERIAL,125,
PUJOL,2023-03-01,3,2023,4,ENFERMERIA,TEMPERATURA,33,
PUJOL,2023-03-01,3,2023,4,ENFERMERIA,GLUCEMIA,13,
PUJOL,2023-03-01,3,2023,4,ENFERMERIA,NEBULIZACIONES,14,
PUJOL,2023-03-01,3,2023,4,ENFERMERIA,PESO Y TALLA,399,
PUJOL,2023-03-01,3,2023,4,ENFERMERIA,CURACIONES,11,
PUJOL,2023-03-01,3,2023,4,ENFERMERIA,INYECTABLES,50,
PUJOL,2023-03-01,3,2023,4,ENFERMERIA,INMUNIZACIONES,90,
SANTA MARGARITA,2023-03-01,3,2023,4,ENFERMERIA,CONTROL TENSION ARTERIAL,350,
SANTA MARGARITA,2023-03-01,3,2023,4,ENFERMERIA,TEMPERATURA,25,
SANTA MARGARITA,2023-03-01,3,2023,4,ENFERMERIA,GLUCEMIA,10,
SANTA MARGARITA,2023-03-01,3,2023,4,ENFERMERIA,PESO Y TALLA,220,
SANTA MARGARITA,2023-03-01,3,2023,4,ENFERMERIA,CURACIONES,15,
SANTA MARGARITA,2023-03-01,3,2023,4,ENFERMERIA,INYECTABLES,50,
ITATI,2023-03-01,3,2023,4,ENFERMERIA,CONTROL TENSION ARTERIAL,620,
ITATI,2023-03-01,3,2023,4,ENFERMERIA,TEMPERATURA,55,
ITATI,2023-03-01,3,2023,4,ENFERMERIA,GLUCEMIA,20,
ITATI,2023-03-01,3,2023,4,ENFERMERIA,NEBULIZACIONES,30,
ITATI,2023-03-01,3,2023,4,ENFERMERIA,PESO Y TALLA,640,
ITATI,2023-03-01,3,2023,4,ENFERMERIA,CURACIONES,20,
ITATI,2023-03-01,3,2023,4,ENFERMERIA,SUTURAS,15,
ITATI,2023-03-01,3,2023,4,ENFERMERIA,INYECTABLES,80,
ITATI,2023-03-01,3,2023,4,ENFERMERIA,INMUNIZACIONES,148,
ITATI,2023-03-01,3,2023,4,ENFERMERIA,PAP,3,
ITATI,2023-03-01,3,2023,4,ENFERMERIA,IMPLANTE SUBDERMICO,5,
ITATI,2023-03-01,3,2023,4,ENFERMERIA,TEST HPV,3,
PASO MARTINEZ,2023-03-01,3,2023,4,ENFERMERIA,CONTROL TENSION ARTERIAL,5,
PASO MARTINEZ,2023-03-01,3,2023,4,ENFERMERIA,PESO Y TALLA,35,
PASO MARTINEZ,2023-03-01,3,2023,4,ENFERMERIA,INYECTABLES,4,
DR MANUEL A. GONZALEZ,2023-03-01,3,2023,4,ENFERMERIA,CONTROL TENSION ARTERIAL,403,
DR MANUEL A. GONZALEZ,2023-03-01,3,2023,4,ENFERMERIA,TEMPERATURA,35,
DR MANUEL A. GONZALEZ,2023-03-01,3,2023,4,ENFERMERIA,GLUCEMIA,19,
DR MANUEL A. GONZALEZ,2023-03-01,3,2023,4,ENFERMERIA,NEBULIZACIONES,20,
DR MANUEL A. GONZALEZ,2023-03-01,3,2023,4,ENFERMERIA,PESO Y TALLA,680,
DR MANUEL A. GONZALEZ,2023-03-01,3,2023,4,ENFERMERIA,CURACIONES,30,
DR MANUEL A. GONZALEZ,2023-03-01,3,2023,4,ENFERMERIA,INYECTABLES,60,
DR MANUEL A. GONZALEZ,2023-03-01,3,2023,4,ENFERMERIA,INMUNIZACIONES,153,
DR. JOSE DE LOS REYES VIDAL,2023-03-01,3,2023,4,ENFERMERIA,CONTROL TENSION ARTERIAL,300,
DR. JOSE DE LOS REYES VIDAL,2023-03-01,3,2023,4,ENFERMERIA,TEMPERATURA,10,
DR. JOSE DE LOS REYES VIDAL,2023-03-01,3,2023,4,ENFERMERIA,GLUCEMIA,250,
DR. JOSE DE LOS REYES VIDAL,2023-03-01,3,2023,4,ENFERMERIA,PESO Y TALLA,286,
DR. JOSE DE LOS REYES VIDAL,2023-03-01,3,2023,4,ENFERMERIA,CURACIONES,20,
DR. JOSE DE LOS REYES VIDAL,2023-03-01,3,2023,4,ENFERMERIA,INYECTABLES,280,
DR. JOSE DE LOS REYES VIDAL,2023-03-01,3,2023,4,ENFERMERIA,INMUNIZACIONES,249,
VILLA GARCIA,2023-03-01,3,2023,4,ENFERMERIA,CONTROL TENSION ARTERIAL,119,
VILLA GARCIA,2023-03-01,3,2023,4,ENFERMERIA,TEMPERATURA,36,
VILLA GARCIA,2023-03-01,3,2023,4,ENFERMERIA,GLUCEMIA,12,
VILLA GARCIA,2023-03-01,3,2023,4,ENFERMERIA,PESO Y TALLA,175,
VILLA GARCIA,2023-03-01,3,2023,4,ENFERMERIA,CURACIONES,15,
VILLA GARCIA,2023-03-01,3,2023,4,ENFERMERIA,INYECTABLES,15,
VILLA GARCIA,2023-03-01,3,2023,4,ENFERMERIA,INMUNIZACIONES,156,
Dr. SANTIAGO LORENZO,2023-03-01,3,2023,4,ENFERMERIA,CONTROL TENSION ARTERIAL,246,
Dr. SANTIAGO LORENZO,2023-03-01,3,2023,4,ENFERMERIA,TEMPERATURA,5,
Dr. SANTIAGO LORENZO,2023-03-01,3,2023,4,ENFERMERIA,GLUCEMIA,18,
Dr. SANTIAGO LORENZO,2023-03-01,3,2023,4,ENFERMERIA,NEBULIZACIONES,7,
Dr. SANTIAGO LORENZO,2023-03-01,3,2023,4,ENFERMERIA,PESO Y TALLA,309,
Dr. SANTIAGO LORENZO,2023-03-01,3,2023,4,ENFERMERIA,CURACIONES,6,
Dr. SANTIAGO LORENZO,2023-03-01,3,2023,4,ENFERMERIA,INYECTABLES,46,
Dr. SANTIAGO LORENZO,2023-03-01,3,2023,4,ENFERMERIA,INMUNIZACIONES,167,
Dr. SANTIAGO LORENZO,2023-03-01,3,2023,4,ENFERMERIA,PAP,3,
DR. SUSSINI,2023-03-01,3,2023,4,ENFERMERIA,CONTROL TENSION ARTERIAL,372,
DR. SUSSINI,2023-03-01,3,2023,4,ENFERMERIA,TEMPERATURA,8,
DR. SUSSINI,2023-03-01,3,2023,4,ENFERMERIA,GLUCEMIA,10,
DR. SUSSINI,2023-03-01,3,2023,4,ENFERMERIA,PESO Y TALLA,482,
DR. SUSSINI,2023-03-01,3,2023,4,ENFERMERIA,CURACIONES,9,
DR. SUSSINI,2023-03-01,3,2023,4,ENFERMERIA,SUTURAS,2,
DR. SUSSINI,2023-03-01,3,2023,4,ENFERMERIA,INYECTABLES,280,
DR. SUSSINI,2023-03-01,3,2023,4,ENFERMERIA,INMUNIZACIONES,550,
QUINTA FERRE,2023-03-01,3,2023,4,ENFERMERIA,CONTROL TENSION ARTERIAL,375,
QUINTA FERRE,2023-03-01,3,2023,4,ENFERMERIA,TEMPERATURA,7,
QUINTA FERRE,2023-03-01,3,2023,4,ENFERMERIA,GLUCEMIA,32,
QUINTA FERRE,2023-03-01,3,2023,4,ENFERMERIA,NEBULIZACIONES,4,
QUINTA FERRE,2023-03-01,3,2023,4,ENFERMERIA,PESO Y TALLA,664,
QUINTA FERRE,2023-03-01,3,2023,4,ENFERMERIA,CURACIONES,30,
QUINTA FERRE,2023-03-01,3,2023,4,ENFERMERIA,INYECTABLES,104,
QUINTA FERRE,2023-03-01,3,2023,4,ENFERMERIA,INMUNIZACIONES,263,
DR. MAURICIO OPEN,2023-03-01,3,2023,4,ENFERMERIA,CONTROL TENSION ARTERIAL,48,
DR. MAURICIO OPEN,2023-03-01,3,2023,4,ENFERMERIA,TEMPERATURA,3,
DR. MAURICIO OPEN,2023-03-01,3,2023,4,ENFERMERIA,NEBULIZACIONES,3,
DR. MAURICIO OPEN,2023-03-01,3,2023,4,ENFERMERIA,PESO Y TALLA,178,
DR. MAURICIO OPEN,2023-03-01,3,2023,4,ENFERMERIA,CURACIONES,18,
DR. MAURICIO OPEN,2023-03-01,3,2023,4,ENFERMERIA,INYECTABLES,13,
DR. MAURICIO OPEN,2023-03-01,3,2023,4,ENFERMERIA,INMUNIZACIONES,75,
DR. MAURICIO OPEN,2023-03-01,3,2023,4,ENFERMERIA,PAP,2,
DR. MAURICIO OPEN,2023-03-01,3,2023,4,ENFERMERIA,TEST HPV,1,
DR. ANIBAL MALVIDO,2023-03-01,3,2023,4,ENFERMERIA,CONTROL TENSION ARTERIAL,300,
DR. ANIBAL MALVIDO,2023-03-01,3,2023,4,ENFERMERIA,TEMPERATURA,10,
DR. ANIBAL MALVIDO,2023-03-01,3,2023,4,ENFERMERIA,GLUCEMIA,15,
DR. ANIBAL MALVIDO,2023-03-01,3,2023,4,ENFERMERIA,NEBULIZACIONES,4,
DR. ANIBAL MALVIDO,2023-03-01,3,2023,4,ENFERMERIA,PESO Y TALLA,300,
DR. ANIBAL MALVIDO,2023-03-01,3,2023,4,ENFERMERIA,CURACIONES,10,
DR. ANIBAL MALVIDO,2023-03-01,3,2023,4,ENFERMERIA,INYECTABLES,100,
DR. ANIBAL MALVIDO,2023-03-01,3,2023,4,ENFERMERIA,INMUNIZACIONES,402,
DR. ANIBAL MALVIDO,2023-03-01,3,2023,4,ENFERMERIA,PAP,14,
DR. ANIBAL MALVIDO,2023-03-01,3,2023,4,ENFERMERIA,DIU,2,
DR. ANIBAL MALVIDO,2023-03-01,3,2023,4,ENFERMERIA,ECOGRAFIAS,60,
DR. ANIBAL MALVIDO,2023-03-01,3,2023,4,ENFERMERIA,IMPLANTE SUBDERMICO,1,
DR. ANIBAL MALVIDO,2023-03-01,3,2023,4,ENFERMERIA,TEST HPV,7,
RIO PARANA,2023-03-01,3,2023,4,ENFERMERIA,CONTROL TENSION ARTERIAL,200,
RIO PARANA,2023-03-01,3,2023,4,ENFERMERIA,TEMPERATURA,96,
RIO PARANA,2023-03-01,3,2023,4,ENFERMERIA,GLUCEMIA,30,
RIO PARANA,2023-03-01,3,2023,4,ENFERMERIA,NEBULIZACIONES,5,
RIO PARANA,2023-03-01,3,2023,4,ENFERMERIA,PESO Y TALLA,242,
RIO PARANA,2023-03-01,3,2023,4,ENFERMERIA,CURACIONES,86,
RIO PARANA,2023-03-01,3,2023,4,ENFERMERIA,INYECTABLES,91,
RIO PARANA,2023-03-01,3,2023,4,ENFERMERIA,INMUNIZACIONES,176,
DR. BENJAMIN SERRANO,2023-03-01,3,2023,4,ENFERMERIA,CONTROL TENSION ARTERIAL,264,
DR. BENJAMIN SERRANO,2023-03-01,3,2023,4,ENFERMERIA,TEMPERATURA,53,
DR. BENJAMIN SERRANO,2023-03-01,3,2023,4,ENFERMERIA,GLUCEMIA,8,
DR. BENJAMIN SERRANO,2023-03-01,3,2023,4,ENFERMERIA,PESO Y TALLA,303,
DR. BENJAMIN SERRANO,2023-03-01,3,2023,4,ENFERMERIA,CURACIONES,23,
DR. BENJAMIN SERRANO,2023-03-01,3,2023,4,ENFERMERIA,INYECTABLES,62,
DR. BENJAMIN SERRANO,2023-03-01,3,2023,4,ENFERMERIA,INMUNIZACIONES,148,
Dr. CALMANASH,2023-03-01,3,2023,4,ENFERMERIA,CONTROL TENSION ARTERIAL,252,
Dr. CALMANASH,2023-03-01,3,2023,4,ENFERMERIA,TEMPERATURA,20,
Dr. CALMANASH,2023-03-01,3,2023,4,ENFERMERIA,NEBULIZACIONES,25,
Dr. CALMANASH,2023-03-01,3,2023,4,ENFERMERIA,PESO Y TALLA,335,
Dr. CALMANASH,2023-03-01,3,2023,4,ENFERMERIA,CURACIONES,20,
Dr. CALMANASH,2023-03-01,3,2023,4,ENFERMERIA,INYECTABLES,158,
Dr. CALMANASH,2023-03-01,3,2023,4,ENFERMERIA,INMUNIZACIONES,153,
DR. ROSSI CANDIA,2023-03-01,3,2023,4,ENFERMERIA,CONTROL TENSION ARTERIAL,423,
DR. ROSSI CANDIA,2023-03-01,3,2023,4,ENFERMERIA,TEMPERATURA,3,
DR. ROSSI CANDIA,2023-03-01,3,2023,4,ENFERMERIA,GLUCEMIA,6,
DR. ROSSI CANDIA,2023-03-01,3,2023,4,ENFERMERIA,NEBULIZACIONES,1,
DR. ROSSI CANDIA,2023-03-01,3,2023,4,ENFERMERIA,PESO Y TALLA,565,
DR. ROSSI CANDIA,2023-03-01,3,2023,4,ENFERMERIA,CURACIONES,29,
DR. ROSSI CANDIA,2023-03-01,3,2023,4,ENFERMERIA,INYECTABLES,68,
DR. ROSSI CANDIA,2023-03-01,3,2023,4,ENFERMERIA,INMUNIZACIONES,264,
DR. ROSSI CANDIA,2023-03-01,3,2023,4,ENFERMERIA,ECOGRAFIAS,14,
DR. PIRCHI,2023-03-01,3,2023,4,ENFERMERIA,CONTROL TENSION ARTERIAL,402,
DR. PIRCHI,2023-03-01,3,2023,4,ENFERMERIA,TEMPERATURA,2,
DR. PIRCHI,2023-03-01,3,2023,4,ENFERMERIA,GLUCEMIA,33,
DR. PIRCHI,2023-03-01,3,2023,4,ENFERMERIA,NEBULIZACIONES,16,
DR. PIRCHI,2023-03-01,3,2023,4,ENFERMERIA,PESO Y TALLA,410,
DR. PIRCHI,2023-03-01,3,2023,4,ENFERMERIA,CURACIONES,28,
DR. PIRCHI,2023-03-01,3,2023,4,ENFERMERIA,INYECTABLES,58,
DR. PIRCHI,2023-03-01,3,2023,4,ENFERMERIA,INMUNIZACIONES,146,
DR. PIRCHI,2023-03-01,3,2023,4,ENFERMERIA,ECOGRAFIAS,18,
DR. CHERCOFF,2023-03-01,3,2023,4,ENFERMERIA,CONTROL TENSION ARTERIAL,227,
DR. CHERCOFF,2023-03-01,3,2023,4,ENFERMERIA,TEMPERATURA,183,
DR. CHERCOFF,2023-03-01,3,2023,4,ENFERMERIA,GLUCEMIA,5,
DR. CHERCOFF,2023-03-01,3,2023,4,ENFERMERIA,PESO Y TALLA,160,
DR. CHERCOFF,2023-03-01,3,2023,4,ENFERMERIA,CURACIONES,39,
DR. CHERCOFF,2023-03-01,3,2023,4,ENFERMERIA,INYECTABLES,46,
DR. CHERCOFF,2023-03-01,3,2023,4,ENFERMERIA,INMUNIZACIONES,22,
DR. KORIMBLUM,2023-03-01,3,2023,4,ENFERMERIA,CONTROL TENSION ARTERIAL,126,
DR. KORIMBLUM,2023-03-01,3,2023,4,ENFERMERIA,TEMPERATURA,4,
DR. KORIMBLUM,2023-03-01,3,2023,4,ENFERMERIA,NEBULIZACIONES,12,
DR. KORIMBLUM,2023-03-01,3,2023,4,ENFERMERIA,PESO Y TALLA,508,
DR. KORIMBLUM,2023-03-01,3,2023,4,ENFERMERIA,CURACIONES,9,
DR. KORIMBLUM,2023-03-01,3,2023,4,ENFERMERIA,INYECTABLES,27,
DR. KORIMBLUM,2023-03-01,3,2023,4,ENFERMERIA,INMUNIZACIONES,33,
DR. KORIMBLUM,2023-03-01,3,2023,4,ENFERMERIA,PAP,1,
DR. KORIMBLUM,2023-03-01,3,2023,4,ENFERMERIA,EXTRACCION IMPLANTE,2,
SANTA MARTA,2023-03-01,3,2023,4,ENFERMERIA,CONTROL TENSION ARTERIAL,226,
SANTA MARTA,2023-03-01,3,2023,4,ENFERMERIA,TEMPERATURA,18,
SANTA MARTA,2023-03-01,3,2023,4,ENFERMERIA,GLUCEMIA,16,
SANTA MARTA,2023-03-01,3,2023,4,ENFERMERIA,PESO Y TALLA,494,
SANTA MARTA,2023-03-01,3,2023,4,ENFERMERIA,CURACIONES,34,
SANTA MARTA,2023-03-01,3,2023,4,ENFERMERIA,INYECTABLES,25,
SANTA MARTA,2023-03-01,3,2023,4,ENFERMERIA,INMUNIZACIONES,202,
SAN MARCOS,2023-03-01,3,2023,4,ENFERMERIA,CONTROL TENSION ARTERIAL,192,
SAN MARCOS,2023-03-01,3,2023,4,ENFERMERIA,TEMPERATURA,19,
SAN MARCOS,2023-03-01,3,2023,4,ENFERMERIA,GLUCEMIA,2,
SAN MARCOS,2023-03-01,3,2023,4,ENFERMERIA,NEBULIZACIONES,6,
SAN MARCOS,2023-03-01,3,2023,4,ENFERMERIA,PESO Y TALLA,694,
SAN MARCOS,2023-03-01,3,2023,4,ENFERMERIA,CURACIONES,18,
SAN MARCOS,2023-03-01,3,2023,4,ENFERMERIA,INYECTABLES,28,
SAN MARCOS,2023-03-01,3,2023,4,ENFERMERIA,INMUNIZACIONES,122,
DR. ALBERTO LIFSCHITZ,2023-03-01,3,2023,4,ENFERMERIA,CONTROL TENSION ARTERIAL,240,
DR. ALBERTO LIFSCHITZ,2023-03-01,3,2023,4,ENFERMERIA,TEMPERATURA,5,
DR. ALBERTO LIFSCHITZ,2023-03-01,3,2023,4,ENFERMERIA,GLUCEMIA,2,
DR. ALBERTO LIFSCHITZ,2023-03-01,3,2023,4,ENFERMERIA,PESO Y TALLA,740,
DR. ALBERTO LIFSCHITZ,2023-03-01,3,2023,4,ENFERMERIA,CURACIONES,12,
DR. ALBERTO LIFSCHITZ,2023-03-01,3,2023,4,ENFERMERIA,INYECTABLES,64,
DR. ALBERTO LIFSCHITZ,2023-03-01,3,2023,4,ENFERMERIA,INMUNIZACIONES,127,
DR. FLIER,2023-03-01,3,2023,4,ENFERMERIA,CONTROL TENSION ARTERIAL,96,
DR. FLIER,2023-03-01,3,2023,4,ENFERMERIA,TEMPERATURA,75,
DR. FLIER,2023-03-01,3,2023,4,ENFERMERIA,NEBULIZACIONES,80,
DR. FLIER,2023-03-01,3,2023,4,ENFERMERIA,PESO Y TALLA,196,
DR. FLIER,2023-03-01,3,2023,4,ENFERMERIA,CURACIONES,86,
DR. FLIER,2023-03-01,3,2023,4,ENFERMERIA,INYECTABLES,93,
DR. JOSE DE LOS REYES VIDAL,2023-04-01,4,2023,4,ENFERMERIA,CONTROL TENSION ARTERIAL,280,
DR. JOSE DE LOS REYES VIDAL,2023-04-01,4,2023,4,ENFERMERIA,TEMPERATURA,10,
DR. JOSE DE LOS REYES VIDAL,2023-04-01,4,2023,4,ENFERMERIA,GLUCEMIA,250,
DR. JOSE DE LOS REYES VIDAL,2023-04-01,4,2023,4,ENFERMERIA,PESO Y TALLA,517,
DR. JOSE DE LOS REYES VIDAL,2023-04-01,4,2023,4,ENFERMERIA,CURACIONES,10,
DR. JOSE DE LOS REYES VIDAL,2023-04-01,4,2023,4,ENFERMERIA,INYECTABLES,180,
DR. JOSE DE LOS REYES VIDAL,2023-04-01,4,2023,4,ENFERMERIA,INMUNIZACIONES,187,
CICHERO,2023-04-01,4,2023,4,ENFERMERIA,CONTROL TENSION ARTERIAL,215,
CICHERO,2023-04-01,4,2023,4,ENFERMERIA,TEMPERATURA,10,
CICHERO,2023-04-01,4,2023,4,ENFERMERIA,GLUCEMIA,38,
CICHERO,2023-04-01,4,2023,4,ENFERMERIA,PESO Y TALLA,227,
CICHERO,2023-04-01,4,2023,4,ENFERMERIA,CURACIONES,38,
CICHERO,2023-04-01,4,2023,4,ENFERMERIA,SUTURAS,4,
CICHERO,2023-04-01,4,2023,4,ENFERMERIA,INYECTABLES,106,
CICHERO,2023-04-01,4,2023,4,ENFERMERIA,INMUNIZACIONES,147,
CICHERO,2023-04-01,4,2023,4,ENFERMERIA,PAP,25,
CICHERO,2023-04-01,4,2023,4,ENFERMERIA,ECOGRAFIAS,30,
CICHERO,2023-04-01,4,2023,4,ENFERMERIA,IMPLANTE SUBDERMICO,3,
CICHERO,2023-04-01,4,2023,4,ENFERMERIA,TEST HPV,10,
GDOR. ELIAS GALVAN,2023-04-01,4,2023,4,ENFERMERIA,CONTROL TENSION ARTERIAL,158,
GDOR. ELIAS GALVAN,2023-04-01,4,2023,4,ENFERMERIA,TEMPERATURA,18,
GDOR. ELIAS GALVAN,2023-04-01,4,2023,4,ENFERMERIA,GLUCEMIA,12,
GDOR. ELIAS GALVAN,2023-04-01,4,2023,4,ENFERMERIA,PESO Y TALLA,207,
GDOR. ELIAS GALVAN,2023-04-01,4,2023,4,ENFERMERIA,CURACIONES,57,
GDOR. ELIAS GALVAN,2023-04-01,4,2023,4,ENFERMERIA,INYECTABLES,20,
GDOR. ELIAS GALVAN,2023-04-01,4,2023,4,ENFERMERIA,INMUNIZACIONES,63,
VILLA CHIQUITA,2023-04-01,4,2023,4,ENFERMERIA,CONTROL TENSION ARTERIAL,107,
VILLA CHIQUITA,2023-04-01,4,2023,4,ENFERMERIA,TEMPERATURA,7,
VILLA CHIQUITA,2023-04-01,4,2023,4,ENFERMERIA,GLUCEMIA,4,
VILLA CHIQUITA,2023-04-01,4,2023,4,ENFERMERIA,NEBULIZACIONES,3,
VILLA CHIQUITA,2023-04-01,4,2023,4,ENFERMERIA,PESO Y TALLA,126,
VILLA CHIQUITA,2023-04-01,4,2023,4,ENFERMERIA,CURACIONES,13,
VILLA CHIQUITA,2023-04-01,4,2023,4,ENFERMERIA,INYECTABLES,22,
ESPERANZA,2023-04-01,4,2023,4,ENFERMERIA,CONTROL TENSION ARTERIAL,264,
ESPERANZA,2023-04-01,4,2023,4,ENFERMERIA,TEMPERATURA,10,
ESPERANZA,2023-04-01,4,2023,4,ENFERMERIA,GLUCEMIA,15,
ESPERANZA,2023-04-01,4,2023,4,ENFERMERIA,NEBULIZACIONES,6,
ESPERANZA,2023-04-01,4,2023,4,ENFERMERIA,PESO Y TALLA,778,
ESPERANZA,2023-04-01,4,2023,4,ENFERMERIA,CURACIONES,22,
ESPERANZA,2023-04-01,4,2023,4,ENFERMERIA,INYECTABLES,29,
ESPERANZA,2023-04-01,4,2023,4,ENFERMERIA,INMUNIZACIONES,195,
ESPERANZA,2023-04-01,4,2023,4,ENFERMERIA,PAP,2,
ESPERANZA,2023-04-01,4,2023,4,ENFERMERIA,EXTRACCION IMPLANTE,6,
ESPERANZA,2023-04-01,4,2023,4,ENFERMERIA,TEST HPV,2,
MARCELINO VERA,2023-04-01,4,2023,4,ENFERMERIA,CONTROL TENSION ARTERIAL,100,
MARCELINO VERA,2023-04-01,4,2023,4,ENFERMERIA,TEMPERATURA,50,
MARCELINO VERA,2023-04-01,4,2023,4,ENFERMERIA,GLUCEMIA,15,
MARCELINO VERA,2023-04-01,4,2023,4,ENFERMERIA,PESO Y TALLA,90,
MARCELINO VERA,2023-04-01,4,2023,4,ENFERMERIA,CURACIONES,10,
MARCELINO VERA,2023-04-01,4,2023,4,ENFERMERIA,INYECTABLES,35,
MARCELINO VERA,2023-04-01,4,2023,4,ENFERMERIA,INMUNIZACIONES,29,
DR. MANUEL CASSUSO,2023-04-01,4,2023,4,ENFERMERIA,CONTROL TENSION ARTERIAL,261,
DR. MANUEL CASSUSO,2023-04-01,4,2023,4,ENFERMERIA,TEMPERATURA,8,
DR. MANUEL CASSUSO,2023-04-01,4,2023,4,ENFERMERIA,GLUCEMIA,4,
DR. MANUEL CASSUSO,2023-04-01,4,2023,4,ENFERMERIA,PESO Y TALLA,526,
DR. MANUEL CASSUSO,2023-04-01,4,2023,4,ENFERMERIA,CURACIONES,20,
DR. MANUEL CASSUSO,2023-04-01,4,2023,4,ENFERMERIA,INYECTABLES,53,
DR. MANUEL CASSUSO,2023-04-01,4,2023,4,ENFERMERIA,INMUNIZACIONES,185,
Dr. SANTIAGO LORENZO,2023-04-01,4,2023,4,ENFERMERIA,CONTROL TENSION ARTERIAL,196,
Dr. SANTIAGO LORENZO,2023-04-01,4,2023,4,ENFERMERIA,TEMPERATURA,2,
Dr. SANTIAGO LORENZO,2023-04-01,4,2023,4,ENFERMERIA,GLUCEMIA,12,
Dr. SANTIAGO LORENZO,2023-04-01,4,2023,4,ENFERMERIA,NEBULIZACIONES,3,
Dr. SANTIAGO LORENZO,2023-04-01,4,2023,4,ENFERMERIA,PESO Y TALLA,199,
Dr. SANTIAGO LORENZO,2023-04-01,4,2023,4,ENFERMERIA,CURACIONES,7,
Dr. SANTIAGO LORENZO,2023-04-01,4,2023,4,ENFERMERIA,INYECTABLES,29,
Dr. SANTIAGO LORENZO,2023-04-01,4,2023,4,ENFERMERIA,INMUNIZACIONES,105,
ITATI,2023-04-01,4,2023,4,ENFERMERIA,CONTROL TENSION ARTERIAL,244,
ITATI,2023-04-01,4,2023,4,ENFERMERIA,TEMPERATURA,30,
ITATI,2023-04-01,4,2023,4,ENFERMERIA,GLUCEMIA,2,
ITATI,2023-04-01,4,2023,4,ENFERMERIA,NEBULIZACIONES,7,
ITATI,2023-04-01,4,2023,4,ENFERMERIA,PESO Y TALLA,323,
ITATI,2023-04-01,4,2023,4,ENFERMERIA,CURACIONES,24,
ITATI,2023-04-01,4,2023,4,ENFERMERIA,INYECTABLES,40,
ITATI,2023-04-01,4,2023,4,ENFERMERIA,INMUNIZACIONES,146,
ITATI,2023-04-01,4,2023,4,ENFERMERIA,PAP,10,
ITATI,2023-04-01,4,2023,4,ENFERMERIA,TEST HPV,8,
RIO PARANA,2023-04-01,4,2023,4,ENFERMERIA,CONTROL TENSION ARTERIAL,214,
RIO PARANA,2023-04-01,4,2023,4,ENFERMERIA,TEMPERATURA,100,
RIO PARANA,2023-04-01,4,2023,4,ENFERMERIA,GLUCEMIA,20,
RIO PARANA,2023-04-01,4,2023,4,ENFERMERIA,NEBULIZACIONES,5,
RIO PARANA,2023-04-01,4,2023,4,ENFERMERIA,PESO Y TALLA,236,
RIO PARANA,2023-04-01,4,2023,4,ENFERMERIA,CURACIONES,97,
RIO PARANA,2023-04-01,4,2023,4,ENFERMERIA,INYECTABLES,99,
RIO PARANA,2023-04-01,4,2023,4,ENFERMERIA,INMUNIZACIONES,190,
SANTA MARGARITA,2023-04-01,4,2023,4,ENFERMERIA,CONTROL TENSION ARTERIAL,110,
SANTA MARGARITA,2023-04-01,4,2023,4,ENFERMERIA,TEMPERATURA,30,
SANTA MARGARITA,2023-04-01,4,2023,4,ENFERMERIA,GLUCEMIA,5,
SANTA MARGARITA,2023-04-01,4,2023,4,ENFERMERIA,PESO Y TALLA,175,
SANTA MARGARITA,2023-04-01,4,2023,4,ENFERMERIA,CURACIONES,20,
SANTA MARGARITA,2023-04-01,4,2023,4,ENFERMERIA,INYECTABLES,55,
SANTA MARGARITA,2023-04-01,4,2023,4,ENFERMERIA,INMUNIZACIONES,40,
PUJOL,2023-04-01,4,2023,4,ENFERMERIA,CONTROL TENSION ARTERIAL,99,
PUJOL,2023-04-01,4,2023,4,ENFERMERIA,TEMPERATURA,27,
PUJOL,2023-04-01,4,2023,4,ENFERMERIA,GLUCEMIA,17,
PUJOL,2023-04-01,4,2023,4,ENFERMERIA,NEBULIZACIONES,31,
PUJOL,2023-04-01,4,2023,4,ENFERMERIA,PESO Y TALLA,289,
PUJOL,2023-04-01,4,2023,4,ENFERMERIA,CURACIONES,23,
PUJOL,2023-04-01,4,2023,4,ENFERMERIA,INYECTABLES,41,
PUJOL,2023-04-01,4,2023,4,ENFERMERIA,INMUNIZACIONES,98,
DR. PEDRO BLUGERMAN,2023-04-01,4,2023,4,ENFERMERIA,CONTROL TENSION ARTERIAL,89,
DR. PEDRO BLUGERMAN,2023-04-01,4,2023,4,ENFERMERIA,TEMPERATURA,149,
DR. PEDRO BLUGERMAN,2023-04-01,4,2023,4,ENFERMERIA,GLUCEMIA,37,
DR. PEDRO BLUGERMAN,2023-04-01,4,2023,4,ENFERMERIA,NEBULIZACIONES,10,
DR. PEDRO BLUGERMAN,2023-04-01,4,2023,4,ENFERMERIA,PESO Y TALLA,800,
DR. PEDRO BLUGERMAN,2023-04-01,4,2023,4,ENFERMERIA,CURACIONES,53,
DR. PEDRO BLUGERMAN,2023-04-01,4,2023,4,ENFERMERIA,INYECTABLES,121,
DR. PEDRO BLUGERMAN,2023-04-01,4,2023,4,ENFERMERIA,INMUNIZACIONES,98,
VILLA GARCIA,2023-04-01,4,2023,4,ENFERMERIA,CONTROL TENSION ARTERIAL,150,
VILLA GARCIA,2023-04-01,4,2023,4,ENFERMERIA,TEMPERATURA,20,
VILLA GARCIA,2023-04-01,4,2023,4,ENFERMERIA,GLUCEMIA,13,
VILLA GARCIA,2023-04-01,4,2023,4,ENFERMERIA,PESO Y TALLA,162,
VILLA GARCIA,2023-04-01,4,2023,4,ENFERMERIA,CURACIONES,5,
VILLA GARCIA,2023-04-01,4,2023,4,ENFERMERIA,INYECTABLES,23,
VILLA GARCIA,2023-04-01,4,2023,4,ENFERMERIA,INMUNIZACIONES,90,
DR. ANIBAL MALVIDO,2023-04-01,4,2023,4,ENFERMERIA,CONTROL TENSION ARTERIAL,60,
DR. ANIBAL MALVIDO,2023-04-01,4,2023,4,ENFERMERIA,TEMPERATURA,60,
DR. ANIBAL MALVIDO,2023-04-01,4,2023,4,ENFERMERIA,GLUCEMIA,30,
DR. ANIBAL MALVIDO,2023-04-01,4,2023,4,ENFERMERIA,NEBULIZACIONES,10,
DR. ANIBAL MALVIDO,2023-04-01,4,2023,4,ENFERMERIA,PESO Y TALLA,450,
DR. ANIBAL MALVIDO,2023-04-01,4,2023,4,ENFERMERIA,CURACIONES,30,
DR. ANIBAL MALVIDO,2023-04-01,4,2023,4,ENFERMERIA,INYECTABLES,120,
DR. ANIBAL MALVIDO,2023-04-01,4,2023,4,ENFERMERIA,INMUNIZACIONES,350,
DR. ANIBAL MALVIDO,2023-04-01,4,2023,4,ENFERMERIA,PAP,10,
DR. ANIBAL MALVIDO,2023-04-01,4,2023,4,ENFERMERIA,IMPLANTE SUBDERMICO,2,
DR. SUSSINI,2023-04-01,4,2023,4,ENFERMERIA,CONTROL TENSION ARTERIAL,277,
DR. SUSSINI,2023-04-01,4,2023,4,ENFERMERIA,TEMPERATURA,19,
DR. SUSSINI,2023-04-01,4,2023,4,ENFERMERIA,GLUCEMIA,29,
DR. SUSSINI,2023-04-01,4,2023,4,ENFERMERIA,PESO Y TALLA,296,
DR. SUSSINI,2023-04-01,4,2023,4,ENFERMERIA,CURACIONES,15,
DR. SUSSINI,2023-04-01,4,2023,4,ENFERMERIA,INYECTABLES,182,
DR. SUSSINI,2023-04-01,4,2023,4,ENFERMERIA,INMUNIZACIONES,788,
DR. SUSSINI,2023-04-01,4,2023,4,ENFERMERIA,PAP,4,
DR. SUSSINI,2023-04-01,4,2023,4,ENFERMERIA,ECOGRAFIAS,8,
GÜEMES,2023-04-01,4,2023,4,ENFERMERIA,CONTROL TENSION ARTERIAL,358,
GÜEMES,2023-04-01,4,2023,4,ENFERMERIA,TEMPERATURA,45,
GÜEMES,2023-04-01,4,2023,4,ENFERMERIA,GLUCEMIA,5,
GÜEMES,2023-04-01,4,2023,4,ENFERMERIA,PESO Y TALLA,585,
GÜEMES,2023-04-01,4,2023,4,ENFERMERIA,CURACIONES,86,
GÜEMES,2023-04-01,4,2023,4,ENFERMERIA,EXTRACCION IMPLANTE,3,
GÜEMES,2023-04-01,4,2023,4,ENFERMERIA,INYECTABLES,58,
GÜEMES,2023-04-01,4,2023,4,ENFERMERIA,INMUNIZACIONES,137,
GÜEMES,2023-04-01,4,2023,4,ENFERMERIA,PAP,5,
GÜEMES,2023-04-01,4,2023,4,ENFERMERIA,TEST HPV,6,
DR MANUEL A. GONZALEZ,2023-04-01,4,2023,4,ENFERMERIA,CONTROL TENSION ARTERIAL,430,
DR MANUEL A. GONZALEZ,2023-04-01,4,2023,4,ENFERMERIA,TEMPERATURA,20,
DR MANUEL A. GONZALEZ,2023-04-01,4,2023,4,ENFERMERIA,GLUCEMIA,10,
DR MANUEL A. GONZALEZ,2023-04-01,4,2023,4,ENFERMERIA,NEBULIZACIONES,30,
DR MANUEL A. GONZALEZ,2023-04-01,4,2023,4,ENFERMERIA,PESO Y TALLA,580,
DR MANUEL A. GONZALEZ,2023-04-01,4,2023,4,ENFERMERIA,CURACIONES,15,
DR MANUEL A. GONZALEZ,2023-04-01,4,2023,4,ENFERMERIA,SUTURAS,2,
DR MANUEL A. GONZALEZ,2023-04-01,4,2023,4,ENFERMERIA,INYECTABLES,51,
DR MANUEL A. GONZALEZ,2023-04-01,4,2023,4,ENFERMERIA,INMUNIZACIONES,121,
DR. KORIMBLUM,2023-04-01,4,2023,4,ENFERMERIA,CONTROL TENSION ARTERIAL,34,
DR. KORIMBLUM,2023-04-01,4,2023,4,ENFERMERIA,TEMPERATURA,4,
DR. KORIMBLUM,2023-04-01,4,2023,4,ENFERMERIA,GLUCEMIA,3,
DR. KORIMBLUM,2023-04-01,4,2023,4,ENFERMERIA,PESO Y TALLA,210,
DR. KORIMBLUM,2023-04-01,4,2023,4,ENFERMERIA,CURACIONES,2,
DR. KORIMBLUM,2023-04-01,4,2023,4,ENFERMERIA,INYECTABLES,13,
DR. KORIMBLUM,2023-04-01,4,2023,4,ENFERMERIA,INMUNIZACIONES,74,
DR. MAURICIO OPEN,2023-04-01,4,2023,4,ENFERMERIA,CONTROL TENSION ARTERIAL,26,
DR. MAURICIO OPEN,2023-04-01,4,2023,4,ENFERMERIA,GLUCEMIA,5,
DR. MAURICIO OPEN,2023-04-01,4,2023,4,ENFERMERIA,NEBULIZACIONES,1,
DR. MAURICIO OPEN,2023-04-01,4,2023,4,ENFERMERIA,PESO Y TALLA,88,
DR. MAURICIO OPEN,2023-04-01,4,2023,4,ENFERMERIA,CURACIONES,15,
DR. MAURICIO OPEN,2023-04-01,4,2023,4,ENFERMERIA,INYECTABLES,17,
DR. MAURICIO OPEN,2023-04-01,4,2023,4,ENFERMERIA,INMUNIZACIONES,77,
Dr. CALMANASH,2023-04-01,4,2023,4,ENFERMERIA,CONTROL TENSION ARTERIAL,390,
Dr. CALMANASH,2023-04-01,4,2023,4,ENFERMERIA,TEMPERATURA,15,
Dr. CALMANASH,2023-04-01,4,2023,4,ENFERMERIA,NEBULIZACIONES,20,
Dr. CALMANASH,2023-04-01,4,2023,4,ENFERMERIA,PESO Y TALLA,450,
Dr. CALMANASH,2023-04-01,4,2023,4,ENFERMERIA,CURACIONES,12,
Dr. CALMANASH,2023-04-01,4,2023,4,ENFERMERIA,INYECTABLES,250,
Dr. CALMANASH,2023-04-01,4,2023,4,ENFERMERIA,INMUNIZACIONES,79,
Dr. CALMANASH,2023-04-01,4,2023,4,ENFERMERIA,PAP,6,
Dr. CALMANASH,2023-04-01,4,2023,4,ENFERMERIA,EXTRACCION IMPLANTE,3,
DR. CHERCOFF,2023-04-01,4,2023,4,ENFERMERIA,CONTROL TENSION ARTERIAL,180,
DR. CHERCOFF,2023-04-01,4,2023,4,ENFERMERIA,TEMPERATURA,79,
DR. CHERCOFF,2023-04-01,4,2023,4,ENFERMERIA,PESO Y TALLA,160,
DR. CHERCOFF,2023-04-01,4,2023,4,ENFERMERIA,CURACIONES,43,
DR. CHERCOFF,2023-04-01,4,2023,4,ENFERMERIA,INYECTABLES,36,
DR. CHERCOFF,2023-04-01,4,2023,4,ENFERMERIA,INMUNIZACIONES,48,
PASO MARTINEZ,2023-04-01,4,2023,4,ENFERMERIA,CONTROL TENSION ARTERIAL,9,
PASO MARTINEZ,2023-04-01,4,2023,4,ENFERMERIA,GLUCEMIA,3,
PASO MARTINEZ,2023-04-01,4,2023,4,ENFERMERIA,PESO Y TALLA,35,
PASO MARTINEZ,2023-04-01,4,2023,4,ENFERMERIA,INYECTABLES,4,
PASO MARTINEZ,2023-04-01,4,2023,4,ENFERMERIA,INMUNIZACIONES,9,
QUINTA FERRE,2023-04-01,4,2023,4,ENFERMERIA,CONTROL TENSION ARTERIAL,131,
QUINTA FERRE,2023-04-01,4,2023,4,ENFERMERIA,TEMPERATURA,8,
QUINTA FERRE,2023-04-01,4,2023,4,ENFERMERIA,GLUCEMIA,86,
QUINTA FERRE,2023-04-01,4,2023,4,ENFERMERIA,NEBULIZACIONES,2,
QUINTA FERRE,2023-04-01,4,2023,4,ENFERMERIA,PESO Y TALLA,306,
QUINTA FERRE,2023-04-01,4,2023,4,ENFERMERIA,CURACIONES,10,
QUINTA FERRE,2023-04-01,4,2023,4,ENFERMERIA,INYECTABLES,98,
QUINTA FERRE,2023-04-01,4,2023,4,ENFERMERIA,INMUNIZACIONES,115,
DR. BENJAMIN SERRANO,2023-04-01,4,2023,4,ENFERMERIA,CONTROL TENSION ARTERIAL,243,
DR. BENJAMIN SERRANO,2023-04-01,4,2023,4,ENFERMERIA,TEMPERATURA,24,
DR. BENJAMIN SERRANO,2023-04-01,4,2023,4,ENFERMERIA,GLUCEMIA,17,
DR. BENJAMIN SERRANO,2023-04-01,4,2023,4,ENFERMERIA,PESO Y TALLA,395,
DR. BENJAMIN SERRANO,2023-04-01,4,2023,4,ENFERMERIA,CURACIONES,20,
DR. BENJAMIN SERRANO,2023-04-01,4,2023,4,ENFERMERIA,INYECTABLES,7,
DR. BENJAMIN SERRANO,2023-04-01,4,2023,4,ENFERMERIA,INMUNIZACIONES,101,
DR. SEMPER,2023-04-01,4,2023,4,ENFERMERIA,CONTROL TENSION ARTERIAL,473,
DR. SEMPER,2023-04-01,4,2023,4,ENFERMERIA,TEMPERATURA,483,
DR. SEMPER,2023-04-01,4,2023,4,ENFERMERIA,GLUCEMIA,101,
DR. SEMPER,2023-04-01,4,2023,4,ENFERMERIA,NEBULIZACIONES,40,
DR. SEMPER,2023-04-01,4,2023,4,ENFERMERIA,PESO Y TALLA,1483,
DR. SEMPER,2023-04-01,4,2023,4,ENFERMERIA,CURACIONES,121,
DR. SEMPER,2023-04-01,4,2023,4,ENFERMERIA,SUTURAS,8,
DR. SEMPER,2023-04-01,4,2023,4,ENFERMERIA,INYECTABLES,215,
DR. SEMPER,2023-04-01,4,2023,4,ENFERMERIA,INMUNIZACIONES,73,
DR. ALBERTO LIFSCHITZ,2023-04-01,4,2023,4,ENFERMERIA,CONTROL TENSION ARTERIAL,144,
DR. ALBERTO LIFSCHITZ,2023-04-01,4,2023,4,ENFERMERIA,TEMPERATURA,6,
DR. ALBERTO LIFSCHITZ,2023-04-01,4,2023,4,ENFERMERIA,GLUCEMIA,5,
DR. ALBERTO LIFSCHITZ,2023-04-01,4,2023,4,ENFERMERIA,PESO Y TALLA,478,
DR. ALBERTO LIFSCHITZ,2023-04-01,4,2023,4,ENFERMERIA,CURACIONES,18,
DR. ALBERTO LIFSCHITZ,2023-04-01,4,2023,4,ENFERMERIA,INYECTABLES,45,
DR. ALBERTO LIFSCHITZ,2023-04-01,4,2023,4,ENFERMERIA,INMUNIZACIONES,79,
SAPUCAY,2023-04-01,4,2023,4,ENFERMERIA,CONTROL TENSION ARTERIAL,250,
SAPUCAY,2023-04-01,4,2023,4,ENFERMERIA,TEMPERATURA,30,
SAPUCAY,2023-04-01,4,2023,4,ENFERMERIA,GLUCEMIA,10,
SAPUCAY,2023-04-01,4,2023,4,ENFERMERIA,PESO Y TALLA,200,
SAPUCAY,2023-04-01,4,2023,4,ENFERMERIA,CURACIONES,40,
SAPUCAY,2023-04-01,4,2023,4,ENFERMERIA,INYECTABLES,30,
SAPUCAY,2023-04-01,4,2023,4,ENFERMERIA,INMUNIZACIONES,60,
DR. FLIER,2023-04-01,4,2023,4,ENFERMERIA,CONTROL TENSION ARTERIAL,123,
DR. FLIER,2023-04-01,4,2023,4,ENFERMERIA,TEMPERATURA,94,
DR. FLIER,2023-04-01,4,2023,4,ENFERMERIA,NEBULIZACIONES,60,
DR. FLIER,2023-04-01,4,2023,4,ENFERMERIA,PESO Y TALLA,129,
DR. FLIER,2023-04-01,4,2023,4,ENFERMERIA,CURACIONES,63,
DR. FLIER,2023-04-01,4,2023,4,ENFERMERIA,INYECTABLES,98,
DR. FLIER,2023-03-01,3,2023,4,ENFERMERIA,INMUNIZACIONES,33,
SAPUCAY,2023-03-01,3,2023,4,ENFERMERIA,CONTROL TENSION ARTERIAL,350,
SAPUCAY,2023-03-01,3,2023,4,ENFERMERIA,TEMPERATURA,50,
SAPUCAY,2023-03-01,3,2023,4,ENFERMERIA,GLUCEMIA,60,
SAPUCAY,2023-03-01,3,2023,4,ENFERMERIA,PESO Y TALLA,400,
SAPUCAY,2023-03-01,3,2023,4,ENFERMERIA,CURACIONES,65,
SAPUCAY,2023-03-01,3,2023,4,ENFERMERIA,INYECTABLES,38,
SAPUCAY,2023-03-01,3,2023,4,ENFERMERIA,INMUNIZACIONES,74,
SANTA MARTA,2023-04-01,4,2023,4,ENFERMERIA,CONTROL TENSION ARTERIAL,126,
SANTA MARTA,2023-04-01,4,2023,4,ENFERMERIA,TEMPERATURA,9,
SANTA MARTA,2023-04-01,4,2023,4,ENFERMERIA,GLUCEMIA,28,
SANTA MARTA,2023-04-01,4,2023,4,ENFERMERIA,PESO Y TALLA,532,
SANTA MARTA,2023-04-01,4,2023,4,ENFERMERIA,CURACIONES,19,
SANTA MARTA,2023-04-01,4,2023,4,ENFERMERIA,INYECTABLES,19,
SANTA MARTA,2023-04-01,4,2023,4,ENFERMERIA,INMUNIZACIONES,193,
DR. ROSSI CANDIA,2023-04-01,4,2023,4,ENFERMERIA,CONTROL TENSION ARTERIAL,463,
DR. ROSSI CANDIA,2023-04-01,4,2023,4,ENFERMERIA,TEMPERATURA,15,
DR. ROSSI CANDIA,2023-04-01,4,2023,4,ENFERMERIA,GLUCEMIA,1,
DR. ROSSI CANDIA,2023-04-01,4,2023,4,ENFERMERIA,NEBULIZACIONES,3,
DR. ROSSI CANDIA,2023-04-01,4,2023,4,ENFERMERIA,PESO Y TALLA,542,
DR. ROSSI CANDIA,2023-04-01,4,2023,4,ENFERMERIA,CURACIONES,23,
DR. ROSSI CANDIA,2023-04-01,4,2023,4,ENFERMERIA,INYECTABLES,59,
DR. ROSSI CANDIA,2023-04-01,4,2023,4,ENFERMERIA,INMUNIZACIONES,255,
DR. ROSSI CANDIA,2023-04-01,4,2023,4,ENFERMERIA,PAP,3,
DR. ROSSI CANDIA,2023-04-01,4,2023,4,ENFERMERIA,ECOGRAFIAS,28,
DR. ROSSI CANDIA,2023-04-01,4,2023,4,ENFERMERIA,TEST HPV,3,
DR. PIRCHI,2023-04-01,4,2023,4,ENFERMERIA,CONTROL TENSION ARTERIAL,285,
DR. PIRCHI,2023-04-01,4,2023,4,ENFERMERIA,TEMPERATURA,105,
DR. PIRCHI,2023-04-01,4,2023,4,ENFERMERIA,GLUCEMIA,40,
DR. PIRCHI,2023-04-01,4,2023,4,ENFERMERIA,NEBULIZACIONES,3,
DR. PIRCHI,2023-04-01,4,2023,4,ENFERMERIA,PESO Y TALLA,322,
DR. PIRCHI,2023-04-01,4,2023,4,ENFERMERIA,CURACIONES,25,
DR. PIRCHI,2023-04-01,4,2023,4,ENFERMERIA,INYECTABLES,45,
DR. PIRCHI,2023-04-01,4,2023,4,ENFERMERIA,INMUNIZACIONES,162,
SAN MARCOS,2023-04-01,4,2023,4,ENFERMERIA,CONTROL TENSION ARTERIAL,131,
SAN MARCOS,2023-04-01,4,2023,4,ENFERMERIA,TEMPERATURA,26,
SAN MARCOS,2023-04-01,4,2023,4,ENFERMERIA,NEBULIZACIONES,3,
SAN MARCOS,2023-04-01,4,2023,4,ENFERMERIA,PESO Y TALLA,504,
SAN MARCOS,2023-04-01,4,2023,4,ENFERMERIA,CURACIONES,8,
SAN MARCOS,2023-04-01,4,2023,4,ENFERMERIA,INYECTABLES,18,
SAN MARCOS,2023-04-01,4,2023,4,ENFERMERIA,INMUNIZACIONES,83,
VILLA GARCIA,2023-05-01,5,2023,4,ENFERMERIA,CONTROL TENSION ARTERIAL,126,
VILLA GARCIA,2023-05-01,5,2023,4,ENFERMERIA,TEMPERATURA,18,
VILLA GARCIA,2023-05-01,5,2023,4,ENFERMERIA,GLUCEMIA,30,
VILLA GARCIA,2023-05-01,5,2023,4,ENFERMERIA,PESO Y TALLA,161,
VILLA GARCIA,2023-05-01,5,2023,4,ENFERMERIA,CURACIONES,4,
VILLA GARCIA,2023-05-01,5,2023,4,ENFERMERIA,INYECTABLES,19,
VILLA GARCIA,2023-05-01,5,2023,4,ENFERMERIA,INMUNIZACIONES,110,
PASO MARTINEZ,2023-05-01,5,2023,4,ENFERMERIA,CONTROL TENSION ARTERIAL,9,
PASO MARTINEZ,2023-05-01,5,2023,4,ENFERMERIA,PESO Y TALLA,20,
PASO MARTINEZ,2023-05-01,5,2023,4,ENFERMERIA,INYECTABLES,3,
PASO MARTINEZ,2023-05-01,5,2023,4,ENFERMERIA,PAP,1,
PASO MARTINEZ,2023-05-01,5,2023,4,ENFERMERIA,ECOGRAFIAS,2,
PASO MARTINEZ,2023-05-01,5,2023,4,ENFERMERIA,IMPLANTE SUBDERMICO,1,
PASO MARTINEZ,2023-05-01,5,2023,4,ENFERMERIA,TEST HPV,1,
ITATI,2023-05-01,5,2023,4,ENFERMERIA,CONTROL TENSION ARTERIAL,285,
ITATI,2023-05-01,5,2023,4,ENFERMERIA,TEMPERATURA,85,
ITATI,2023-05-01,5,2023,4,ENFERMERIA,GLUCEMIA,23,
ITATI,2023-05-01,5,2023,4,ENFERMERIA,NEBULIZACIONES,28,
ITATI,2023-05-01,5,2023,4,ENFERMERIA,PESO Y TALLA,450,
ITATI,2023-05-01,5,2023,4,ENFERMERIA,CURACIONES,26,
ITATI,2023-05-01,5,2023,4,ENFERMERIA,SUTURAS,8,
ITATI,2023-05-01,5,2023,4,ENFERMERIA,INYECTABLES,142,
ITATI,2023-05-01,5,2023,4,ENFERMERIA,INMUNIZACIONES,117,
ITATI,2023-05-01,5,2023,4,ENFERMERIA,PAP,4,
ITATI,2023-05-01,5,2023,4,ENFERMERIA,IMPLANTE SUBDERMICO,4,
ITATI,2023-05-01,5,2023,4,ENFERMERIA,TEST HPV,3,
SANTA MARGARITA,2023-05-01,5,2023,4,ENFERMERIA,CONTROL TENSION ARTERIAL,157,
SANTA MARGARITA,2023-05-01,5,2023,4,ENFERMERIA,TEMPERATURA,25,
SANTA MARGARITA,2023-05-01,5,2023,4,ENFERMERIA,PESO Y TALLA,100,
SANTA MARGARITA,2023-05-01,5,2023,4,ENFERMERIA,CURACIONES,25,
SANTA MARGARITA,2023-05-01,5,2023,4,ENFERMERIA,INYECTABLES,45,
SANTA MARGARITA,2023-05-01,5,2023,4,ENFERMERIA,INMUNIZACIONES,43,
RIO PARANA,2023-05-01,5,2023,4,ENFERMERIA,CONTROL TENSION ARTERIAL,275,
RIO PARANA,2023-05-01,5,2023,4,ENFERMERIA,TEMPERATURA,106,
RIO PARANA,2023-05-01,5,2023,4,ENFERMERIA,GLUCEMIA,25,
RIO PARANA,2023-05-01,5,2023,4,ENFERMERIA,NEBULIZACIONES,10,
RIO PARANA,2023-05-01,5,2023,4,ENFERMERIA,PESO Y TALLA,366,
RIO PARANA,2023-05-01,5,2023,4,ENFERMERIA,CURACIONES,110,
RIO PARANA,2023-05-01,5,2023,4,ENFERMERIA,INYECTABLES,50,
RIO PARANA,2023-05-01,5,2023,4,ENFERMERIA,INMUNIZACIONES,182,
RIO PARANA,2023-05-01,5,2023,4,ENFERMERIA,PAP,2,
RIO PARANA,2023-05-01,5,2023,4,ENFERMERIA,ECOGRAFIAS,27,
DR. SUSSINI,2023-05-01,5,2023,4,ENFERMERIA,CONTROL TENSION ARTERIAL,344,
DR. SUSSINI,2023-05-01,5,2023,4,ENFERMERIA,TEMPERATURA,29,
DR. SUSSINI,2023-05-01,5,2023,4,ENFERMERIA,GLUCEMIA,54,
DR. SUSSINI,2023-05-01,5,2023,4,ENFERMERIA,PESO Y TALLA,318,
DR. SUSSINI,2023-05-01,5,2023,4,ENFERMERIA,CURACIONES,46,
DR. SUSSINI,2023-05-01,5,2023,4,ENFERMERIA,INYECTABLES,250,
DR. SUSSINI,2023-05-01,5,2023,4,ENFERMERIA,INMUNIZACIONES,523,
DR. SUSSINI,2023-05-01,5,2023,4,ENFERMERIA,PAP,1,
DR. SUSSINI,2023-05-01,5,2023,4,ENFERMERIA,DIU,1,
DR. SUSSINI,2023-05-01,5,2023,4,ENFERMERIA,IMPLANTE SUBDERMICO,1,
DR. ANIBAL MALVIDO,2023-05-01,5,2023,4,ENFERMERIA,CONTROL TENSION ARTERIAL,138,
DR. ANIBAL MALVIDO,2023-05-01,5,2023,4,ENFERMERIA,TEMPERATURA,10,
DR. ANIBAL MALVIDO,2023-05-01,5,2023,4,ENFERMERIA,GLUCEMIA,52,
DR. ANIBAL MALVIDO,2023-05-01,5,2023,4,ENFERMERIA,PESO Y TALLA,186,
DR. ANIBAL MALVIDO,2023-05-01,5,2023,4,ENFERMERIA,CURACIONES,39,
DR. ANIBAL MALVIDO,2023-05-01,5,2023,4,ENFERMERIA,INYECTABLES,120,
DR. ANIBAL MALVIDO,2023-05-01,5,2023,4,ENFERMERIA,INMUNIZACIONES,369,
DR. ANIBAL MALVIDO,2023-05-01,5,2023,4,ENFERMERIA,PAP,14,
DR. ANIBAL MALVIDO,2023-05-01,5,2023,4,ENFERMERIA,ECOGRAFIAS,24,
DR. ANIBAL MALVIDO,2023-05-01,5,2023,4,ENFERMERIA,IMPLANTE SUBDERMICO,2,
CICHERO,2023-05-01,5,2023,4,ENFERMERIA,CONTROL TENSION ARTERIAL,289,
CICHERO,2023-05-01,5,2023,4,ENFERMERIA,TEMPERATURA,4,
CICHERO,2023-05-01,5,2023,4,ENFERMERIA,GLUCEMIA,73,
CICHERO,2023-05-01,5,2023,4,ENFERMERIA,PESO Y TALLA,386,
CICHERO,2023-05-01,5,2023,4,ENFERMERIA,CURACIONES,17,
CICHERO,2023-05-01,5,2023,4,ENFERMERIA,INYECTABLES,118,
CICHERO,2023-05-01,5,2023,4,ENFERMERIA,INMUNIZACIONES,202,
DR. BENJAMIN SERRANO,2023-05-01,5,2023,4,ENFERMERIA,CONTROL TENSION ARTERIAL,258,
DR. BENJAMIN SERRANO,2023-05-01,5,2023,4,ENFERMERIA,TEMPERATURA,53,
DR. BENJAMIN SERRANO,2023-05-01,5,2023,4,ENFERMERIA,GLUCEMIA,17,
DR. BENJAMIN SERRANO,2023-05-01,5,2023,4,ENFERMERIA,PESO Y TALLA,368,
DR. BENJAMIN SERRANO,2023-05-01,5,2023,4,ENFERMERIA,CURACIONES,18,
DR. BENJAMIN SERRANO,2023-05-01,5,2023,4,ENFERMERIA,INYECTABLES,64,
DR. BENJAMIN SERRANO,2023-05-01,5,2023,4,ENFERMERIA,INMUNIZACIONES,110,
MARCELINO VERA,2023-05-01,5,2023,4,ENFERMERIA,CONTROL TENSION ARTERIAL,100,
MARCELINO VERA,2023-05-01,5,2023,4,ENFERMERIA,TEMPERATURA,30,
MARCELINO VERA,2023-05-01,5,2023,4,ENFERMERIA,GLUCEMIA,10,
MARCELINO VERA,2023-05-01,5,2023,4,ENFERMERIA,PESO Y TALLA,110,
MARCELINO VERA,2023-05-01,5,2023,4,ENFERMERIA,CURACIONES,20,
MARCELINO VERA,2023-05-01,5,2023,4,ENFERMERIA,INYECTABLES,35,
MARCELINO VERA,2023-05-01,5,2023,4,ENFERMERIA,INMUNIZACIONES,109,
VILLA CHIQUITA,2023-05-01,5,2023,4,ENFERMERIA,CONTROL TENSION ARTERIAL,60,
VILLA CHIQUITA,2023-05-01,5,2023,4,ENFERMERIA,TEMPERATURA,7,
VILLA CHIQUITA,2023-05-01,5,2023,4,ENFERMERIA,GLUCEMIA,7,
VILLA CHIQUITA,2023-05-01,5,2023,4,ENFERMERIA,NEBULIZACIONES,4,
VILLA CHIQUITA,2023-05-01,5,2023,4,ENFERMERIA,PESO Y TALLA,121,
VILLA CHIQUITA,2023-05-01,5,2023,4,ENFERMERIA,CURACIONES,12,
VILLA CHIQUITA,2023-05-01,5,2023,4,ENFERMERIA,INYECTABLES,31,
DR. CHERCOFF,2023-05-01,5,2023,4,ENFERMERIA,CONTROL TENSION ARTERIAL,196,
DR. CHERCOFF,2023-05-01,5,2023,4,ENFERMERIA,TEMPERATURA,133,
DR. CHERCOFF,2023-05-01,5,2023,4,ENFERMERIA,GLUCEMIA,6,
DR. CHERCOFF,2023-05-01,5,2023,4,ENFERMERIA,PESO Y TALLA,180,
DR. CHERCOFF,2023-05-01,5,2023,4,ENFERMERIA,CURACIONES,32,
DR. CHERCOFF,2023-05-01,5,2023,4,ENFERMERIA,INYECTABLES,47,
DR. CHERCOFF,2023-05-01,5,2023,4,ENFERMERIA,INMUNIZACIONES,30,
QUINTA FERRE,2023-05-01,5,2023,4,ENFERMERIA,CONTROL TENSION ARTERIAL,145,
QUINTA FERRE,2023-05-01,5,2023,4,ENFERMERIA,TEMPERATURA,8,
QUINTA FERRE,2023-05-01,5,2023,4,ENFERMERIA,GLUCEMIA,35,
QUINTA FERRE,2023-05-01,5,2023,4,ENFERMERIA,NEBULIZACIONES,8,
QUINTA FERRE,2023-05-01,5,2023,4,ENFERMERIA,PESO Y TALLA,268,
QUINTA FERRE,2023-05-01,5,2023,4,ENFERMERIA,CURACIONES,20,
QUINTA FERRE,2023-05-01,5,2023,4,ENFERMERIA,INYECTABLES,120,
QUINTA FERRE,2023-05-01,5,2023,4,ENFERMERIA,INMUNIZACIONES,223,
SAN MARCOS,2023-05-01,5,2023,4,ENFERMERIA,CONTROL TENSION ARTERIAL,132,
SAN MARCOS,2023-05-01,5,2023,4,ENFERMERIA,TEMPERATURA,13,
SAN MARCOS,2023-05-01,5,2023,4,ENFERMERIA,GLUCEMIA,2,
SAN MARCOS,2023-05-01,5,2023,4,ENFERMERIA,NEBULIZACIONES,6,
SAN MARCOS,2023-05-01,5,2023,4,ENFERMERIA,PESO Y TALLA,600,
SAN MARCOS,2023-05-01,5,2023,4,ENFERMERIA,CURACIONES,6,
SAN MARCOS,2023-05-01,5,2023,4,ENFERMERIA,INYECTABLES,35,
SAN MARCOS,2023-05-01,5,2023,4,ENFERMERIA,INMUNIZACIONES,117,
DR. KORIMBLUM,2023-05-01,5,2023,4,ENFERMERIA,CONTROL TENSION ARTERIAL,71,
DR. KORIMBLUM,2023-05-01,5,2023,4,ENFERMERIA,GLUCEMIA,5,
DR. KORIMBLUM,2023-05-01,5,2023,4,ENFERMERIA,NEBULIZACIONES,4,
DR. KORIMBLUM,2023-05-01,5,2023,4,ENFERMERIA,PESO Y TALLA,181,
DR. KORIMBLUM,2023-05-01,5,2023,4,ENFERMERIA,CURACIONES,1,
DR. KORIMBLUM,2023-05-01,5,2023,4,ENFERMERIA,INYECTABLES,22,
DR. PEDRO BLUGERMAN,2023-05-01,5,2023,4,ENFERMERIA,CONTROL TENSION ARTERIAL,156,
DR. PEDRO BLUGERMAN,2023-05-01,5,2023,4,ENFERMERIA,TEMPERATURA,199,
DR. PEDRO BLUGERMAN,2023-05-01,5,2023,4,ENFERMERIA,GLUCEMIA,5,
DR. PEDRO BLUGERMAN,2023-05-01,5,2023,4,ENFERMERIA,NEBULIZACIONES,5,
DR. PEDRO BLUGERMAN,2023-05-01,5,2023,4,ENFERMERIA,PESO Y TALLA,464,
DR. PEDRO BLUGERMAN,2023-05-01,5,2023,4,ENFERMERIA,CURACIONES,12,
DR. PEDRO BLUGERMAN,2023-05-01,5,2023,4,ENFERMERIA,INYECTABLES,164,
DR. PEDRO BLUGERMAN,2023-05-01,5,2023,4,ENFERMERIA,INMUNIZACIONES,55,
DR. PEDRO BLUGERMAN,2023-05-01,5,2023,4,ENFERMERIA,ECOGRAFIAS,12,
Dr. CALMANASH,2023-05-01,5,2023,4,ENFERMERIA,CONTROL TENSION ARTERIAL,52,
Dr. CALMANASH,2023-05-01,5,2023,4,ENFERMERIA,TEMPERATURA,12,
Dr. CALMANASH,2023-05-01,5,2023,4,ENFERMERIA,NEBULIZACIONES,18,
Dr. CALMANASH,2023-05-01,5,2023,4,ENFERMERIA,PESO Y TALLA,41,
Dr. CALMANASH,2023-05-01,5,2023,4,ENFERMERIA,CURACIONES,12,
Dr. CALMANASH,2023-05-01,5,2023,4,ENFERMERIA,INYECTABLES,23,
Dr. CALMANASH,2023-05-01,5,2023,4,ENFERMERIA,INMUNIZACIONES,100,
GÜEMES,2023-05-01,5,2023,4,ENFERMERIA,CONTROL TENSION ARTERIAL,397,
GÜEMES,2023-05-01,5,2023,4,ENFERMERIA,TEMPERATURA,615,
GÜEMES,2023-05-01,5,2023,4,ENFERMERIA,GLUCEMIA,38,
GÜEMES,2023-05-01,5,2023,4,ENFERMERIA,PESO Y TALLA,624,
GÜEMES,2023-05-01,5,2023,4,ENFERMERIA,CURACIONES,55,
GÜEMES,2023-05-01,5,2023,4,ENFERMERIA,INYECTABLES,85,
GÜEMES,2023-05-01,5,2023,4,ENFERMERIA,INMUNIZACIONES,114,
GÜEMES,2023-05-01,5,2023,4,ENFERMERIA,PAP,7,
GÜEMES,2023-05-01,5,2023,4,ENFERMERIA,TEST HPV,7,
PUJOL,2023-05-01,5,2023,4,ENFERMERIA,CONTROL TENSION ARTERIAL,115,
PUJOL,2023-05-01,5,2023,4,ENFERMERIA,TEMPERATURA,38,
PUJOL,2023-05-01,5,2023,4,ENFERMERIA,GLUCEMIA,13,
PUJOL,2023-05-01,5,2023,4,ENFERMERIA,NEBULIZACIONES,19,
PUJOL,2023-05-01,5,2023,4,ENFERMERIA,PESO Y TALLA,343,
PUJOL,2023-05-01,5,2023,4,ENFERMERIA,CURACIONES,21,
PUJOL,2023-05-01,5,2023,4,ENFERMERIA,INYECTABLES,93,
PUJOL,2023-05-01,5,2023,4,ENFERMERIA,INMUNIZACIONES,77,
DR. MAURICIO OPEN,2023-05-01,5,2023,4,ENFERMERIA,CONTROL TENSION ARTERIAL,56,
DR. MAURICIO OPEN,2023-05-01,5,2023,4,ENFERMERIA,TEMPERATURA,11,
DR. MAURICIO OPEN,2023-05-01,5,2023,4,ENFERMERIA,GLUCEMIA,3,
DR. MAURICIO OPEN,2023-05-01,5,2023,4,ENFERMERIA,PESO Y TALLA,57,
DR. MAURICIO OPEN,2023-05-01,5,2023,4,ENFERMERIA,CURACIONES,11,
DR. MAURICIO OPEN,2023-05-01,5,2023,4,ENFERMERIA,INYECTABLES,15,
DR. MAURICIO OPEN,2023-05-01,5,2023,4,ENFERMERIA,INMUNIZACIONES,125,
DR. MAURICIO OPEN,2023-05-01,5,2023,4,ENFERMERIA,PAP,4,
DR. MAURICIO OPEN,2023-05-01,5,2023,4,ENFERMERIA,TEST HPV,4,
DR. JOSE DE LOS REYES VIDAL,2023-05-01,5,2023,4,ENFERMERIA,CONTROL TENSION ARTERIAL,310,
DR. JOSE DE LOS REYES VIDAL,2023-05-01,5,2023,4,ENFERMERIA,TEMPERATURA,10,
DR. JOSE DE LOS REYES VIDAL,2023-05-01,5,2023,4,ENFERMERIA,GLUCEMIA,340,
DR. JOSE DE LOS REYES VIDAL,2023-05-01,5,2023,4,ENFERMERIA,PESO Y TALLA,548,
DR. JOSE DE LOS REYES VIDAL,2023-05-01,5,2023,4,ENFERMERIA,CURACIONES,50,
DR. JOSE DE LOS REYES VIDAL,2023-05-01,5,2023,4,ENFERMERIA,INYECTABLES,258,
DR. JOSE DE LOS REYES VIDAL,2023-05-01,5,2023,4,ENFERMERIA,INMUNIZACIONES,67,
GDOR. ELIAS GALVAN,2023-05-01,5,2023,4,ENFERMERIA,CONTROL TENSION ARTERIAL,166,
GDOR. ELIAS GALVAN,2023-05-01,5,2023,4,ENFERMERIA,TEMPERATURA,50,
GDOR. ELIAS GALVAN,2023-05-01,5,2023,4,ENFERMERIA,GLUCEMIA,11,
GDOR. ELIAS GALVAN,2023-05-01,5,2023,4,ENFERMERIA,NEBULIZACIONES,11,
GDOR. ELIAS GALVAN,2023-05-01,5,2023,4,ENFERMERIA,PESO Y TALLA,464,
GDOR. ELIAS GALVAN,2023-05-01,5,2023,4,ENFERMERIA,CURACIONES,34,
GDOR. ELIAS GALVAN,2023-05-01,5,2023,4,ENFERMERIA,INYECTABLES,15,
GDOR. ELIAS GALVAN,2023-05-01,5,2023,4,ENFERMERIA,INMUNIZACIONES,60,
Dr. SANTIAGO LORENZO,2023-05-01,5,2023,4,ENFERMERIA,CONTROL TENSION ARTERIAL,269,
Dr. SANTIAGO LORENZO,2023-05-01,5,2023,4,ENFERMERIA,TEMPERATURA,9,
Dr. SANTIAGO LORENZO,2023-05-01,5,2023,4,ENFERMERIA,GLUCEMIA,17,
Dr. SANTIAGO LORENZO,2023-05-01,5,2023,4,ENFERMERIA,NEBULIZACIONES,17,
Dr. SANTIAGO LORENZO,2023-05-01,5,2023,4,ENFERMERIA,PESO Y TALLA,295,
Dr. SANTIAGO LORENZO,2023-05-01,5,2023,4,ENFERMERIA,CURACIONES,4,
Dr. SANTIAGO LORENZO,2023-05-01,5,2023,4,ENFERMERIA,INYECTABLES,54,
Dr. SANTIAGO LORENZO,2023-05-01,5,2023,4,ENFERMERIA,INMUNIZACIONES,130,
Dr. SANTIAGO LORENZO,2023-05-01,5,2023,4,ENFERMERIA,DIU,1,
SANTA MARTA,2023-05-01,5,2023,4,ENFERMERIA,CONTROL TENSION ARTERIAL,190,
SANTA MARTA,2023-05-01,5,2023,4,ENFERMERIA,TEMPERATURA,15,
SANTA MARTA,2023-05-01,5,2023,4,ENFERMERIA,GLUCEMIA,31,
SANTA MARTA,2023-05-01,5,2023,4,ENFERMERIA,PESO Y TALLA,271,
SANTA MARTA,2023-05-01,5,2023,4,ENFERMERIA,CURACIONES,7,
SANTA MARTA,2023-05-01,5,2023,4,ENFERMERIA,SUTURAS,8,
SANTA MARTA,2023-05-01,5,2023,4,ENFERMERIA,INYECTABLES,26,
SANTA MARTA,2023-05-01,5,2023,4,ENFERMERIA,INMUNIZACIONES,152,
DR MANUEL A. GONZALEZ,2023-05-01,5,2023,4,ENFERMERIA,CONTROL TENSION ARTERIAL,593,
DR MANUEL A. GONZALEZ,2023-05-01,5,2023,4,ENFERMERIA,TEMPERATURA,80,
DR MANUEL A. GONZALEZ,2023-05-01,5,2023,4,ENFERMERIA,GLUCEMIA,20,
DR MANUEL A. GONZALEZ,2023-05-01,5,2023,4,ENFERMERIA,NEBULIZACIONES,60,
DR MANUEL A. GONZALEZ,2023-05-01,5,2023,4,ENFERMERIA,PESO Y TALLA,1050,
DR MANUEL A. GONZALEZ,2023-05-01,5,2023,4,ENFERMERIA,CURACIONES,10,
DR MANUEL A. GONZALEZ,2023-05-01,5,2023,4,ENFERMERIA,INYECTABLES,68,
DR MANUEL A. GONZALEZ,2023-05-01,5,2023,4,ENFERMERIA,INMUNIZACIONES,89,
ESPERANZA,2023-05-01,5,2023,4,ENFERMERIA,CONTROL TENSION ARTERIAL,334,
ESPERANZA,2023-05-01,5,2023,4,ENFERMERIA,TEMPERATURA,75,
ESPERANZA,2023-05-01,5,2023,4,ENFERMERIA,GLUCEMIA,40,
ESPERANZA,2023-05-01,5,2023,4,ENFERMERIA,NEBULIZACIONES,18,
ESPERANZA,2023-05-01,5,2023,4,ENFERMERIA,PESO Y TALLA,916,
ESPERANZA,2023-05-01,5,2023,4,ENFERMERIA,CURACIONES,32,
ESPERANZA,2023-05-01,5,2023,4,ENFERMERIA,INYECTABLES,58,
ESPERANZA,2023-05-01,5,2023,4,ENFERMERIA,INMUNIZACIONES,187,
ESPERANZA,2023-05-01,5,2023,4,ENFERMERIA,PAP,5,
ESPERANZA,2023-05-01,5,2023,4,ENFERMERIA,DIU,1,
ESPERANZA,2023-05-01,5,2023,4,ENFERMERIA,TEST HPV,5,
DR. SEMPER,2023-05-01,5,2023,4,ENFERMERIA,CONTROL TENSION ARTERIAL,422,
DR. SEMPER,2023-05-01,5,2023,4,ENFERMERIA,TEMPERATURA,350,
DR. SEMPER,2023-05-01,5,2023,4,ENFERMERIA,GLUCEMIA,102,
DR. SEMPER,2023-05-01,5,2023,4,ENFERMERIA,NEBULIZACIONES,91,
DR. SEMPER,2023-05-01,5,2023,4,ENFERMERIA,PESO Y TALLA,1084,
DR. SEMPER,2023-05-01,5,2023,4,ENFERMERIA,CURACIONES,123,
DR. SEMPER,2023-05-01,5,2023,4,ENFERMERIA,SUTURAS,9,
DR. SEMPER,2023-05-01,5,2023,4,ENFERMERIA,INYECTABLES,307,
DR. SEMPER,2023-05-01,5,2023,4,ENFERMERIA,INMUNIZACIONES,75,
DR. ROSSI CANDIA,2023-05-01,5,2023,4,ENFERMERIA,CONTROL TENSION ARTERIAL,476,
DR. ROSSI CANDIA,2023-05-01,5,2023,4,ENFERMERIA,TEMPERATURA,19,
DR. ROSSI CANDIA,2023-05-01,5,2023,4,ENFERMERIA,GLUCEMIA,9,
DR. ROSSI CANDIA,2023-05-01,5,2023,4,ENFERMERIA,NEBULIZACIONES,7,
DR. ROSSI CANDIA,2023-05-01,5,2023,4,ENFERMERIA,PESO Y TALLA,645,
DR. ROSSI CANDIA,2023-05-01,5,2023,4,ENFERMERIA,CURACIONES,29,
DR. ROSSI CANDIA,2023-05-01,5,2023,4,ENFERMERIA,INYECTABLES,79,
DR. ROSSI CANDIA,2023-05-01,5,2023,4,ENFERMERIA,INMUNIZACIONES,148,
DR. ROSSI CANDIA,2023-05-01,5,2023,4,ENFERMERIA,PAP,9,
DR. ROSSI CANDIA,2023-05-01,5,2023,4,ENFERMERIA,TEST HPV,9,
DR. ROSSI CANDIA,2023-05-01,5,2023,4,ENFERMERIA,IMPLANTE SUBDERMICO,5,
DR. PIRCHI,2023-05-01,5,2023,4,ENFERMERIA,CONTROL TENSION ARTERIAL,334,
DR. PIRCHI,2023-05-01,5,2023,4,ENFERMERIA,TEMPERATURA,100,
DR. PIRCHI,2023-05-01,5,2023,4,ENFERMERIA,GLUCEMIA,36,
DR. PIRCHI,2023-05-01,5,2023,4,ENFERMERIA,PESO Y TALLA,395,
DR. PIRCHI,2023-05-01,5,2023,4,ENFERMERIA,CURACIONES,39,
DR. PIRCHI,2023-05-01,5,2023,4,ENFERMERIA,INYECTABLES,80,
DR. PIRCHI,2023-05-01,5,2023,4,ENFERMERIA,INMUNIZACIONES,121,
DR. PIRCHI,2023-05-01,5,2023,4,ENFERMERIA,PAP,7,
DR. PIRCHI,2023-05-01,5,2023,4,ENFERMERIA,ECOGRAFIAS,17,
DR. FLIER,2023-05-01,5,2023,4,ENFERMERIA,CONTROL TENSION ARTERIAL,165,
DR. FLIER,2023-05-01,5,2023,4,ENFERMERIA,TEMPERATURA,130,
DR. FLIER,2023-05-01,5,2023,4,ENFERMERIA,NEBULIZACIONES,123,
DR. FLIER,2023-05-01,5,2023,4,ENFERMERIA,PESO Y TALLA,132,
DR. FLIER,2023-05-01,5,2023,4,ENFERMERIA,CURACIONES,94,
DR. FLIER,2023-05-01,5,2023,4,ENFERMERIA,INYECTABLES,123,
DR. FLIER,2023-05-01,5,2023,4,ENFERMERIA,INMUNIZACIONES,10,
SAPUCAY,2023-05-01,5,2023,4,ENFERMERIA,CONTROL TENSION ARTERIAL,300,
SAPUCAY,2023-05-01,5,2023,4,ENFERMERIA,TEMPERATURA,60,
SAPUCAY,2023-05-01,5,2023,4,ENFERMERIA,GLUCEMIA,60,
SAPUCAY,2023-05-01,5,2023,4,ENFERMERIA,PESO Y TALLA,400,
SAPUCAY,2023-05-01,5,2023,4,ENFERMERIA,CURACIONES,50,
SAPUCAY,2023-05-01,5,2023,4,ENFERMERIA,INYECTABLES,40,
SAPUCAY,2023-05-01,5,2023,4,ENFERMERIA,INMUNIZACIONES,134,
SAPUCAY,2023-06-01,6,2023,4,ENFERMERIA,CONTROL TENSION ARTERIAL,300,
SAPUCAY,2023-06-01,6,2023,4,ENFERMERIA,TEMPERATURA,60,
SAPUCAY,2023-06-01,6,2023,4,ENFERMERIA,GLUCEMIA,80,
SAPUCAY,2023-06-01,6,2023,4,ENFERMERIA,NEBULIZACIONES,10,
SAPUCAY,2023-06-01,6,2023,4,ENFERMERIA,PESO Y TALLA,350,
SAPUCAY,2023-06-01,6,2023,4,ENFERMERIA,CURACIONES,70,
SAPUCAY,2023-06-01,6,2023,4,ENFERMERIA,SUTURAS,0,
SAPUCAY,2023-06-01,6,2023,4,ENFERMERIA,INYECTABLES,60,
SAPUCAY,2023-06-01,6,2023,4,ENFERMERIA,INMUNIZACIONES,88,
DR. KORIMBLUM,2023-06-01,6,2023,4,ENFERMERIA,CONTROL TENSION ARTERIAL,28,
DR. KORIMBLUM,2023-06-01,6,2023,4,ENFERMERIA,GLUCEMIA,11,
DR. KORIMBLUM,2023-06-01,6,2023,4,ENFERMERIA,PESO Y TALLA,26,
DR. KORIMBLUM,2023-06-01,6,2023,4,ENFERMERIA,INYECTABLES,17,
DR. KORIMBLUM,2023-06-01,6,2023,4,ENFERMERIA,INMUNIZACIONES,45,
SANTA MARTA,2023-06-01,6,2023,4,ENFERMERIA,CONTROL TENSION ARTERIAL,189,
SANTA MARTA,2023-06-01,6,2023,4,ENFERMERIA,TEMPERATURA,19,
SANTA MARTA,2023-06-01,6,2023,4,ENFERMERIA,GLUCEMIA,25,
SANTA MARTA,2023-06-01,6,2023,4,ENFERMERIA,NEBULIZACIONES,2,
SANTA MARTA,2023-06-01,6,2023,4,ENFERMERIA,PESO Y TALLA,256,
SANTA MARTA,2023-06-01,6,2023,4,ENFERMERIA,CURACIONES,12,
SANTA MARTA,2023-06-01,6,2023,4,ENFERMERIA,INYECTABLES,26,
SANTA MARTA,2023-06-01,6,2023,4,ENFERMERIA,INMUNIZACIONES,172,
QUINTA FERRE,2023-06-01,6,2023,4,ENFERMERIA,CONTROL TENSION ARTERIAL,94,
QUINTA FERRE,2023-06-01,6,2023,4,ENFERMERIA,TEMPERATURA,7,
QUINTA FERRE,2023-06-01,6,2023,4,ENFERMERIA,GLUCEMIA,48,
QUINTA FERRE,2023-06-01,6,2023,4,ENFERMERIA,PESO Y TALLA,132,
QUINTA FERRE,2023-06-01,6,2023,4,ENFERMERIA,CURACIONES,30,
QUINTA FERRE,2023-06-01,6,2023,4,ENFERMERIA,INYECTABLES,84,
QUINTA FERRE,2023-06-01,6,2023,4,ENFERMERIA,INMUNIZACIONES,156,
DR. CHERCOFF,2023-06-01,6,2023,4,ENFERMERIA,CONTROL TENSION ARTERIAL,119,
DR. CHERCOFF,2023-06-01,6,2023,4,ENFERMERIA,TEMPERATURA,76,
DR. CHERCOFF,2023-06-01,6,2023,4,ENFERMERIA,GLUCEMIA,5,
DR. CHERCOFF,2023-06-01,6,2023,4,ENFERMERIA,PESO Y TALLA,120,
DR. CHERCOFF,2023-06-01,6,2023,4,ENFERMERIA,CURACIONES,29,
DR. CHERCOFF,2023-06-01,6,2023,4,ENFERMERIA,INYECTABLES,17,
DR. CHERCOFF,2023-06-01,6,2023,4,ENFERMERIA,INMUNIZACIONES,44,
SAN MARCOS,2023-06-01,6,2023,4,ENFERMERIA,CONTROL TENSION ARTERIAL,163,
SAN MARCOS,2023-06-01,6,2023,4,ENFERMERIA,TEMPERATURA,23,
SAN MARCOS,2023-06-01,6,2023,4,ENFERMERIA,GLUCEMIA,5,
SAN MARCOS,2023-06-01,6,2023,4,ENFERMERIA,NEBULIZACIONES,5,
SAN MARCOS,2023-06-01,6,2023,4,ENFERMERIA,PESO Y TALLA,450,
SAN MARCOS,2023-06-01,6,2023,4,ENFERMERIA,CURACIONES,13,
SAN MARCOS,2023-06-01,6,2023,4,ENFERMERIA,INYECTABLES,58,
SAN MARCOS,2023-06-01,6,2023,4,ENFERMERIA,INMUNIZACIONES,93,
VILLA GARCIA,2023-06-01,6,2023,4,ENFERMERIA,CONTROL TENSION ARTERIAL,105,
VILLA GARCIA,2023-06-01,6,2023,4,ENFERMERIA,TEMPERATURA,13,
VILLA GARCIA,2023-06-01,6,2023,4,ENFERMERIA,GLUCEMIA,9,
VILLA GARCIA,2023-06-01,6,2023,4,ENFERMERIA,PESO Y TALLA,77,
VILLA GARCIA,2023-06-01,6,2023,4,ENFERMERIA,CURACIONES,12,
VILLA GARCIA,2023-06-01,6,2023,4,ENFERMERIA,INYECTABLES,19,
VILLA GARCIA,2023-06-01,6,2023,4,ENFERMERIA,INMUNIZACIONES,75,
DR. PEDRO BLUGERMAN,2023-06-01,6,2023,4,ENFERMERIA,CONTROL TENSION ARTERIAL,486,
DR. PEDRO BLUGERMAN,2023-06-01,6,2023,4,ENFERMERIA,TEMPERATURA,295,
DR. PEDRO BLUGERMAN,2023-06-01,6,2023,4,ENFERMERIA,GLUCEMIA,72,
DR. PEDRO BLUGERMAN,2023-06-01,6,2023,4,ENFERMERIA,NEBULIZACIONES,10,
DR. PEDRO BLUGERMAN,2023-06-01,6,2023,4,ENFERMERIA,PESO Y TALLA,536,
DR. PEDRO BLUGERMAN,2023-06-01,6,2023,4,ENFERMERIA,CURACIONES,68,
DR. PEDRO BLUGERMAN,2023-06-01,6,2023,4,ENFERMERIA,SUTURAS,12,
DR. PEDRO BLUGERMAN,2023-06-01,6,2023,4,ENFERMERIA,INYECTABLES,63,
DR. PEDRO BLUGERMAN,2023-06-01,6,2023,4,ENFERMERIA,INMUNIZACIONES,125,
DR. PEDRO BLUGERMAN,2023-06-01,6,2023,10,GINECOLOGIA,IMPLANTE SUBDERMICO,5,
DR. PEDRO BLUGERMAN,2023-06-01,6,2023,10,GINECOLOGIA,TEST HPV,4,
DR. MANUEL CASSUSO,2023-06-01,6,2023,10,GINECOLOGIA,IMPLANTE SUBDERMICO,1,
DR. MANUEL CASSUSO,2023-06-01,6,2023,4,ENFERMERIA,CONTROL TENSION ARTERIAL,271,
DR. MANUEL CASSUSO,2023-06-01,6,2023,4,ENFERMERIA,TEMPERATURA,29,
DR. MANUEL CASSUSO,2023-06-01,6,2023,4,ENFERMERIA,GLUCEMIA,3,
DR. MANUEL CASSUSO,2023-06-01,6,2023,4,ENFERMERIA,PESO Y TALLA,479,
DR. MANUEL CASSUSO,2023-06-01,6,2023,4,ENFERMERIA,CURACIONES,28,
DR. MANUEL CASSUSO,2023-06-01,6,2023,4,ENFERMERIA,INYECTABLES,59,
DR. MANUEL CASSUSO,2023-06-01,6,2023,4,ENFERMERIA,INMUNIZACIONES,138,
MARCELINO VERA,2023-06-01,6,2023,4,ENFERMERIA,CONTROL TENSION ARTERIAL,100,
MARCELINO VERA,2023-06-01,6,2023,4,ENFERMERIA,TEMPERATURA,30,
MARCELINO VERA,2023-06-01,6,2023,4,ENFERMERIA,GLUCEMIA,10,
MARCELINO VERA,2023-06-01,6,2023,4,ENFERMERIA,PESO Y TALLA,100,
MARCELINO VERA,2023-06-01,6,2023,4,ENFERMERIA,CURACIONES,20,
MARCELINO VERA,2023-06-01,6,2023,4,ENFERMERIA,INYECTABLES,35,
MARCELINO VERA,2023-06-01,6,2023,4,ENFERMERIA,INMUNIZACIONES,39,
PASO MARTINEZ,2023-06-01,6,2023,4,ENFERMERIA,CONTROL TENSION ARTERIAL,6,
PASO MARTINEZ,2023-06-01,6,2023,4,ENFERMERIA,PESO Y TALLA,54,
PASO MARTINEZ,2023-06-01,6,2023,4,ENFERMERIA,INYECTABLES,7,
PASO MARTINEZ,2023-06-01,6,2023,10,GINECOLOGIA,ECOGRAFIAS,4,
RIO PARANA,2023-06-01,6,2023,4,ENFERMERIA,CONTROL TENSION ARTERIAL,280,
RIO PARANA,2023-06-01,6,2023,4,ENFERMERIA,TEMPERATURA,140,
RIO PARANA,2023-06-01,6,2023,4,ENFERMERIA,GLUCEMIA,30,
RIO PARANA,2023-06-01,6,2023,4,ENFERMERIA,NEBULIZACIONES,15,
RIO PARANA,2023-06-01,6,2023,4,ENFERMERIA,PESO Y TALLA,205,
RIO PARANA,2023-06-01,6,2023,4,ENFERMERIA,CURACIONES,96,
RIO PARANA,2023-06-01,6,2023,4,ENFERMERIA,INYECTABLES,86,
RIO PARANA,2023-06-01,6,2023,4,ENFERMERIA,INMUNIZACIONES,167,
SANTA MARGARITA,2023-06-01,6,2023,4,ENFERMERIA,CONTROL TENSION ARTERIAL,150,
SANTA MARGARITA,2023-06-01,6,2023,4,ENFERMERIA,TEMPERATURA,10,
SANTA MARGARITA,2023-06-01,6,2023,4,ENFERMERIA,GLUCEMIA,5,
SANTA MARGARITA,2023-06-01,6,2023,4,ENFERMERIA,PESO Y TALLA,200,
SANTA MARGARITA,2023-06-01,6,2023,4,ENFERMERIA,CURACIONES,10,
SANTA MARGARITA,2023-06-01,6,2023,4,ENFERMERIA,INYECTABLES,45,
SANTA MARGARITA,2023-06-01,6,2023,4,ENFERMERIA,INMUNIZACIONES,39,
Dr. CALMANASH,2023-06-01,6,2023,4,ENFERMERIA,CONTROL TENSION ARTERIAL,198,
Dr. CALMANASH,2023-06-01,6,2023,4,ENFERMERIA,TEMPERATURA,12,
Dr. CALMANASH,2023-06-01,6,2023,4,ENFERMERIA,NEBULIZACIONES,24,
Dr. CALMANASH,2023-06-01,6,2023,4,ENFERMERIA,PESO Y TALLA,210,
Dr. CALMANASH,2023-06-01,6,2023,4,ENFERMERIA,CURACIONES,5,
Dr. CALMANASH,2023-06-01,6,2023,4,ENFERMERIA,INYECTABLES,78,
Dr. CALMANASH,2023-06-01,6,2023,4,ENFERMERIA,INMUNIZACIONES,60,
Dr. CALMANASH,2023-06-01,6,2023,10,GINECOLOGIA,PAP,4,
DR. JOSE DE LOS REYES VIDAL,2023-06-01,6,2023,4,ENFERMERIA,CONTROL TENSION ARTERIAL,250,
DR. JOSE DE LOS REYES VIDAL,2023-06-01,6,2023,4,ENFERMERIA,TEMPERATURA,10,
DR. JOSE DE LOS REYES VIDAL,2023-06-01,6,2023,4,ENFERMERIA,GLUCEMIA,280,
DR. JOSE DE LOS REYES VIDAL,2023-06-01,6,2023,4,ENFERMERIA,CURACIONES,40,
DR. JOSE DE LOS REYES VIDAL,2023-06-01,6,2023,4,ENFERMERIA,INYECTABLES,158,
DR. JOSE DE LOS REYES VIDAL,2023-06-01,6,2023,4,ENFERMERIA,INMUNIZACIONES,48,
CICHERO,2023-06-01,6,2023,4,ENFERMERIA,CONTROL TENSION ARTERIAL,193,
CICHERO,2023-06-01,6,2023,4,ENFERMERIA,TEMPERATURA,17,
CICHERO,2023-06-01,6,2023,4,ENFERMERIA,GLUCEMIA,55,
CICHERO,2023-06-01,6,2023,4,ENFERMERIA,PESO Y TALLA,268,
CICHERO,2023-06-01,6,2023,4,ENFERMERIA,CURACIONES,24,
CICHERO,2023-06-01,6,2023,4,ENFERMERIA,INYECTABLES,144,
CICHERO,2023-06-01,6,2023,4,ENFERMERIA,INMUNIZACIONES,161,
VILLA GARCIA,2023-06-01,6,2023,4,ENFERMERIA,CONTROL TENSION ARTERIAL,105,
VILLA GARCIA,2023-06-01,6,2023,4,ENFERMERIA,TEMPERATURA,13,
VILLA GARCIA,2023-06-01,6,2023,4,ENFERMERIA,GLUCEMIA,9,
VILLA GARCIA,2023-06-01,6,2023,4,ENFERMERIA,PESO Y TALLA,77,
VILLA GARCIA,2023-06-01,6,2023,4,ENFERMERIA,CURACIONES,12,
VILLA GARCIA,2023-06-01,6,2023,4,ENFERMERIA,INYECTABLES,19,
VILLA GARCIA,2023-06-01,6,2023,4,ENFERMERIA,INMUNIZACIONES,75,
Dr. SANTIAGO LORENZO,2023-06-01,6,2023,4,ENFERMERIA,CONTROL TENSION ARTERIAL,286,
Dr. SANTIAGO LORENZO,2023-06-01,6,2023,4,ENFERMERIA,TEMPERATURA,7,
Dr. SANTIAGO LORENZO,2023-06-01,6,2023,4,ENFERMERIA,GLUCEMIA,7,
Dr. SANTIAGO LORENZO,2023-06-01,6,2023,4,ENFERMERIA,NEBULIZACIONES,2,
Dr. SANTIAGO LORENZO,2023-06-01,6,2023,4,ENFERMERIA,PESO Y TALLA,242,
Dr. SANTIAGO LORENZO,2023-06-01,6,2023,4,ENFERMERIA,CURACIONES,7,
Dr. SANTIAGO LORENZO,2023-06-01,6,2023,4,ENFERMERIA,INYECTABLES,50,
Dr. SANTIAGO LORENZO,2023-06-01,6,2023,4,ENFERMERIA,INMUNIZACIONES,117,
GDOR. ELIAS GALVAN,2023-06-01,6,2023,4,ENFERMERIA,CONTROL TENSION ARTERIAL,173,
GDOR. ELIAS GALVAN,2023-06-01,6,2023,4,ENFERMERIA,TEMPERATURA,64,
GDOR. ELIAS GALVAN,2023-06-01,6,2023,4,ENFERMERIA,GLUCEMIA,13,
GDOR. ELIAS GALVAN,2023-06-01,6,2023,4,ENFERMERIA,PESO Y TALLA,438,
GDOR. ELIAS GALVAN,2023-06-01,6,2023,4,ENFERMERIA,CURACIONES,60,
GDOR. ELIAS GALVAN,2023-06-01,6,2023,4,ENFERMERIA,INYECTABLES,30,
GDOR. ELIAS GALVAN,2023-06-01,6,2023,4,ENFERMERIA,INMUNIZACIONES,90,
DR. FLIER,2023-06-01,6,2023,4,ENFERMERIA,CONTROL TENSION ARTERIAL,107,
DR. FLIER,2023-06-01,6,2023,4,ENFERMERIA,TEMPERATURA,105,
DR. FLIER,2023-06-01,6,2023,4,ENFERMERIA,GLUCEMIA,17,
DR. FLIER,2023-06-01,6,2023,4,ENFERMERIA,PESO Y TALLA,163,
DR. FLIER,2023-06-01,6,2023,4,ENFERMERIA,CURACIONES,75,
DR. FLIER,2023-06-01,6,2023,4,ENFERMERIA,INYECTABLES,134,
DR. FLIER,2023-06-01,6,2023,4,ENFERMERIA,INMUNIZACIONES,24,
DR. BENJAMIN SERRANO,2023-06-01,6,2023,4,ENFERMERIA,CONTROL TENSION ARTERIAL,180,
DR. BENJAMIN SERRANO,2023-06-01,6,2023,4,ENFERMERIA,TEMPERATURA,55,
DR. BENJAMIN SERRANO,2023-06-01,6,2023,4,ENFERMERIA,GLUCEMIA,13,
DR. BENJAMIN SERRANO,2023-06-01,6,2023,4,ENFERMERIA,PESO Y TALLA,203,
DR. BENJAMIN SERRANO,2023-06-01,6,2023,4,ENFERMERIA,CURACIONES,22,
DR. BENJAMIN SERRANO,2023-06-01,6,2023,4,ENFERMERIA,INYECTABLES,59,
DR. BENJAMIN SERRANO,2023-06-01,6,2023,4,ENFERMERIA,INMUNIZACIONES,79,
DR. MAURICIO OPEN,2023-06-01,6,2023,4,ENFERMERIA,CONTROL TENSION ARTERIAL,46,
DR. MAURICIO OPEN,2023-06-01,6,2023,4,ENFERMERIA,TEMPERATURA,3,
DR. MAURICIO OPEN,2023-06-01,6,2023,4,ENFERMERIA,GLUCEMIA,3,
DR. MAURICIO OPEN,2023-06-01,6,2023,4,ENFERMERIA,PESO Y TALLA,35,
DR. MAURICIO OPEN,2023-06-01,6,2023,4,ENFERMERIA,CURACIONES,21,
DR. MAURICIO OPEN,2023-06-01,6,2023,4,ENFERMERIA,INYECTABLES,16,
DR. MAURICIO OPEN,2023-06-01,6,2023,4,ENFERMERIA,INMUNIZACIONES,60,
DR MANUEL A. GONZALEZ,2023-06-01,6,2023,4,ENFERMERIA,CONTROL TENSION ARTERIAL,620,
DR MANUEL A. GONZALEZ,2023-06-01,6,2023,4,ENFERMERIA,TEMPERATURA,30,
DR MANUEL A. GONZALEZ,2023-06-01,6,2023,4,ENFERMERIA,GLUCEMIA,20,
DR MANUEL A. GONZALEZ,2023-06-01,6,2023,4,ENFERMERIA,NEBULIZACIONES,50,
DR MANUEL A. GONZALEZ,2023-06-01,6,2023,4,ENFERMERIA,PESO Y TALLA,847,
DR MANUEL A. GONZALEZ,2023-06-01,6,2023,4,ENFERMERIA,CURACIONES,30,
DR MANUEL A. GONZALEZ,2023-06-01,6,2023,4,ENFERMERIA,INYECTABLES,150,
DR MANUEL A. GONZALEZ,2023-06-01,6,2023,4,ENFERMERIA,INMUNIZACIONES,92,
ITATI,2023-06-01,6,2023,4,ENFERMERIA,CONTROL TENSION ARTERIAL,220,
ITATI,2023-06-01,6,2023,4,ENFERMERIA,TEMPERATURA,30,
ITATI,2023-06-01,6,2023,4,ENFERMERIA,GLUCEMIA,2,
ITATI,2023-06-01,6,2023,4,ENFERMERIA,NEBULIZACIONES,14,
ITATI,2023-06-01,6,2023,4,ENFERMERIA,PESO Y TALLA,486,
ITATI,2023-06-01,6,2023,4,ENFERMERIA,CURACIONES,11,
ITATI,2023-06-01,6,2023,4,ENFERMERIA,INYECTABLES,120,
ITATI,2023-06-01,6,2023,4,ENFERMERIA,INMUNIZACIONES,107,
ITATI,2023-06-01,6,2023,10,GINECOLOGIA,PAP,4,
ITATI,2023-06-01,6,2023,10,GINECOLOGIA,TEST HPV,4,
GÜEMES,2023-06-01,6,2023,4,ENFERMERIA,CONTROL TENSION ARTERIAL,369,
GÜEMES,2023-06-01,6,2023,4,ENFERMERIA,TEMPERATURA,45,
GÜEMES,2023-06-01,6,2023,4,ENFERMERIA,GLUCEMIA,10,
GÜEMES,2023-06-01,6,2023,4,ENFERMERIA,PESO Y TALLA,431,
GÜEMES,2023-06-01,6,2023,4,ENFERMERIA,CURACIONES,51,
GÜEMES,2023-06-01,6,2023,4,ENFERMERIA,INYECTABLES,71,
GÜEMES,2023-06-01,6,2023,4,ENFERMERIA,INMUNIZACIONES,112,
GÜEMES,2023-06-01,6,2023,10,GINECOLOGIA,PAP,2,
GÜEMES,2023-06-01,6,2023,10,GINECOLOGIA,TEST HPV,2,
PUJOL,2023-06-01,6,2023,4,ENFERMERIA,CONTROL TENSION ARTERIAL,168,
PUJOL,2023-06-01,6,2023,4,ENFERMERIA,TEMPERATURA,36,
PUJOL,2023-06-01,6,2023,4,ENFERMERIA,GLUCEMIA,24,
PUJOL,2023-06-01,6,2023,4,ENFERMERIA,NEBULIZACIONES,78,
PUJOL,2023-06-01,6,2023,4,ENFERMERIA,PESO Y TALLA,360,
PUJOL,2023-06-01,6,2023,4,ENFERMERIA,CURACIONES,24,
PUJOL,2023-06-01,6,2023,4,ENFERMERIA,INYECTABLES,116,
PUJOL,2023-06-01,6,2023,4,ENFERMERIA,INMUNIZACIONES,81,
PUJOL,2023-06-01,6,2023,10,GINECOLOGIA,ECOGRAFIAS,29,
DR. SEMPER,2023-06-01,6,2023,4,ENFERMERIA,CONTROL TENSION ARTERIAL,532,
DR. SEMPER,2023-06-01,6,2023,4,ENFERMERIA,TEMPERATURA,220,
DR. SEMPER,2023-06-01,6,2023,4,ENFERMERIA,GLUCEMIA,150,
DR. SEMPER,2023-06-01,6,2023,4,ENFERMERIA,NEBULIZACIONES,200,
DR. SEMPER,2023-06-01,6,2023,4,ENFERMERIA,PESO Y TALLA,1000,
DR. SEMPER,2023-06-01,6,2023,4,ENFERMERIA,CURACIONES,700,
DR. SEMPER,2023-06-01,6,2023,4,ENFERMERIA,SUTURAS,8,
DR. SEMPER,2023-06-01,6,2023,4,ENFERMERIA,INYECTABLES,800,
DR. SEMPER,2023-06-01,6,2023,4,ENFERMERIA,INMUNIZACIONES,35,
ESPERANZA,2023-06-01,6,2023,4,ENFERMERIA,CONTROL TENSION ARTERIAL,310,
ESPERANZA,2023-06-01,6,2023,4,ENFERMERIA,TEMPERATURA,265,
ESPERANZA,2023-06-01,6,2023,4,ENFERMERIA,GLUCEMIA,77,
ESPERANZA,2023-06-01,6,2023,4,ENFERMERIA,NEBULIZACIONES,8,
ESPERANZA,2023-06-01,6,2023,4,ENFERMERIA,PESO Y TALLA,930,
ESPERANZA,2023-06-01,6,2023,4,ENFERMERIA,CURACIONES,24,
ESPERANZA,2023-06-01,6,2023,4,ENFERMERIA,INYECTABLES,49,
ESPERANZA,2023-06-01,6,2023,4,ENFERMERIA,INMUNIZACIONES,226,
ESPERANZA,2023-06-01,6,2023,10,GINECOLOGIA,PAP,2,
ESPERANZA,2023-06-01,6,2023,10,GINECOLOGIA,DIU,1,
DR. ANIBAL MALVIDO,2023-06-01,6,2023,4,ENFERMERIA,CONTROL TENSION ARTERIAL,110,
DR. ANIBAL MALVIDO,2023-06-01,6,2023,4,ENFERMERIA,TEMPERATURA,6,
DR. ANIBAL MALVIDO,2023-06-01,6,2023,4,ENFERMERIA,GLUCEMIA,20,
DR. ANIBAL MALVIDO,2023-06-01,6,2023,4,ENFERMERIA,NEBULIZACIONES,25,
DR. ANIBAL MALVIDO,2023-06-01,6,2023,4,ENFERMERIA,PESO Y TALLA,186,
DR. ANIBAL MALVIDO,2023-06-01,6,2023,4,ENFERMERIA,CURACIONES,23,
DR. ANIBAL MALVIDO,2023-06-01,6,2023,4,ENFERMERIA,INYECTABLES,68,
DR. ANIBAL MALVIDO,2023-06-01,6,2023,4,ENFERMERIA,INMUNIZACIONES,288,
DR. ANIBAL MALVIDO,2023-06-01,6,2023,10,GINECOLOGIA,PAP,3,
DR. ANIBAL MALVIDO,2023-06-01,6,2023,10,GINECOLOGIA,ECOGRAFIAS,33,
DR. ANIBAL MALVIDO,2023-06-01,6,2023,10,GINECOLOGIA,IMPLANTE SUBDERMICO,2,
DR. SUSSINI,2023-06-01,6,2023,4,ENFERMERIA,CONTROL TENSION ARTERIAL,377,
DR. SUSSINI,2023-06-01,6,2023,4,ENFERMERIA,TEMPERATURA,27,
DR. SUSSINI,2023-06-01,6,2023,4,ENFERMERIA,GLUCEMIA,42,
DR. SUSSINI,2023-06-01,6,2023,4,ENFERMERIA,PESO Y TALLA,347,
DR. SUSSINI,2023-06-01,6,2023,4,ENFERMERIA,CURACIONES,27,
DR. SUSSINI,2023-06-01,6,2023,4,ENFERMERIA,INYECTABLES,236,
DR. SUSSINI,2023-06-01,6,2023,4,ENFERMERIA,INMUNIZACIONES,350,
DR. SUSSINI,2023-06-01,6,2023,10,GINECOLOGIA,ECOGRAFIAS,15,
DR. ALBERTO LIFSCHITZ,2023-06-01,6,2023,4,ENFERMERIA,CONTROL TENSION ARTERIAL,90,
DR. ALBERTO LIFSCHITZ,2023-06-01,6,2023,4,ENFERMERIA,TEMPERATURA,89,
DR. ALBERTO LIFSCHITZ,2023-06-01,6,2023,4,ENFERMERIA,GLUCEMIA,18,
DR. ALBERTO LIFSCHITZ,2023-06-01,6,2023,4,ENFERMERIA,PESO Y TALLA,120,
DR. ALBERTO LIFSCHITZ,2023-06-01,6,2023,4,ENFERMERIA,CURACIONES,20,
DR. ALBERTO LIFSCHITZ,2023-06-01,6,2023,4,ENFERMERIA,INYECTABLES,60,
DR. ALBERTO LIFSCHITZ,2023-06-01,6,2023,4,ENFERMERIA,INMUNIZACIONES,200,
DR. ALBERTO LIFSCHITZ,2023-06-01,6,2023,10,GINECOLOGIA,PAP,50,
DR. ALBERTO LIFSCHITZ,2023-06-01,6,2023,10,GINECOLOGIA,IMPLANTE SUBDERMICO,30,
DR. PIRCHI,2023-06-01,6,2023,4,ENFERMERIA,CONTROL TENSION ARTERIAL,22,
DR. PIRCHI,2023-06-01,6,2023,4,ENFERMERIA,TEMPERATURA,60,
DR. PIRCHI,2023-06-01,6,2023,4,ENFERMERIA,GLUCEMIA,60,
DR. PIRCHI,2023-06-01,6,2023,4,ENFERMERIA,NEBULIZACIONES,2,
DR. PIRCHI,2023-06-01,6,2023,4,ENFERMERIA,PESO Y TALLA,285,
DR. PIRCHI,2023-06-01,6,2023,4,ENFERMERIA,CURACIONES,55,
DR. PIRCHI,2023-06-01,6,2023,4,ENFERMERIA,INYECTABLES,55,
DR. PIRCHI,2023-06-01,6,2023,4,ENFERMERIA,INMUNIZACIONES,144,
DR. PIRCHI,2023-06-01,6,2023,10,GINECOLOGIA,ECOGRAFIAS,17,
DR. ROSSI CANDIA,2023-06-01,6,2023,4,ENFERMERIA,CONTROL TENSION ARTERIAL,608,
DR. ROSSI CANDIA,2023-06-01,6,2023,4,ENFERMERIA,TEMPERATURA,11,
DR. ROSSI CANDIA,2023-06-01,6,2023,4,ENFERMERIA,GLUCEMIA,8,
DR. ROSSI CANDIA,2023-06-01,6,2023,4,ENFERMERIA,PESO Y TALLA,892,
DR. ROSSI CANDIA,2023-06-01,6,2023,4,ENFERMERIA,CURACIONES,15,
DR. ROSSI CANDIA,2023-06-01,6,2023,4,ENFERMERIA,SUTURAS,1,
DR. ROSSI CANDIA,2023-06-01,6,2023,4,ENFERMERIA,INYECTABLES,122,
DR. ROSSI CANDIA,2023-06-01,6,2023,4,ENFERMERIA,INMUNIZACIONES,289,
DR. ROSSI CANDIA,2023-06-01,6,2023,10,GINECOLOGIA,PAP,8,
DR. ROSSI CANDIA,2023-06-01,6,2023,10,GINECOLOGIA,ECOGRAFIAS,41,
GDOR. ELIAS GALVAN,2023-07-01,7,2023,4,ENFERMERIA,CONTROL TENSION ARTERIAL,94,
GDOR. ELIAS GALVAN,2023-07-01,7,2023,4,ENFERMERIA,TEMPERATURA,82,
GDOR. ELIAS GALVAN,2023-07-01,7,2023,4,ENFERMERIA,GLUCEMIA,10,
GDOR. ELIAS GALVAN,2023-07-01,7,2023,4,ENFERMERIA,NEBULIZACIONES,2,
GDOR. ELIAS GALVAN,2023-07-01,7,2023,4,ENFERMERIA,PESO Y TALLA,128,
GDOR. ELIAS GALVAN,2023-07-01,7,2023,4,ENFERMERIA,CURACIONES,114,
GDOR. ELIAS GALVAN,2023-07-01,7,2023,4,ENFERMERIA,INYECTABLES,25,
GDOR. ELIAS GALVAN,2023-07-01,7,2023,4,ENFERMERIA,INMUNIZACIONES,22,
CICHERO,2023-07-01,7,2023,4,ENFERMERIA,CONTROL TENSION ARTERIAL,172,
CICHERO,2023-07-01,7,2023,4,ENFERMERIA,TEMPERATURA,14,
CICHERO,2023-07-01,7,2023,4,ENFERMERIA,GLUCEMIA,50,
CICHERO,2023-07-01,7,2023,4,ENFERMERIA,PESO Y TALLA,242,
CICHERO,2023-07-01,7,2023,4,ENFERMERIA,CURACIONES,20,
CICHERO,2023-07-01,7,2023,4,ENFERMERIA,INYECTABLES,100,
CICHERO,2023-07-01,7,2023,4,ENFERMERIA,INMUNIZACIONES,188,
DR. MANUEL CASSUSO,2023-07-01,7,2023,4,ENFERMERIA,CONTROL TENSION ARTERIAL,167,
DR. MANUEL CASSUSO,2023-07-01,7,2023,4,ENFERMERIA,TEMPERATURA,4,
DR. MANUEL CASSUSO,2023-07-01,7,2023,4,ENFERMERIA,PESO Y TALLA,232,
DR. MANUEL CASSUSO,2023-07-01,7,2023,4,ENFERMERIA,CURACIONES,27,
DR. MANUEL CASSUSO,2023-07-01,7,2023,4,ENFERMERIA,INYECTABLES,45,
DR. MANUEL CASSUSO,2023-07-01,7,2023,4,ENFERMERIA,INMUNIZACIONES,84,
DR. CHERCOFF,2023-07-01,7,2023,10,GINECOLOGIA,PAP,2,
DR. CHERCOFF,2023-07-01,7,2023,4,ENFERMERIA,CONTROL TENSION ARTERIAL,223,
DR. CHERCOFF,2023-07-01,7,2023,4,ENFERMERIA,TEMPERATURA,120,
DR. CHERCOFF,2023-07-01,7,2023,4,ENFERMERIA,GLUCEMIA,5,
DR. CHERCOFF,2023-07-01,7,2023,4,ENFERMERIA,NEBULIZACIONES,6,
DR. CHERCOFF,2023-07-01,7,2023,4,ENFERMERIA,PESO Y TALLA,192,
DR. CHERCOFF,2023-07-01,7,2023,4,ENFERMERIA,CURACIONES,40,
DR. CHERCOFF,2023-07-01,7,2023,4,ENFERMERIA,INYECTABLES,69,
DR. CHERCOFF,2023-07-01,7,2023,4,ENFERMERIA,INMUNIZACIONES,11,
Dr. CALMANASH,2023-07-01,7,2023,4,ENFERMERIA,CONTROL TENSION ARTERIAL,115,
Dr. CALMANASH,2023-07-01,7,2023,4,ENFERMERIA,TEMPERATURA,22,
Dr. CALMANASH,2023-07-01,7,2023,4,ENFERMERIA,NEBULIZACIONES,35,
Dr. CALMANASH,2023-07-01,7,2023,4,ENFERMERIA,PESO Y TALLA,138,
Dr. CALMANASH,2023-07-01,7,2023,4,ENFERMERIA,CURACIONES,15,
Dr. CALMANASH,2023-07-01,7,2023,4,ENFERMERIA,INYECTABLES,60,
Dr. CALMANASH,2023-07-01,7,2023,4,ENFERMERIA,INMUNIZACIONES,59,
Dr. CALMANASH,2023-07-01,7,2023,10,GINECOLOGIA,ECOGRAFIAS,15,
DR. KORIMBLUM,2023-07-01,7,2023,4,ENFERMERIA,CONTROL TENSION ARTERIAL,42,
DR. KORIMBLUM,2023-07-01,7,2023,4,ENFERMERIA,GLUCEMIA,10,
DR. KORIMBLUM,2023-07-01,7,2023,4,ENFERMERIA,PESO Y TALLA,147,
DR. KORIMBLUM,2023-07-01,7,2023,4,ENFERMERIA,CURACIONES,3,
DR. KORIMBLUM,2023-07-01,7,2023,4,ENFERMERIA,INYECTABLES,18,
DR. KORIMBLUM,2023-07-01,7,2023,4,ENFERMERIA,INMUNIZACIONES,28,
ITATI,2023-07-01,7,2023,4,ENFERMERIA,CONTROL TENSION ARTERIAL,122,
ITATI,2023-07-01,7,2023,4,ENFERMERIA,TEMPERATURA,20,
ITATI,2023-07-01,7,2023,4,ENFERMERIA,GLUCEMIA,5,
ITATI,2023-07-01,7,2023,4,ENFERMERIA,NEBULIZACIONES,35,
ITATI,2023-07-01,7,2023,4,ENFERMERIA,PESO Y TALLA,361,
ITATI,2023-07-01,7,2023,4,ENFERMERIA,CURACIONES,11,
ITATI,2023-07-01,7,2023,4,ENFERMERIA,INYECTABLES,68,
ITATI,2023-07-01,7,2023,4,ENFERMERIA,INMUNIZACIONES,98,
ITATI,2023-07-01,7,2023,10,GINECOLOGIA,PAP,4,
ITATI,2023-07-01,7,2023,4,ENFERMERIA,TEST HPV,2,
PASO MARTINEZ,2023-07-01,7,2023,4,ENFERMERIA,CONTROL TENSION ARTERIAL,9,
PASO MARTINEZ,2023-07-01,7,2023,4,ENFERMERIA,PESO Y TALLA,70,
PASO MARTINEZ,2023-07-01,7,2023,4,ENFERMERIA,INYECTABLES,3,
PASO MARTINEZ,2023-07-01,7,2023,10,GINECOLOGIA,PAP,2,
PASO MARTINEZ,2023-07-01,7,2023,10,GINECOLOGIA,ECOGRAFIAS,7,
DR. MAURICIO OPEN,2023-07-01,7,2023,4,ENFERMERIA,CONTROL TENSION ARTERIAL,46,
DR. MAURICIO OPEN,2023-07-01,7,2023,4,ENFERMERIA,TEMPERATURA,1,
DR. MAURICIO OPEN,2023-07-01,7,2023,4,ENFERMERIA,GLUCEMIA,8,
DR. MAURICIO OPEN,2023-07-01,7,2023,4,ENFERMERIA,PESO Y TALLA,5,
DR. MAURICIO OPEN,2023-07-01,7,2023,4,ENFERMERIA,CURACIONES,6,
DR. MAURICIO OPEN,2023-07-01,7,2023,4,ENFERMERIA,INYECTABLES,9,
DR. MAURICIO OPEN,2023-07-01,7,2023,4,ENFERMERIA,INMUNIZACIONES,36,
MARCELINO VERA,2023-07-01,7,2023,4,ENFERMERIA,CONTROL TENSION ARTERIAL,110,
MARCELINO VERA,2023-07-01,7,2023,4,ENFERMERIA,TEMPERATURA,25,
MARCELINO VERA,2023-07-01,7,2023,4,ENFERMERIA,GLUCEMIA,10,
MARCELINO VERA,2023-07-01,7,2023,4,ENFERMERIA,NEBULIZACIONES,5,
MARCELINO VERA,2023-07-01,7,2023,4,ENFERMERIA,PESO Y TALLA,100,
MARCELINO VERA,2023-07-01,7,2023,4,ENFERMERIA,CURACIONES,10,
MARCELINO VERA,2023-07-01,7,2023,4,ENFERMERIA,INYECTABLES,36,
MARCELINO VERA,2023-07-01,7,2023,4,ENFERMERIA,INMUNIZACIONES,42,
DR MANUEL A. GONZALEZ,2023-07-01,7,2023,4,ENFERMERIA,CONTROL TENSION ARTERIAL,186,
DR MANUEL A. GONZALEZ,2023-07-01,7,2023,4,ENFERMERIA,TEMPERATURA,80,
DR MANUEL A. GONZALEZ,2023-07-01,7,2023,4,ENFERMERIA,GLUCEMIA,18,
DR MANUEL A. GONZALEZ,2023-07-01,7,2023,4,ENFERMERIA,NEBULIZACIONES,30,
DR MANUEL A. GONZALEZ,2023-07-01,7,2023,4,ENFERMERIA,PESO Y TALLA,152,
DR MANUEL A. GONZALEZ,2023-07-01,7,2023,4,ENFERMERIA,CURACIONES,10,
DR MANUEL A. GONZALEZ,2023-07-01,7,2023,4,ENFERMERIA,SUTURAS,1,
DR MANUEL A. GONZALEZ,2023-07-01,7,2023,4,ENFERMERIA,INYECTABLES,67,
DR MANUEL A. GONZALEZ,2023-07-01,7,2023,4,ENFERMERIA,INMUNIZACIONES,76,
PUJOL,2023-07-01,7,2023,4,ENFERMERIA,CONTROL TENSION ARTERIAL,43,
PUJOL,2023-07-01,7,2023,4,ENFERMERIA,TEMPERATURA,8,
PUJOL,2023-07-01,7,2023,4,ENFERMERIA,GLUCEMIA,5,
PUJOL,2023-07-01,7,2023,4,ENFERMERIA,NEBULIZACIONES,6,
PUJOL,2023-07-01,7,2023,4,ENFERMERIA,PESO Y TALLA,86,
PUJOL,2023-07-01,7,2023,4,ENFERMERIA,CURACIONES,5,
PUJOL,2023-07-01,7,2023,4,ENFERMERIA,INYECTABLES,27,
PUJOL,2023-07-01,7,2023,4,ENFERMERIA,INMUNIZACIONES,16,
GÜEMES,2023-07-01,7,2023,4,ENFERMERIA,CONTROL TENSION ARTERIAL,296,
GÜEMES,2023-07-01,7,2023,4,ENFERMERIA,TEMPERATURA,65,
GÜEMES,2023-07-01,7,2023,4,ENFERMERIA,GLUCEMIA,6,
GÜEMES,2023-07-01,7,2023,4,ENFERMERIA,NEBULIZACIONES,10,
GÜEMES,2023-07-01,7,2023,4,ENFERMERIA,PESO Y TALLA,398,
GÜEMES,2023-07-01,7,2023,4,ENFERMERIA,CURACIONES,79,
GÜEMES,2023-07-01,7,2023,4,ENFERMERIA,INYECTABLES,69,
GÜEMES,2023-07-01,7,2023,4,ENFERMERIA,INMUNIZACIONES,110,
DR. ANIBAL MALVIDO,2023-07-01,7,2023,4,ENFERMERIA,CONTROL TENSION ARTERIAL,150,
DR. ANIBAL MALVIDO,2023-07-01,7,2023,4,ENFERMERIA,TEMPERATURA,20,
DR. ANIBAL MALVIDO,2023-07-01,7,2023,4,ENFERMERIA,GLUCEMIA,50,
DR. ANIBAL MALVIDO,2023-07-01,7,2023,4,ENFERMERIA,NEBULIZACIONES,6,
DR. ANIBAL MALVIDO,2023-07-01,7,2023,4,ENFERMERIA,PESO Y TALLA,360,
DR. ANIBAL MALVIDO,2023-07-01,7,2023,4,ENFERMERIA,CURACIONES,30,
DR. ANIBAL MALVIDO,2023-07-01,7,2023,4,ENFERMERIA,SUTURAS,4,
DR. ANIBAL MALVIDO,2023-07-01,7,2023,4,ENFERMERIA,INYECTABLES,360,
DR. ANIBAL MALVIDO,2023-07-01,7,2023,4,ENFERMERIA,INMUNIZACIONES,283,
DR. ANIBAL MALVIDO,2023-07-01,7,2023,10,GINECOLOGIA,PAP,4,
DR. ANIBAL MALVIDO,2023-07-01,7,2023,10,GINECOLOGIA,ECOGRAFIAS,26,
DR. JOSE DE LOS REYES VIDAL,2023-07-01,7,2023,4,ENFERMERIA,CONTROL TENSION ARTERIAL,274,
DR. JOSE DE LOS REYES VIDAL,2023-07-01,7,2023,4,ENFERMERIA,GLUCEMIA,250,
DR. JOSE DE LOS REYES VIDAL,2023-07-01,7,2023,4,ENFERMERIA,PESO Y TALLA,509,
DR. JOSE DE LOS REYES VIDAL,2023-07-01,7,2023,4,ENFERMERIA,CURACIONES,10,
DR. JOSE DE LOS REYES VIDAL,2023-07-01,7,2023,4,ENFERMERIA,INYECTABLES,65,
SAN MARCOS,2023-07-01,7,2023,4,ENFERMERIA,CONTROL TENSION ARTERIAL,112,
SAN MARCOS,2023-07-01,7,2023,4,ENFERMERIA,TEMPERATURA,10,
SAN MARCOS,2023-07-01,7,2023,4,ENFERMERIA,NEBULIZACIONES,15,
SAN MARCOS,2023-07-01,7,2023,4,ENFERMERIA,PESO Y TALLA,326,
SAN MARCOS,2023-07-01,7,2023,4,ENFERMERIA,CURACIONES,10,
SAN MARCOS,2023-07-01,7,2023,4,ENFERMERIA,INYECTABLES,33,
SAN MARCOS,2023-07-01,7,2023,4,ENFERMERIA,INMUNIZACIONES,55,
SANTA MARGARITA,2023-07-01,7,2023,4,ENFERMERIA,CONTROL TENSION ARTERIAL,135,
SANTA MARGARITA,2023-07-01,7,2023,4,ENFERMERIA,TEMPERATURA,45,
SANTA MARGARITA,2023-07-01,7,2023,4,ENFERMERIA,GLUCEMIA,20,
SANTA MARGARITA,2023-07-01,7,2023,4,ENFERMERIA,PESO Y TALLA,156,
SANTA MARGARITA,2023-07-01,7,2023,4,ENFERMERIA,CURACIONES,10,
SANTA MARGARITA,2023-07-01,7,2023,4,ENFERMERIA,INYECTABLES,55,
SANTA MARGARITA,2023-07-01,7,2023,4,ENFERMERIA,INMUNIZACIONES,27,
SANTA MARTA,2023-07-01,7,2023,4,ENFERMERIA,CONTROL TENSION ARTERIAL,169,
SANTA MARTA,2023-07-01,7,2023,4,ENFERMERIA,TEMPERATURA,13,
SANTA MARTA,2023-07-01,7,2023,4,ENFERMERIA,GLUCEMIA,38,
SANTA MARTA,2023-07-01,7,2023,4,ENFERMERIA,PESO Y TALLA,142,
SANTA MARTA,2023-07-01,7,2023,4,ENFERMERIA,CURACIONES,16,
SANTA MARTA,2023-07-01,7,2023,4,ENFERMERIA,INYECTABLES,18,
SANTA MARTA,2023-07-01,7,2023,4,ENFERMERIA,INMUNIZACIONES,136,
Dr. SANTIAGO LORENZO,2023-07-01,7,2023,4,ENFERMERIA,CONTROL TENSION ARTERIAL,173,
Dr. SANTIAGO LORENZO,2023-07-01,7,2023,4,ENFERMERIA,TEMPERATURA,4,
Dr. SANTIAGO LORENZO,2023-07-01,7,2023,4,ENFERMERIA,GLUCEMIA,10,
Dr. SANTIAGO LORENZO,2023-07-01,7,2023,4,ENFERMERIA,NEBULIZACIONES,1,
Dr. SANTIAGO LORENZO,2023-07-01,7,2023,4,ENFERMERIA,PESO Y TALLA,141,
Dr. SANTIAGO LORENZO,2023-07-01,7,2023,4,ENFERMERIA,CURACIONES,3,
Dr. SANTIAGO LORENZO,2023-07-01,7,2023,4,ENFERMERIA,INYECTABLES,45,
Dr. SANTIAGO LORENZO,2023-07-01,7,2023,4,ENFERMERIA,INMUNIZACIONES,176,
SAPUCAY,2023-07-01,7,2023,4,ENFERMERIA,CONTROL TENSION ARTERIAL,250,
SAPUCAY,2023-07-01,7,2023,4,ENFERMERIA,TEMPERATURA,22,
SAPUCAY,2023-07-01,7,2023,4,ENFERMERIA,GLUCEMIA,35,
SAPUCAY,2023-07-01,7,2023,4,ENFERMERIA,NEBULIZACIONES,30,
SAPUCAY,2023-07-01,7,2023,4,ENFERMERIA,PESO Y TALLA,350,
SAPUCAY,2023-07-01,7,2023,4,ENFERMERIA,CURACIONES,80,
SAPUCAY,2023-07-01,7,2023,4,ENFERMERIA,INYECTABLES,40,
SAPUCAY,2023-07-01,7,2023,4,ENFERMERIA,INMUNIZACIONES,76,
DR. BENJAMIN SERRANO,2023-07-01,7,2023,4,ENFERMERIA,CONTROL TENSION ARTERIAL,237,
DR. BENJAMIN SERRANO,2023-07-01,7,2023,4,ENFERMERIA,TEMPERATURA,25,
DR. BENJAMIN SERRANO,2023-07-01,7,2023,4,ENFERMERIA,GLUCEMIA,29,
DR. BENJAMIN SERRANO,2023-07-01,7,2023,4,ENFERMERIA,PESO Y TALLA,136,
DR. BENJAMIN SERRANO,2023-07-01,7,2023,4,ENFERMERIA,CURACIONES,16,
DR. BENJAMIN SERRANO,2023-07-01,7,2023,4,ENFERMERIA,INYECTABLES,55,
DR. BENJAMIN SERRANO,2023-07-01,7,2023,4,ENFERMERIA,INMUNIZACIONES,77,
VILLA GARCIA,2023-07-01,7,2023,4,ENFERMERIA,CONTROL TENSION ARTERIAL,82,
VILLA GARCIA,2023-07-01,7,2023,4,ENFERMERIA,TEMPERATURA,14,
VILLA GARCIA,2023-07-01,7,2023,4,ENFERMERIA,GLUCEMIA,15,
VILLA GARCIA,2023-07-01,7,2023,4,ENFERMERIA,PESO Y TALLA,63,
VILLA GARCIA,2023-07-01,7,2023,4,ENFERMERIA,CURACIONES,9,
VILLA GARCIA,2023-07-01,7,2023,4,ENFERMERIA,INYECTABLES,15,
VILLA GARCIA,2023-07-01,7,2023,4,ENFERMERIA,INMUNIZACIONES,51,
RIO PARANA,2023-07-01,7,2023,4,ENFERMERIA,CONTROL TENSION ARTERIAL,258,
RIO PARANA,2023-07-01,7,2023,4,ENFERMERIA,TEMPERATURA,101,
RIO PARANA,2023-07-01,7,2023,4,ENFERMERIA,GLUCEMIA,18,
RIO PARANA,2023-07-01,7,2023,4,ENFERMERIA,PESO Y TALLA,220,
RIO PARANA,2023-07-01,7,2023,4,ENFERMERIA,CURACIONES,77,
RIO PARANA,2023-07-01,7,2023,4,ENFERMERIA,INYECTABLES,81,
RIO PARANA,2023-07-01,7,2023,4,ENFERMERIA,INMUNIZACIONES,122,
DR. ALBERTO LIFSCHITZ,2023-07-01,7,2023,4,ENFERMERIA,CONTROL TENSION ARTERIAL,407,
DR. ALBERTO LIFSCHITZ,2023-07-01,7,2023,4,ENFERMERIA,TEMPERATURA,14,
DR. ALBERTO LIFSCHITZ,2023-07-01,7,2023,4,ENFERMERIA,GLUCEMIA,3,
DR. ALBERTO LIFSCHITZ,2023-07-01,7,2023,4,ENFERMERIA,NEBULIZACIONES,2,
DR. ALBERTO LIFSCHITZ,2023-07-01,7,2023,4,ENFERMERIA,PESO Y TALLA,305,
DR. ALBERTO LIFSCHITZ,2023-07-01,7,2023,4,ENFERMERIA,CURACIONES,21,
DR. ALBERTO LIFSCHITZ,2023-07-01,7,2023,4,ENFERMERIA,INYECTABLES,57,
DR. ALBERTO LIFSCHITZ,2023-07-01,7,2023,4,ENFERMERIA,INMUNIZACIONES,70,
ESPERANZA,2023-07-01,7,2023,4,ENFERMERIA,CONTROL TENSION ARTERIAL,364,
ESPERANZA,2023-07-01,7,2023,4,ENFERMERIA,TEMPERATURA,45,
ESPERANZA,2023-07-01,7,2023,4,ENFERMERIA,GLUCEMIA,39,
ESPERANZA,2023-07-01,7,2023,4,ENFERMERIA,NEBULIZACIONES,15,
ESPERANZA,2023-07-01,7,2023,4,ENFERMERIA,PESO Y TALLA,769,
ESPERANZA,2023-07-01,7,2023,4,ENFERMERIA,CURACIONES,27,
ESPERANZA,2023-07-01,7,2023,4,ENFERMERIA,INYECTABLES,47,
ESPERANZA,2023-07-01,7,2023,4,ENFERMERIA,INMUNIZACIONES,113,
ESPERANZA,2023-07-01,7,2023,10,GINECOLOGIA,PAP,2,
ESPERANZA,2023-07-01,7,2023,10,GINECOLOGIA,DIU,1,
DR. ROSSI CANDIA,2023-07-01,7,2023,4,ENFERMERIA,CONTROL TENSION ARTERIAL,400,
DR. ROSSI CANDIA,2023-07-01,7,2023,4,ENFERMERIA,TEMPERATURA,2,
DR. ROSSI CANDIA,2023-07-01,7,2023,4,ENFERMERIA,GLUCEMIA,12,
DR. ROSSI CANDIA,2023-07-01,7,2023,4,ENFERMERIA,NEBULIZACIONES,2,
DR. ROSSI CANDIA,2023-07-01,7,2023,4,ENFERMERIA,PESO Y TALLA,523,
DR. ROSSI CANDIA,2023-07-01,7,2023,4,ENFERMERIA,CURACIONES,31,
DR. ROSSI CANDIA,2023-07-01,7,2023,4,ENFERMERIA,SUTURAS,1,
DR. ROSSI CANDIA,2023-07-01,7,2023,4,ENFERMERIA,INYECTABLES,89,
DR. ROSSI CANDIA,2023-07-01,7,2023,4,ENFERMERIA,INMUNIZACIONES,208,
DR. ROSSI CANDIA,2023-07-01,7,2023,4,ENFERMERIA,PAP,2,
DR. ROSSI CANDIA,2023-07-01,7,2023,4,ENFERMERIA,ECOGRAFIAS,15,
DR. ROSSI CANDIA,2023-07-01,7,2023,4,ENFERMERIA,TEST HPV,1,
DR. PIRCHI,2023-07-01,7,2023,4,ENFERMERIA,CONTROL TENSION ARTERIAL,270,
DR. PIRCHI,2023-07-01,7,2023,4,ENFERMERIA,TEMPERATURA,65,
DR. PIRCHI,2023-07-01,7,2023,4,ENFERMERIA,GLUCEMIA,63,
DR. PIRCHI,2023-07-01,7,2023,4,ENFERMERIA,NEBULIZACIONES,15,
DR. PIRCHI,2023-07-01,7,2023,4,ENFERMERIA,PESO Y TALLA,215,
DR. PIRCHI,2023-07-01,7,2023,4,ENFERMERIA,CURACIONES,35,
DR. PIRCHI,2023-07-01,7,2023,4,ENFERMERIA,INYECTABLES,45,
DR. PIRCHI,2023-07-01,7,2023,4,ENFERMERIA,INMUNIZACIONES,142,
DR. PIRCHI,2023-07-01,7,2023,4,ENFERMERIA,ECOGRAFIAS,16,
DR. SEMPER,2023-07-01,7,2023,4,ENFERMERIA,CONTROL TENSION ARTERIAL,800,
DR. SEMPER,2023-07-01,7,2023,4,ENFERMERIA,TEMPERATURA,260,
DR. SEMPER,2023-07-01,7,2023,4,ENFERMERIA,GLUCEMIA,300,
DR. SEMPER,2023-07-01,7,2023,4,ENFERMERIA,NEBULIZACIONES,15,
DR. SEMPER,2023-07-01,7,2023,4,ENFERMERIA,PESO Y TALLA,1390,
DR. SEMPER,2023-07-01,7,2023,4,ENFERMERIA,CURACIONES,270,
DR. SEMPER,2023-07-01,7,2023,4,ENFERMERIA,SUTURAS,8,
DR. SEMPER,2023-07-01,7,2023,4,ENFERMERIA,INYECTABLES,422,
DR. SEMPER,2023-07-01,7,2023,4,ENFERMERIA,INMUNIZACIONES,49,
MARCELINO VERA,2023-08-01,8,2023,4,ENFERMERIA,CONTROL TENSION ARTERIAL,120,
MARCELINO VERA,2023-08-01,8,2023,4,ENFERMERIA,TEMPERATURA,30,
MARCELINO VERA,2023-08-01,8,2023,4,ENFERMERIA,GLUCEMIA,10,
MARCELINO VERA,2023-08-01,8,2023,4,ENFERMERIA,NEBULIZACIONES,10,
MARCELINO VERA,2023-08-01,8,2023,4,ENFERMERIA,PESO Y TALLA,120,
MARCELINO VERA,2023-08-01,8,2023,4,ENFERMERIA,CURACIONES,20,
MARCELINO VERA,2023-08-01,8,2023,4,ENFERMERIA,INYECTABLES,35,
MARCELINO VERA,2023-08-01,8,2023,4,ENFERMERIA,INMUNIZACIONES,19,
DR. ALBERTO LIFSCHITZ,2023-08-01,8,2023,4,ENFERMERIA,CONTROL TENSION ARTERIAL,231,
DR. ALBERTO LIFSCHITZ,2023-08-01,8,2023,4,ENFERMERIA,TEMPERATURA,10,
DR. ALBERTO LIFSCHITZ,2023-08-01,8,2023,4,ENFERMERIA,PESO Y TALLA,506,
DR. ALBERTO LIFSCHITZ,2023-08-01,8,2023,4,ENFERMERIA,CURACIONES,17,
DR. ALBERTO LIFSCHITZ,2023-08-01,8,2023,4,ENFERMERIA,INYECTABLES,72,
DR. ALBERTO LIFSCHITZ,2023-08-01,8,2023,4,ENFERMERIA,INMUNIZACIONES,87,
DR. JOSE DE LOS REYES VIDAL,2023-08-01,8,2023,4,ENFERMERIA,CONTROL TENSION ARTERIAL,410,
DR. JOSE DE LOS REYES VIDAL,2023-08-01,8,2023,4,ENFERMERIA,GLUCEMIA,350,
DR. JOSE DE LOS REYES VIDAL,2023-08-01,8,2023,4,ENFERMERIA,PESO Y TALLA,481,
DR. JOSE DE LOS REYES VIDAL,2023-08-01,8,2023,4,ENFERMERIA,CURACIONES,10,
DR. JOSE DE LOS REYES VIDAL,2023-08-01,8,2023,4,ENFERMERIA,INYECTABLES,256,
ESPERANZA,2023-08-01,8,2023,4,ENFERMERIA,CONTROL TENSION ARTERIAL,378,
ESPERANZA,2023-08-01,8,2023,4,ENFERMERIA,TEMPERATURA,69,
ESPERANZA,2023-08-01,8,2023,4,ENFERMERIA,GLUCEMIA,42,
ESPERANZA,2023-08-01,8,2023,4,ENFERMERIA,NEBULIZACIONES,15,
ESPERANZA,2023-08-01,8,2023,4,ENFERMERIA,PESO Y TALLA,1092,
ESPERANZA,2023-08-01,8,2023,4,ENFERMERIA,CURACIONES,80,
ESPERANZA,2023-08-01,8,2023,4,ENFERMERIA,INYECTABLES,246,
ESPERANZA,2023-08-01,8,2023,4,ENFERMERIA,INMUNIZACIONES,112,
ESPERANZA,2023-08-01,8,2023,4,ENFERMERIA,PAP,3,
ESPERANZA,2023-08-01,8,2023,4,ENFERMERIA,ECOGRAFIAS,22,
ESPERANZA,2023-08-01,8,2023,4,ENFERMERIA,TEST HPV,2,
SANTA MARGARITA,2023-08-01,8,2023,4,ENFERMERIA,CONTROL TENSION ARTERIAL,135,
SANTA MARGARITA,2023-08-01,8,2023,4,ENFERMERIA,TEMPERATURA,30,
SANTA MARGARITA,2023-08-01,8,2023,4,ENFERMERIA,GLUCEMIA,10,
SANTA MARGARITA,2023-08-01,8,2023,4,ENFERMERIA,PESO Y TALLA,225,
SANTA MARGARITA,2023-08-01,8,2023,4,ENFERMERIA,CURACIONES,5,
SANTA MARGARITA,2023-08-01,8,2023,4,ENFERMERIA,INYECTABLES,43,
SANTA MARGARITA,2023-08-01,8,2023,4,ENFERMERIA,INMUNIZACIONES,23,
GDOR. ELIAS GALVAN,2023-08-01,8,2023,4,ENFERMERIA,CONTROL TENSION ARTERIAL,241,
GDOR. ELIAS GALVAN,2023-08-01,8,2023,4,ENFERMERIA,TEMPERATURA,234,
GDOR. ELIAS GALVAN,2023-08-01,8,2023,4,ENFERMERIA,GLUCEMIA,23,
GDOR. ELIAS GALVAN,2023-08-01,8,2023,4,ENFERMERIA,NEBULIZACIONES,17,
GDOR. ELIAS GALVAN,2023-08-01,8,2023,4,ENFERMERIA,PESO Y TALLA,304,
GDOR. ELIAS GALVAN,2023-08-01,8,2023,4,ENFERMERIA,CURACIONES,110,
GDOR. ELIAS GALVAN,2023-08-01,8,2023,4,ENFERMERIA,INYECTABLES,63,
GDOR. ELIAS GALVAN,2023-08-01,8,2023,4,ENFERMERIA,INMUNIZACIONES,49,
CICHERO,2023-08-01,8,2023,4,ENFERMERIA,CONTROL TENSION ARTERIAL,258,
CICHERO,2023-08-01,8,2023,4,ENFERMERIA,TEMPERATURA,21,
CICHERO,2023-08-01,8,2023,4,ENFERMERIA,GLUCEMIA,68,
CICHERO,2023-08-01,8,2023,4,ENFERMERIA,PESO Y TALLA,284,
CICHERO,2023-08-01,8,2023,4,ENFERMERIA,CURACIONES,21,
CICHERO,2023-08-01,8,2023,4,ENFERMERIA,INYECTABLES,156,
CICHERO,2023-08-01,8,2023,4,ENFERMERIA,INMUNIZACIONES,153,
CICHERO,2023-08-01,8,2023,4,ENFERMERIA,ECOGRAFIAS,13,
DR. MAURICIO OPEN,2023-08-01,8,2023,4,ENFERMERIA,CONTROL TENSION ARTERIAL,31,
DR. MAURICIO OPEN,2023-08-01,8,2023,4,ENFERMERIA,GLUCEMIA,4,
DR. MAURICIO OPEN,2023-08-01,8,2023,4,ENFERMERIA,PESO Y TALLA,14,
DR. MAURICIO OPEN,2023-08-01,8,2023,4,ENFERMERIA,CURACIONES,6,
DR. MAURICIO OPEN,2023-08-01,8,2023,4,ENFERMERIA,INYECTABLES,12,
DR. MAURICIO OPEN,2023-08-01,8,2023,4,ENFERMERIA,INMUNIZACIONES,85,
DR. MANUEL CASSUSO,2023-08-01,8,2023,4,ENFERMERIA,CONTROL TENSION ARTERIAL,320,
DR. MANUEL CASSUSO,2023-08-01,8,2023,4,ENFERMERIA,TEMPERATURA,5,
DR. MANUEL CASSUSO,2023-08-01,8,2023,4,ENFERMERIA,GLUCEMIA,1,
DR. MANUEL CASSUSO,2023-08-01,8,2023,4,ENFERMERIA,NEBULIZACIONES,2,
DR. MANUEL CASSUSO,2023-08-01,8,2023,4,ENFERMERIA,PESO Y TALLA,622,
DR. MANUEL CASSUSO,2023-08-01,8,2023,4,ENFERMERIA,CURACIONES,15,
DR. MANUEL CASSUSO,2023-08-01,8,2023,4,ENFERMERIA,INYECTABLES,68,
DR. MANUEL CASSUSO,2023-08-01,8,2023,4,ENFERMERIA,INMUNIZACIONES,102,
DR. MANUEL CASSUSO,2023-08-01,8,2023,4,ENFERMERIA,PAP,1,
SAPUCAY,2023-08-01,8,2023,4,ENFERMERIA,CONTROL TENSION ARTERIAL,320,
SAPUCAY,2023-08-01,8,2023,4,ENFERMERIA,TEMPERATURA,50,
SAPUCAY,2023-08-01,8,2023,4,ENFERMERIA,GLUCEMIA,70,
SAPUCAY,2023-08-01,8,2023,4,ENFERMERIA,NEBULIZACIONES,10,
SAPUCAY,2023-08-01,8,2023,4,ENFERMERIA,PESO Y TALLA,300,
SAPUCAY,2023-08-01,8,2023,4,ENFERMERIA,CURACIONES,90,
SAPUCAY,2023-08-01,8,2023,4,ENFERMERIA,INYECTABLES,50,
SAPUCAY,2023-08-01,8,2023,4,ENFERMERIA,INMUNIZACIONES,67,
DR. ANIBAL MALVIDO,2023-08-01,8,2023,4,ENFERMERIA,CONTROL TENSION ARTERIAL,228,
DR. ANIBAL MALVIDO,2023-08-01,8,2023,4,ENFERMERIA,TEMPERATURA,100,
DR. ANIBAL MALVIDO,2023-08-01,8,2023,4,ENFERMERIA,GLUCEMIA,40,
DR. ANIBAL MALVIDO,2023-08-01,8,2023,4,ENFERMERIA,NEBULIZACIONES,10,
DR. ANIBAL MALVIDO,2023-08-01,8,2023,4,ENFERMERIA,PESO Y TALLA,228,
DR. ANIBAL MALVIDO,2023-08-01,8,2023,4,ENFERMERIA,CURACIONES,46,
DR. ANIBAL MALVIDO,2023-08-01,8,2023,4,ENFERMERIA,INYECTABLES,326,
DR. ANIBAL MALVIDO,2023-08-01,8,2023,4,ENFERMERIA,INMUNIZACIONES,202,
DR. ANIBAL MALVIDO,2023-08-01,8,2023,4,ENFERMERIA,PAP,11,
DR. ANIBAL MALVIDO,2023-08-01,8,2023,4,ENFERMERIA,IMPLANTE SUBDERMICO,1,
GÜEMES,2023-08-01,8,2023,4,ENFERMERIA,CONTROL TENSION ARTERIAL,386,
GÜEMES,2023-08-01,8,2023,4,ENFERMERIA,TEMPERATURA,191,
GÜEMES,2023-08-01,8,2023,4,ENFERMERIA,GLUCEMIA,12,
GÜEMES,2023-08-01,8,2023,4,ENFERMERIA,PESO Y TALLA,707,
GÜEMES,2023-08-01,8,2023,4,ENFERMERIA,CURACIONES,38,
GÜEMES,2023-08-01,8,2023,4,ENFERMERIA,INYECTABLES,65,
GÜEMES,2023-08-01,8,2023,4,ENFERMERIA,INMUNIZACIONES,71,
GÜEMES,2023-08-01,8,2023,4,ENFERMERIA,PAP,1,
GÜEMES,2023-08-01,8,2023,4,ENFERMERIA,TEST HPV,1,
DR. FLIER,2023-07-01,7,2023,4,ENFERMERIA,CONTROL TENSION ARTERIAL,145,
DR. FLIER,2023-07-01,7,2023,4,ENFERMERIA,TEMPERATURA,100,
DR. FLIER,2023-07-01,7,2023,4,ENFERMERIA,GLUCEMIA,6,
DR. FLIER,2023-07-01,7,2023,4,ENFERMERIA,NEBULIZACIONES,76,
DR. FLIER,2023-07-01,7,2023,4,ENFERMERIA,PESO Y TALLA,184,
DR. FLIER,2023-07-01,7,2023,4,ENFERMERIA,CURACIONES,63,
DR. FLIER,2023-07-01,7,2023,4,ENFERMERIA,INYECTABLES,115,
DR. FLIER,2023-08-01,8,2023,4,ENFERMERIA,CONTROL TENSION ARTERIAL,145,
DR. FLIER,2023-08-01,8,2023,4,ENFERMERIA,TEMPERATURA,96,
DR. FLIER,2023-08-01,8,2023,4,ENFERMERIA,GLUCEMIA,10,
DR. FLIER,2023-08-01,8,2023,4,ENFERMERIA,NEBULIZACIONES,105,
DR. FLIER,2023-08-01,8,2023,4,ENFERMERIA,PESO Y TALLA,184,
DR. FLIER,2023-08-01,8,2023,4,ENFERMERIA,CURACIONES,63,
DR. FLIER,2023-08-01,8,2023,4,ENFERMERIA,INYECTABLES,112,
DR. FLIER,2023-08-01,8,2023,4,ENFERMERIA,INMUNIZACIONES,5,
DR. FLIER,2023-08-01,8,2023,4,ENFERMERIA,ECOGRAFIAS,22,
RIO PARANA,2023-08-01,8,2023,4,ENFERMERIA,CONTROL TENSION ARTERIAL,250,
RIO PARANA,2023-08-01,8,2023,4,ENFERMERIA,TEMPERATURA,96,
RIO PARANA,2023-08-01,8,2023,4,ENFERMERIA,GLUCEMIA,30,
RIO PARANA,2023-08-01,8,2023,4,ENFERMERIA,PESO Y TALLA,198,
RIO PARANA,2023-08-01,8,2023,4,ENFERMERIA,CURACIONES,94,
RIO PARANA,2023-08-01,8,2023,4,ENFERMERIA,INYECTABLES,88,
RIO PARANA,2023-08-01,8,2023,4,ENFERMERIA,INMUNIZACIONES,184,
PUJOL,2023-08-01,8,2023,4,ENFERMERIA,CONTROL TENSION ARTERIAL,142,
PUJOL,2023-08-01,8,2023,4,ENFERMERIA,TEMPERATURA,40,
PUJOL,2023-08-01,8,2023,4,ENFERMERIA,GLUCEMIA,15,
PUJOL,2023-08-01,8,2023,4,ENFERMERIA,NEBULIZACIONES,75,
PUJOL,2023-08-01,8,2023,4,ENFERMERIA,PESO Y TALLA,354,
PUJOL,2023-08-01,8,2023,4,ENFERMERIA,CURACIONES,24,
PUJOL,2023-08-01,8,2023,4,ENFERMERIA,INYECTABLES,126,
PUJOL,2023-08-01,8,2023,4,ENFERMERIA,INMUNIZACIONES,68,
Dr. SANTIAGO LORENZO,2023-08-01,8,2023,4,ENFERMERIA,CONTROL TENSION ARTERIAL,328,
Dr. SANTIAGO LORENZO,2023-08-01,8,2023,4,ENFERMERIA,TEMPERATURA,24,
Dr. SANTIAGO LORENZO,2023-08-01,8,2023,4,ENFERMERIA,GLUCEMIA,21,
Dr. SANTIAGO LORENZO,2023-08-01,8,2023,4,ENFERMERIA,NEBULIZACIONES,8,
Dr. SANTIAGO LORENZO,2023-08-01,8,2023,4,ENFERMERIA,PESO Y TALLA,208,
Dr. SANTIAGO LORENZO,2023-08-01,8,2023,4,ENFERMERIA,CURACIONES,29,
Dr. SANTIAGO LORENZO,2023-08-01,8,2023,4,ENFERMERIA,INYECTABLES,54,
Dr. SANTIAGO LORENZO,2023-08-01,8,2023,4,ENFERMERIA,INMUNIZACIONES,155,
DR. ALBERTO LIFSCHITZ,2023-08-01,8,2023,4,ENFERMERIA,CONTROL TENSION ARTERIAL,600,
DR. ALBERTO LIFSCHITZ,2023-08-01,8,2023,4,ENFERMERIA,TEMPERATURA,160,
DR. ALBERTO LIFSCHITZ,2023-08-01,8,2023,4,ENFERMERIA,GLUCEMIA,150,
DR. ALBERTO LIFSCHITZ,2023-08-01,8,2023,4,ENFERMERIA,NEBULIZACIONES,85,
DR. ALBERTO LIFSCHITZ,2023-08-01,8,2023,4,ENFERMERIA,PESO Y TALLA,1200,
DR. ALBERTO LIFSCHITZ,2023-08-01,8,2023,4,ENFERMERIA,CURACIONES,230,
DR. ALBERTO LIFSCHITZ,2023-08-01,8,2023,4,ENFERMERIA,SUTURAS,10,
DR. ALBERTO LIFSCHITZ,2023-08-01,8,2023,4,ENFERMERIA,INYECTABLES,300,
DR. ALBERTO LIFSCHITZ,2023-08-01,8,2023,4,ENFERMERIA,INMUNIZACIONES,78,
PASO MARTINEZ,2023-08-01,8,2023,4,ENFERMERIA,CONTROL TENSION ARTERIAL,25,
PASO MARTINEZ,2023-08-01,8,2023,4,ENFERMERIA,TEMPERATURA,6,
PASO MARTINEZ,2023-08-01,8,2023,4,ENFERMERIA,PESO Y TALLA,14,
PASO MARTINEZ,2023-08-01,8,2023,4,ENFERMERIA,INYECTABLES,5,
PASO MARTINEZ,2023-08-01,8,2023,4,ENFERMERIA,ECOGRAFIAS,2,
DR MANUEL A. GONZALEZ,2023-08-01,8,2023,4,ENFERMERIA,CONTROL TENSION ARTERIAL,312,
DR MANUEL A. GONZALEZ,2023-08-01,8,2023,4,ENFERMERIA,TEMPERATURA,150,
DR MANUEL A. GONZALEZ,2023-08-01,8,2023,4,ENFERMERIA,GLUCEMIA,85,
DR MANUEL A. GONZALEZ,2023-08-01,8,2023,4,ENFERMERIA,NEBULIZACIONES,200,
DR MANUEL A. GONZALEZ,2023-08-01,8,2023,4,ENFERMERIA,PESO Y TALLA,530,
DR MANUEL A. GONZALEZ,2023-08-01,8,2023,4,ENFERMERIA,CURACIONES,35,
DR MANUEL A. GONZALEZ,2023-08-01,8,2023,4,ENFERMERIA,INYECTABLES,180,
DR MANUEL A. GONZALEZ,2023-08-01,8,2023,4,ENFERMERIA,INMUNIZACIONES,97,
VILLA GARCIA,2023-08-01,8,2023,4,ENFERMERIA,CONTROL TENSION ARTERIAL,161,
VILLA GARCIA,2023-08-01,8,2023,4,ENFERMERIA,TEMPERATURA,20,
VILLA GARCIA,2023-08-01,8,2023,4,ENFERMERIA,GLUCEMIA,10,
VILLA GARCIA,2023-08-01,8,2023,4,ENFERMERIA,PESO Y TALLA,71,
VILLA GARCIA,2023-08-01,8,2023,4,ENFERMERIA,CURACIONES,10,
VILLA GARCIA,2023-08-01,8,2023,4,ENFERMERIA,INYECTABLES,25,
VILLA GARCIA,2023-08-01,8,2023,4,ENFERMERIA,INMUNIZACIONES,78,
ITATI,2023-08-01,8,2023,4,ENFERMERIA,CONTROL TENSION ARTERIAL,520,
ITATI,2023-08-01,8,2023,4,ENFERMERIA,TEMPERATURA,30,
ITATI,2023-08-01,8,2023,4,ENFERMERIA,GLUCEMIA,15,
ITATI,2023-08-01,8,2023,4,ENFERMERIA,NEBULIZACIONES,20,
ITATI,2023-08-01,8,2023,4,ENFERMERIA,PESO Y TALLA,540,
ITATI,2023-08-01,8,2023,4,ENFERMERIA,CURACIONES,15,
ITATI,2023-08-01,8,2023,4,ENFERMERIA,SUTURAS,4,
ITATI,2023-08-01,8,2023,4,ENFERMERIA,INYECTABLES,170,
ITATI,2023-08-01,8,2023,4,ENFERMERIA,INMUNIZACIONES,119,
ITATI,2023-08-01,8,2023,10,GINECOLOGIA,PAP,4,
ITATI,2023-08-01,8,2023,10,GINECOLOGIA,TEST HPV,4,
SANTA MARTA,2023-08-01,8,2023,4,ENFERMERIA,CONTROL TENSION ARTERIAL,189,
SANTA MARTA,2023-08-01,8,2023,4,ENFERMERIA,TEMPERATURA,14,
SANTA MARTA,2023-08-01,8,2023,4,ENFERMERIA,GLUCEMIA,24,
SANTA MARTA,2023-08-01,8,2023,4,ENFERMERIA,PESO Y TALLA,198,
SANTA MARTA,2023-08-01,8,2023,4,ENFERMERIA,CURACIONES,25,
SANTA MARTA,2023-08-01,8,2023,4,ENFERMERIA,INYECTABLES,32,
SANTA MARTA,2023-08-01,8,2023,4,ENFERMERIA,INMUNIZACIONES,128,
Dr. CALMANASH,2023-08-01,8,2023,4,ENFERMERIA,CONTROL TENSION ARTERIAL,320,
Dr. CALMANASH,2023-08-01,8,2023,4,ENFERMERIA,TEMPERATURA,12,
Dr. CALMANASH,2023-08-01,8,2023,4,ENFERMERIA,NEBULIZACIONES,52,
Dr. CALMANASH,2023-08-01,8,2023,4,ENFERMERIA,PESO Y TALLA,450,
Dr. CALMANASH,2023-08-01,8,2023,4,ENFERMERIA,CURACIONES,10,
Dr. CALMANASH,2023-08-01,8,2023,4,ENFERMERIA,INYECTABLES,150,
Dr. CALMANASH,2023-08-01,8,2023,4,ENFERMERIA,INMUNIZACIONES,43,
DR. BENJAMIN SERRANO,2023-08-01,8,2023,4,ENFERMERIA,CONTROL TENSION ARTERIAL,199,
DR. BENJAMIN SERRANO,2023-08-01,8,2023,4,ENFERMERIA,TEMPERATURA,22,
DR. BENJAMIN SERRANO,2023-08-01,8,2023,4,ENFERMERIA,GLUCEMIA,30,
DR. BENJAMIN SERRANO,2023-08-01,8,2023,4,ENFERMERIA,PESO Y TALLA,223,
DR. BENJAMIN SERRANO,2023-08-01,8,2023,4,ENFERMERIA,CURACIONES,8,
DR. BENJAMIN SERRANO,2023-08-01,8,2023,4,ENFERMERIA,INYECTABLES,35,
DR. BENJAMIN SERRANO,2023-08-01,8,2023,4,ENFERMERIA,INMUNIZACIONES,82,
QUINTA FERRE,2023-08-01,8,2023,4,ENFERMERIA,CONTROL TENSION ARTERIAL,138,
QUINTA FERRE,2023-08-01,8,2023,4,ENFERMERIA,TEMPERATURA,4,
QUINTA FERRE,2023-08-01,8,2023,4,ENFERMERIA,GLUCEMIA,48,
QUINTA FERRE,2023-08-01,8,2023,4,ENFERMERIA,PESO Y TALLA,149,
QUINTA FERRE,2023-08-01,8,2023,4,ENFERMERIA,CURACIONES,45,
QUINTA FERRE,2023-08-01,8,2023,4,ENFERMERIA,INYECTABLES,103,
QUINTA FERRE,2023-08-01,8,2023,4,ENFERMERIA,INMUNIZACIONES,132,
SAN MARCOS,2023-08-01,8,2023,4,ENFERMERIA,CONTROL TENSION ARTERIAL,166,
SAN MARCOS,2023-08-01,8,2023,4,ENFERMERIA,TEMPERATURA,8,
SAN MARCOS,2023-08-01,8,2023,4,ENFERMERIA,GLUCEMIA,2,
SAN MARCOS,2023-08-01,8,2023,4,ENFERMERIA,NEBULIZACIONES,6,
SAN MARCOS,2023-08-01,8,2023,4,ENFERMERIA,PESO Y TALLA,512,
SAN MARCOS,2023-08-01,8,2023,4,ENFERMERIA,CURACIONES,15,
SAN MARCOS,2023-08-01,8,2023,4,ENFERMERIA,INYECTABLES,28,
SAN MARCOS,2023-08-01,8,2023,4,ENFERMERIA,INMUNIZACIONES,74,
DR. CHERCOFF,2023-08-01,8,2023,4,ENFERMERIA,CONTROL TENSION ARTERIAL,223,
DR. CHERCOFF,2023-08-01,8,2023,4,ENFERMERIA,TEMPERATURA,109,
DR. CHERCOFF,2023-08-01,8,2023,4,ENFERMERIA,GLUCEMIA,7,
DR. CHERCOFF,2023-08-01,8,2023,4,ENFERMERIA,NEBULIZACIONES,8,
DR. CHERCOFF,2023-08-01,8,2023,4,ENFERMERIA,PESO Y TALLA,180,
DR. CHERCOFF,2023-08-01,8,2023,4,ENFERMERIA,CURACIONES,40,
DR. CHERCOFF,2023-08-01,8,2023,4,ENFERMERIA,INYECTABLES,45,
DR. CHERCOFF,2023-08-01,8,2023,4,ENFERMERIA,INMUNIZACIONES,9,
DR. KORIMBLUM,2023-08-01,8,2023,4,ENFERMERIA,CONTROL TENSION ARTERIAL,70,
DR. KORIMBLUM,2023-08-01,8,2023,4,ENFERMERIA,GLUCEMIA,10,
DR. KORIMBLUM,2023-08-01,8,2023,4,ENFERMERIA,PESO Y TALLA,243,
DR. KORIMBLUM,2023-08-01,8,2023,4,ENFERMERIA,CURACIONES,3,
DR. KORIMBLUM,2023-08-01,8,2023,4,ENFERMERIA,INYECTABLES,23,
DR. PIRCHI,2023-08-01,8,2023,4,ENFERMERIA,CONTROL TENSION ARTERIAL,325,
DR. PIRCHI,2023-08-01,8,2023,4,ENFERMERIA,TEMPERATURA,45,
DR. PIRCHI,2023-08-01,8,2023,4,ENFERMERIA,GLUCEMIA,40,
DR. PIRCHI,2023-08-01,8,2023,4,ENFERMERIA,NEBULIZACIONES,3,
DR. PIRCHI,2023-08-01,8,2023,4,ENFERMERIA,PESO Y TALLA,255,
DR. PIRCHI,2023-08-01,8,2023,4,ENFERMERIA,CURACIONES,35,
DR. PIRCHI,2023-08-01,8,2023,4,ENFERMERIA,INYECTABLES,42,
DR. PIRCHI,2023-08-01,8,2023,4,ENFERMERIA,INMUNIZACIONES,143,
DR. ROSSI CANDIA,2023-08-01,8,2023,4,ENFERMERIA,CONTROL TENSION ARTERIAL,466,
DR. ROSSI CANDIA,2023-08-01,8,2023,4,ENFERMERIA,TEMPERATURA,8,
DR. ROSSI CANDIA,2023-08-01,8,2023,4,ENFERMERIA,GLUCEMIA,5,
DR. ROSSI CANDIA,2023-08-01,8,2023,4,ENFERMERIA,NEBULIZACIONES,1,
DR. ROSSI CANDIA,2023-08-01,8,2023,4,ENFERMERIA,PESO Y TALLA,630,
DR. ROSSI CANDIA,2023-08-01,8,2023,4,ENFERMERIA,CURACIONES,34,
DR. ROSSI CANDIA,2023-08-01,8,2023,4,ENFERMERIA,INYECTABLES,120,
DR. ROSSI CANDIA,2023-08-01,8,2023,4,ENFERMERIA,INMUNIZACIONES,258,
SANTA MARGARITA,2023-09-01,9,2023,4,ENFERMERIA,CONTROL TENSION ARTERIAL,125,
SANTA MARGARITA,2023-09-01,9,2023,4,ENFERMERIA,TEMPERATURA,15,
SANTA MARGARITA,2023-09-01,9,2023,4,ENFERMERIA,GLUCEMIA,5,
SANTA MARGARITA,2023-09-01,9,2023,4,ENFERMERIA,PESO Y TALLA,182,
SANTA MARGARITA,2023-09-01,9,2023,4,ENFERMERIA,CURACIONES,5,
SANTA MARGARITA,2023-09-01,9,2023,4,ENFERMERIA,INYECTABLES,35,
SANTA MARGARITA,2023-09-01,9,2023,4,ENFERMERIA,INMUNIZACIONES,17,
MARCELINO VERA,2023-09-01,9,2023,4,ENFERMERIA,CONTROL TENSION ARTERIAL,200,
MARCELINO VERA,2023-09-01,9,2023,4,ENFERMERIA,TEMPERATURA,30,
MARCELINO VERA,2023-09-01,9,2023,4,ENFERMERIA,GLUCEMIA,10,
MARCELINO VERA,2023-09-01,9,2023,4,ENFERMERIA,PESO Y TALLA,200,
MARCELINO VERA,2023-09-01,9,2023,4,ENFERMERIA,CURACIONES,20,
MARCELINO VERA,2023-09-01,9,2023,4,ENFERMERIA,INYECTABLES,35,
MARCELINO VERA,2023-09-01,9,2023,4,ENFERMERIA,INMUNIZACIONES,23,
DR. MAURICIO OPEN,2023-09-01,9,2023,4,ENFERMERIA,CONTROL TENSION ARTERIAL,30,
DR. MAURICIO OPEN,2023-09-01,9,2023,4,ENFERMERIA,GLUCEMIA,7,
DR. MAURICIO OPEN,2023-09-01,9,2023,4,ENFERMERIA,PESO Y TALLA,18,
DR. MAURICIO OPEN,2023-09-01,9,2023,4,ENFERMERIA,CURACIONES,9,
DR. MAURICIO OPEN,2023-09-01,9,2023,4,ENFERMERIA,INYECTABLES,13,
DR. MAURICIO OPEN,2023-09-01,9,2023,4,ENFERMERIA,INMUNIZACIONES,42,
DR. JOSE DE LOS REYES VIDAL,2023-09-01,9,2023,4,ENFERMERIA,CONTROL TENSION ARTERIAL,246,
DR. JOSE DE LOS REYES VIDAL,2023-09-01,9,2023,4,ENFERMERIA,GLUCEMIA,210,
DR. JOSE DE LOS REYES VIDAL,2023-09-01,9,2023,4,ENFERMERIA,CURACIONES,20,
DR. JOSE DE LOS REYES VIDAL,2023-09-01,9,2023,4,ENFERMERIA,INYECTABLES,200,
DR. JOSE DE LOS REYES VIDAL,2023-09-01,9,2023,4,ENFERMERIA,INMUNIZACIONES,20,
ESPERANZA,2023-09-01,9,2023,4,ENFERMERIA,CONTROL TENSION ARTERIAL,250,
ESPERANZA,2023-09-01,9,2023,4,ENFERMERIA,TEMPERATURA,29,
ESPERANZA,2023-09-01,9,2023,4,ENFERMERIA,GLUCEMIA,20,
ESPERANZA,2023-09-01,9,2023,4,ENFERMERIA,PESO Y TALLA,566,
ESPERANZA,2023-09-01,9,2023,4,ENFERMERIA,CURACIONES,68,
ESPERANZA,2023-09-01,9,2023,4,ENFERMERIA,INYECTABLES,52,
ESPERANZA,2023-09-01,9,2023,4,ENFERMERIA,INMUNIZACIONES,167,
Dr. SANTIAGO LORENZO,2023-09-01,9,2023,4,ENFERMERIA,CONTROL TENSION ARTERIAL,303,
Dr. SANTIAGO LORENZO,2023-09-01,9,2023,4,ENFERMERIA,TEMPERATURA,4,
Dr. SANTIAGO LORENZO,2023-09-01,9,2023,4,ENFERMERIA,GLUCEMIA,14,
Dr. SANTIAGO LORENZO,2023-09-01,9,2023,4,ENFERMERIA,NEBULIZACIONES,9,
Dr. SANTIAGO LORENZO,2023-09-01,9,2023,4,ENFERMERIA,PESO Y TALLA,149,
Dr. SANTIAGO LORENZO,2023-09-01,9,2023,4,ENFERMERIA,CURACIONES,12,
Dr. SANTIAGO LORENZO,2023-09-01,9,2023,4,ENFERMERIA,INYECTABLES,39,
Dr. SANTIAGO LORENZO,2023-09-01,9,2023,4,ENFERMERIA,INMUNIZACIONES,140,
Dr. SANTIAGO LORENZO,2023-09-01,9,2023,4,ENFERMERIA,DIU,2,
GDOR. ELIAS GALVAN,2023-09-01,9,2023,4,ENFERMERIA,CONTROL TENSION ARTERIAL,184,
GDOR. ELIAS GALVAN,2023-09-01,9,2023,4,ENFERMERIA,TEMPERATURA,135,
GDOR. ELIAS GALVAN,2023-09-01,9,2023,4,ENFERMERIA,GLUCEMIA,20,
GDOR. ELIAS GALVAN,2023-09-01,9,2023,4,ENFERMERIA,NEBULIZACIONES,19,
GDOR. ELIAS GALVAN,2023-09-01,9,2023,4,ENFERMERIA,PESO Y TALLA,419,
GDOR. ELIAS GALVAN,2023-09-01,9,2023,4,ENFERMERIA,CURACIONES,61,
GDOR. ELIAS GALVAN,2023-09-01,9,2023,4,ENFERMERIA,INYECTABLES,24,
GDOR. ELIAS GALVAN,2023-09-01,9,2023,4,ENFERMERIA,INMUNIZACIONES,74,
CICHERO,2023-09-01,9,2023,4,ENFERMERIA,CONTROL TENSION ARTERIAL,195,
CICHERO,2023-09-01,9,2023,4,ENFERMERIA,TEMPERATURA,20,
CICHERO,2023-09-01,9,2023,4,ENFERMERIA,GLUCEMIA,60,
CICHERO,2023-09-01,9,2023,4,ENFERMERIA,PESO Y TALLA,300,
CICHERO,2023-09-01,9,2023,4,ENFERMERIA,CURACIONES,20,
CICHERO,2023-09-01,9,2023,4,ENFERMERIA,SUTURAS,1,
CICHERO,2023-09-01,9,2023,4,ENFERMERIA,INYECTABLES,200,
CICHERO,2023-09-01,9,2023,4,ENFERMERIA,INMUNIZACIONES,122,
DR. MANUEL CASSUSO,2023-09-01,9,2023,4,ENFERMERIA,CONTROL TENSION ARTERIAL,228,
DR. MANUEL CASSUSO,2023-09-01,9,2023,4,ENFERMERIA,TEMPERATURA,41,
DR. MANUEL CASSUSO,2023-09-01,9,2023,4,ENFERMERIA,GLUCEMIA,4,
DR. MANUEL CASSUSO,2023-09-01,9,2023,4,ENFERMERIA,NEBULIZACIONES,3,
DR. MANUEL CASSUSO,2023-09-01,9,2023,4,ENFERMERIA,PESO Y TALLA,479,
DR. MANUEL CASSUSO,2023-09-01,9,2023,4,ENFERMERIA,CURACIONES,13,
DR. MANUEL CASSUSO,2023-09-01,9,2023,4,ENFERMERIA,INYECTABLES,76,
DR. MANUEL CASSUSO,2023-09-01,9,2023,4,ENFERMERIA,INMUNIZACIONES,67,
DR. ALBERTO LIFSCHITZ,2023-09-01,9,2023,4,ENFERMERIA,CONTROL TENSION ARTERIAL,186,
DR. ALBERTO LIFSCHITZ,2023-09-01,9,2023,4,ENFERMERIA,TEMPERATURA,10,
DR. ALBERTO LIFSCHITZ,2023-09-01,9,2023,4,ENFERMERIA,GLUCEMIA,10,
DR. ALBERTO LIFSCHITZ,2023-09-01,9,2023,4,ENFERMERIA,NEBULIZACIONES,4,
DR. ALBERTO LIFSCHITZ,2023-09-01,9,2023,4,ENFERMERIA,PESO Y TALLA,598,
DR. ALBERTO LIFSCHITZ,2023-09-01,9,2023,4,ENFERMERIA,CURACIONES,16,
DR. ALBERTO LIFSCHITZ,2023-09-01,9,2023,4,ENFERMERIA,INYECTABLES,37,
DR. ALBERTO LIFSCHITZ,2023-09-01,9,2023,4,ENFERMERIA,INMUNIZACIONES,91,
RIO PARANA,2023-09-01,9,2023,4,ENFERMERIA,CONTROL TENSION ARTERIAL,280,
RIO PARANA,2023-09-01,9,2023,4,ENFERMERIA,TEMPERATURA,99,
RIO PARANA,2023-09-01,9,2023,4,ENFERMERIA,GLUCEMIA,26,
RIO PARANA,2023-09-01,9,2023,4,ENFERMERIA,NEBULIZACIONES,6,
RIO PARANA,2023-09-01,9,2023,4,ENFERMERIA,PESO Y TALLA,316,
RIO PARANA,2023-09-01,9,2023,4,ENFERMERIA,CURACIONES,80,
RIO PARANA,2023-09-01,9,2023,4,ENFERMERIA,INYECTABLES,97,
RIO PARANA,2023-09-01,9,2023,4,ENFERMERIA,INMUNIZACIONES,190,
ITATI,2023-09-01,9,2023,4,ENFERMERIA,CONTROL TENSION ARTERIAL,193,
ITATI,2023-09-01,9,2023,4,ENFERMERIA,TEMPERATURA,32,
ITATI,2023-09-01,9,2023,4,ENFERMERIA,GLUCEMIA,15,
ITATI,2023-09-01,9,2023,4,ENFERMERIA,NEBULIZACIONES,20,
ITATI,2023-09-01,9,2023,4,ENFERMERIA,PESO Y TALLA,280,
ITATI,2023-09-01,9,2023,4,ENFERMERIA,CURACIONES,32,
ITATI,2023-09-01,9,2023,4,ENFERMERIA,SUTURAS,10,
ITATI,2023-09-01,9,2023,4,ENFERMERIA,INYECTABLES,115,
ITATI,2023-09-01,9,2023,4,ENFERMERIA,INMUNIZACIONES,72,
GÜEMES,2023-09-01,9,2023,4,ENFERMERIA,CONTROL TENSION ARTERIAL,173,
GÜEMES,2023-09-01,9,2023,4,ENFERMERIA,TEMPERATURA,74,
GÜEMES,2023-09-01,9,2023,4,ENFERMERIA,GLUCEMIA,3,
GÜEMES,2023-09-01,9,2023,4,ENFERMERIA,NEBULIZACIONES,9,
GÜEMES,2023-09-01,9,2023,4,ENFERMERIA,PESO Y TALLA,405,
GÜEMES,2023-09-01,9,2023,4,ENFERMERIA,CURACIONES,9,
GÜEMES,2023-09-01,9,2023,4,ENFERMERIA,INYECTABLES,26,
GÜEMES,2023-09-01,9,2023,4,ENFERMERIA,INMUNIZACIONES,120,
PUJOL,2023-09-01,9,2023,4,ENFERMERIA,CONTROL TENSION ARTERIAL,144,
PUJOL,2023-09-01,9,2023,4,ENFERMERIA,TEMPERATURA,33,
PUJOL,2023-09-01,9,2023,4,ENFERMERIA,GLUCEMIA,21,
PUJOL,2023-09-01,9,2023,4,ENFERMERIA,NEBULIZACIONES,48,
PUJOL,2023-09-01,9,2023,4,ENFERMERIA,PESO Y TALLA,290,
PUJOL,2023-09-01,9,2023,4,ENFERMERIA,CURACIONES,12,
PUJOL,2023-09-01,9,2023,4,ENFERMERIA,INYECTABLES,89,
PUJOL,2023-09-01,9,2023,4,ENFERMERIA,INMUNIZACIONES,33,
PUJOL,2023-09-01,9,2023,4,ENFERMERIA,ECOGRAFIAS,7,
DR. SEMPER,2023-09-01,9,2023,4,ENFERMERIA,CONTROL TENSION ARTERIAL,450,
DR. SEMPER,2023-09-01,9,2023,4,ENFERMERIA,TEMPERATURA,125,
DR. SEMPER,2023-09-01,9,2023,4,ENFERMERIA,GLUCEMIA,175,
DR. SEMPER,2023-09-01,9,2023,4,ENFERMERIA,NEBULIZACIONES,85,
DR. SEMPER,2023-09-01,9,2023,4,ENFERMERIA,PESO Y TALLA,613,
DR. SEMPER,2023-09-01,9,2023,4,ENFERMERIA,CURACIONES,245,
DR. SEMPER,2023-09-01,9,2023,4,ENFERMERIA,SUTURAS,8,
DR. SEMPER,2023-09-01,9,2023,4,ENFERMERIA,INYECTABLES,522,
DR. SEMPER,2023-09-01,9,2023,4,ENFERMERIA,INMUNIZACIONES,75,
DR. PIRCHI,2023-09-01,9,2023,4,ENFERMERIA,CONTROL TENSION ARTERIAL,309,
DR. PIRCHI,2023-09-01,9,2023,4,ENFERMERIA,CONTROL TENSION ARTERIAL,29,
DR. PIRCHI,2023-09-01,9,2023,4,ENFERMERIA,GLUCEMIA,49,
DR. PIRCHI,2023-09-01,9,2023,4,ENFERMERIA,NEBULIZACIONES,23,
DR. PIRCHI,2023-09-01,9,2023,4,ENFERMERIA,PESO Y TALLA,345,
DR. PIRCHI,2023-09-01,9,2023,4,ENFERMERIA,CURACIONES,36,
DR. PIRCHI,2023-09-01,9,2023,4,ENFERMERIA,INYECTABLES,52,
DR. PIRCHI,2023-09-01,9,2023,4,ENFERMERIA,INMUNIZACIONES,110,
DR MANUEL A. GONZALEZ,2023-09-01,9,2023,4,ENFERMERIA,CONTROL TENSION ARTERIAL,450,
DR MANUEL A. GONZALEZ,2023-09-01,9,2023,4,ENFERMERIA,TEMPERATURA,30,
DR MANUEL A. GONZALEZ,2023-09-01,9,2023,4,ENFERMERIA,GLUCEMIA,20,
DR MANUEL A. GONZALEZ,2023-09-01,9,2023,4,ENFERMERIA,NEBULIZACIONES,15,
DR MANUEL A. GONZALEZ,2023-09-01,9,2023,4,ENFERMERIA,PESO Y TALLA,605,
DR MANUEL A. GONZALEZ,2023-09-01,9,2023,4,ENFERMERIA,CURACIONES,20,
DR MANUEL A. GONZALEZ,2023-09-01,9,2023,4,ENFERMERIA,INYECTABLES,102,
PASO MARTINEZ,2023-09-01,9,2023,4,ENFERMERIA,INMUNIZACIONES,79,
PASO MARTINEZ,2023-09-01,9,2023,4,ENFERMERIA,CONTROL TENSION ARTERIAL,5,
PASO MARTINEZ,2023-09-01,9,2023,4,ENFERMERIA,PESO Y TALLA,13,
PASO MARTINEZ,2023-09-01,9,2023,4,ENFERMERIA,INYECTABLES,3,
VILLA GARCIA,2023-09-01,9,2023,4,ENFERMERIA,CONTROL TENSION ARTERIAL,118,
VILLA GARCIA,2023-09-01,9,2023,4,ENFERMERIA,TEMPERATURA,13,
VILLA GARCIA,2023-09-01,9,2023,4,ENFERMERIA,GLUCEMIA,11,
VILLA GARCIA,2023-09-01,9,2023,4,ENFERMERIA,PESO Y TALLA,45,
VILLA GARCIA,2023-09-01,9,2023,4,ENFERMERIA,CURACIONES,2,
VILLA GARCIA,2023-09-01,9,2023,4,ENFERMERIA,INYECTABLES,15,
VILLA GARCIA,2023-09-01,9,2023,4,ENFERMERIA,INMUNIZACIONES,63,
SAN MARCOS,2023-09-01,9,2023,4,ENFERMERIA,CONTROL TENSION ARTERIAL,178,
SAN MARCOS,2023-09-01,9,2023,4,ENFERMERIA,TEMPERATURA,4,
SAN MARCOS,2023-09-01,9,2023,4,ENFERMERIA,GLUCEMIA,6,
SAN MARCOS,2023-09-01,9,2023,4,ENFERMERIA,NEBULIZACIONES,11,
SAN MARCOS,2023-09-01,9,2023,4,ENFERMERIA,PESO Y TALLA,440,
SAN MARCOS,2023-09-01,9,2023,4,ENFERMERIA,CURACIONES,4,
SAN MARCOS,2023-09-01,9,2023,4,ENFERMERIA,INYECTABLES,23,
SAN MARCOS,2023-09-01,9,2023,4,ENFERMERIA,INMUNIZACIONES,76,
DR. ANIBAL MALVIDO,2023-09-01,9,2023,4,ENFERMERIA,CONTROL TENSION ARTERIAL,220,
DR. ANIBAL MALVIDO,2023-09-01,9,2023,4,ENFERMERIA,TEMPERATURA,98,
DR. ANIBAL MALVIDO,2023-09-01,9,2023,4,ENFERMERIA,GLUCEMIA,36,
DR. ANIBAL MALVIDO,2023-09-01,9,2023,4,ENFERMERIA,NEBULIZACIONES,8,
DR. ANIBAL MALVIDO,2023-09-01,9,2023,4,ENFERMERIA,PESO Y TALLA,220,
DR. ANIBAL MALVIDO,2023-09-01,9,2023,4,ENFERMERIA,CURACIONES,40,
DR. ANIBAL MALVIDO,2023-09-01,9,2023,4,ENFERMERIA,INYECTABLES,300,
DR. ANIBAL MALVIDO,2023-09-01,9,2023,4,ENFERMERIA,INMUNIZACIONES,188,
DR. ANIBAL MALVIDO,2023-09-01,9,2023,4,ENFERMERIA,PAP,4,
DR. ANIBAL MALVIDO,2023-09-01,9,2023,4,ENFERMERIA,ECOGRAFIAS,36,
SAPUCAY,2023-09-01,9,2023,4,ENFERMERIA,CONTROL TENSION ARTERIAL,280,
SAPUCAY,2023-09-01,9,2023,4,ENFERMERIA,TEMPERATURA,70,
SAPUCAY,2023-09-01,9,2023,4,ENFERMERIA,GLUCEMIA,65,
SAPUCAY,2023-09-01,9,2023,4,ENFERMERIA,NEBULIZACIONES,20,
SAPUCAY,2023-09-01,9,2023,4,ENFERMERIA,PESO Y TALLA,500,
SAPUCAY,2023-09-01,9,2023,4,ENFERMERIA,CURACIONES,85,
SAPUCAY,2023-09-01,9,2023,4,ENFERMERIA,INYECTABLES,30,
SAPUCAY,2023-09-01,9,2023,4,ENFERMERIA,INMUNIZACIONES,68,
Dr. CALMANASH,2023-09-01,9,2023,4,ENFERMERIA,CONTROL TENSION ARTERIAL,50,
Dr. CALMANASH,2023-09-01,9,2023,4,ENFERMERIA,TEMPERATURA,10,
Dr. CALMANASH,2023-09-01,9,2023,4,ENFERMERIA,NEBULIZACIONES,15,
Dr. CALMANASH,2023-09-01,9,2023,4,ENFERMERIA,PESO Y TALLA,50,
Dr. CALMANASH,2023-09-01,9,2023,4,ENFERMERIA,CURACIONES,15,
Dr. CALMANASH,2023-09-01,9,2023,4,ENFERMERIA,INYECTABLES,40,
Dr. CALMANASH,2023-09-01,9,2023,4,ENFERMERIA,INMUNIZACIONES,0,
DR. KORIMBLUM,2023-09-01,9,2023,4,ENFERMERIA,CONTROL TENSION ARTERIAL,33,
DR. KORIMBLUM,2023-09-01,9,2023,4,ENFERMERIA,GLUCEMIA,1,
DR. KORIMBLUM,2023-09-01,9,2023,4,ENFERMERIA,PESO Y TALLA,207,
DR. KORIMBLUM,2023-09-01,9,2023,4,ENFERMERIA,CURACIONES,8,
DR. KORIMBLUM,2023-09-01,9,2023,4,ENFERMERIA,INYECTABLES,17,
DR. KORIMBLUM,2023-09-01,9,2023,4,ENFERMERIA,INMUNIZACIONES,61,
DR. CHERCOFF,2023-09-01,9,2023,4,ENFERMERIA,CONTROL TENSION ARTERIAL,219,
DR. CHERCOFF,2023-09-01,9,2023,4,ENFERMERIA,TEMPERATURA,188,
DR. CHERCOFF,2023-09-01,9,2023,4,ENFERMERIA,GLUCEMIA,7,
DR. CHERCOFF,2023-09-01,9,2023,4,ENFERMERIA,PESO Y TALLA,236,
DR. CHERCOFF,2023-09-01,9,2023,4,ENFERMERIA,CURACIONES,56,
DR. CHERCOFF,2023-09-01,9,2023,4,ENFERMERIA,INYECTABLES,43,
DR. CHERCOFF,2023-09-01,9,2023,4,ENFERMERIA,INMUNIZACIONES,15,
DR. BENJAMIN SERRANO,2023-09-01,9,2023,4,ENFERMERIA,CONTROL TENSION ARTERIAL,199,
DR. BENJAMIN SERRANO,2023-09-01,9,2023,4,ENFERMERIA,TEMPERATURA,41,
DR. BENJAMIN SERRANO,2023-09-01,9,2023,4,ENFERMERIA,GLUCEMIA,31,
DR. BENJAMIN SERRANO,2023-09-01,9,2023,4,ENFERMERIA,PESO Y TALLA,290,
DR. BENJAMIN SERRANO,2023-09-01,9,2023,4,ENFERMERIA,CURACIONES,51,
DR. BENJAMIN SERRANO,2023-09-01,9,2023,4,ENFERMERIA,INYECTABLES,49,
DR. BENJAMIN SERRANO,2023-09-01,9,2023,4,ENFERMERIA,INMUNIZACIONES,87,
QUINTA FERRE,2023-09-01,9,2023,4,ENFERMERIA,CONTROL TENSION ARTERIAL,103,
QUINTA FERRE,2023-09-01,9,2023,4,ENFERMERIA,GLUCEMIA,40,
QUINTA FERRE,2023-09-01,9,2023,4,ENFERMERIA,PESO Y TALLA,107,
QUINTA FERRE,2023-09-01,9,2023,4,ENFERMERIA,CURACIONES,40,
QUINTA FERRE,2023-09-01,9,2023,4,ENFERMERIA,INYECTABLES,80,
DR. SUSSINI,2023-09-01,9,2023,4,ENFERMERIA,CONTROL TENSION ARTERIAL,437,
DR. SUSSINI,2023-09-01,9,2023,4,ENFERMERIA,TEMPERATURA,27,
DR. SUSSINI,2023-09-01,9,2023,4,ENFERMERIA,GLUCEMIA,45,
DR. SUSSINI,2023-09-01,9,2023,4,ENFERMERIA,NEBULIZACIONES,19,
DR. SUSSINI,2023-09-01,9,2023,4,ENFERMERIA,PESO Y TALLA,438,
DR. SUSSINI,2023-09-01,9,2023,4,ENFERMERIA,CURACIONES,40,
DR. SUSSINI,2023-09-01,9,2023,4,ENFERMERIA,SUTURAS,1,
DR. SUSSINI,2023-09-01,9,2023,4,ENFERMERIA,INYECTABLES,288,
DR. SUSSINI,2023-09-01,9,2023,4,ENFERMERIA,INMUNIZACIONES,249,
DR. SUSSINI,2023-09-01,9,2023,4,ENFERMERIA,ECOGRAFIAS,21,
DR. SUSSINI,2023-09-01,9,2023,4,ENFERMERIA,IMPLANTE SUBDERMICO,1,
DR. SUSSINI,2023-09-01,9,2023,4,ENFERMERIA,ECG,20,
SANTA MARTA,2023-09-01,9,2023,4,ENFERMERIA,CONTROL TENSION ARTERIAL,108,
SANTA MARTA,2023-09-01,9,2023,4,ENFERMERIA,TEMPERATURA,4,
SANTA MARTA,2023-09-01,9,2023,4,ENFERMERIA,GLUCEMIA,9,
SANTA MARTA,2023-09-01,9,2023,4,ENFERMERIA,PESO Y TALLA,149,
SANTA MARTA,2023-09-01,9,2023,4,ENFERMERIA,CURACIONES,17,
SANTA MARTA,2023-09-01,9,2023,4,ENFERMERIA,INYECTABLES,25,
SANTA MARTA,2023-09-01,9,2023,4,ENFERMERIA,INMUNIZACIONES,119,
DR. ROSSI CANDIA,2023-09-01,9,2023,4,ENFERMERIA,CONTROL TENSION ARTERIAL,458,
DR. ROSSI CANDIA,2023-09-01,9,2023,4,ENFERMERIA,TEMPERATURA,11,
DR. ROSSI CANDIA,2023-09-01,9,2023,4,ENFERMERIA,GLUCEMIA,4,
DR. ROSSI CANDIA,2023-09-01,9,2023,4,ENFERMERIA,NEBULIZACIONES,4,
DR. ROSSI CANDIA,2023-09-01,9,2023,4,ENFERMERIA,PESO Y TALLA,517,
DR. ROSSI CANDIA,2023-09-01,9,2023,4,ENFERMERIA,CURACIONES,32,
DR. ROSSI CANDIA,2023-09-01,9,2023,4,ENFERMERIA,SUTURAS,1,
DR. ROSSI CANDIA,2023-09-01,9,2023,4,ENFERMERIA,INYECTABLES,85,
DR. ROSSI CANDIA,2023-09-01,9,2023,4,ENFERMERIA,INMUNIZACIONES,210,
SANTA MARGARITA,2023-10-01,10,2023,4,ENFERMERIA,CONTROL TENSION ARTERIAL,110,
SANTA MARGARITA,2023-10-01,10,2023,4,ENFERMERIA,TEMPERATURA,20,
SANTA MARGARITA,2023-10-01,10,2023,4,ENFERMERIA,PESO Y TALLA,157,
SANTA MARGARITA,2023-10-01,10,2023,4,ENFERMERIA,CURACIONES,3,
SANTA MARGARITA,2023-10-01,10,2023,4,ENFERMERIA,INYECTABLES,25,
SANTA MARGARITA,2023-10-01,10,2023,4,ENFERMERIA,INMUNIZACIONES,29,
DR. JOSE DE LOS REYES VIDAL,2023-10-01,10,2023,4,ENFERMERIA,CONTROL TENSION ARTERIAL,250,
DR. JOSE DE LOS REYES VIDAL,2023-10-01,10,2023,4,ENFERMERIA,TEMPERATURA,10,
DR. JOSE DE LOS REYES VIDAL,2023-10-01,10,2023,4,ENFERMERIA,GLUCEMIA,210,
DR. JOSE DE LOS REYES VIDAL,2023-10-01,10,2023,4,ENFERMERIA,CURACIONES,30,
DR. JOSE DE LOS REYES VIDAL,2023-10-01,10,2023,4,ENFERMERIA,INYECTABLES,150,
MARCELINO VERA,2023-10-01,10,2023,4,ENFERMERIA,CONTROL TENSION ARTERIAL,196,
MARCELINO VERA,2023-10-01,10,2023,4,ENFERMERIA,TEMPERATURA,85,
MARCELINO VERA,2023-10-01,10,2023,4,ENFERMERIA,GLUCEMIA,11,
MARCELINO VERA,2023-10-01,10,2023,4,ENFERMERIA,PESO Y TALLA,144,
MARCELINO VERA,2023-10-01,10,2023,4,ENFERMERIA,CURACIONES,15,
MARCELINO VERA,2023-10-01,10,2023,4,ENFERMERIA,INYECTABLES,25,
VILLA CHIQUITA,2023-10-01,10,2023,4,ENFERMERIA,CONTROL TENSION ARTERIAL,87,
VILLA CHIQUITA,2023-10-01,10,2023,4,ENFERMERIA,TEMPERATURA,5,
VILLA CHIQUITA,2023-10-01,10,2023,4,ENFERMERIA,GLUCEMIA,6,
VILLA CHIQUITA,2023-10-01,10,2023,4,ENFERMERIA,PESO Y TALLA,19,
VILLA CHIQUITA,2023-10-01,10,2023,4,ENFERMERIA,CURACIONES,2,
VILLA CHIQUITA,2023-10-01,10,2023,4,ENFERMERIA,INYECTABLES,17,
DR. FLIER,2023-09-01,9,2023,4,ENFERMERIA,CONTROL TENSION ARTERIAL,100,
DR. FLIER,2023-09-01,9,2023,4,ENFERMERIA,TEMPERATURA,96,
DR. FLIER,2023-09-01,9,2023,4,ENFERMERIA,NEBULIZACIONES,60,
DR. FLIER,2023-09-01,9,2023,4,ENFERMERIA,PESO Y TALLA,173,
DR. FLIER,2023-09-01,9,2023,4,ENFERMERIA,CURACIONES,98,
DR. FLIER,2023-09-01,9,2023,4,ENFERMERIA,INYECTABLES,125,
DR. FLIER,2023-09-01,9,2023,4,ENFERMERIA,INMUNIZACIONES,36,
GÜEMES,2023-10-01,10,2023,4,ENFERMERIA,CONTROL TENSION ARTERIAL,270,
GÜEMES,2023-10-01,10,2023,4,ENFERMERIA,TEMPERATURA,74,
GÜEMES,2023-10-01,10,2023,4,ENFERMERIA,NEBULIZACIONES,10,
GÜEMES,2023-10-01,10,2023,4,ENFERMERIA,PESO Y TALLA,561,
GÜEMES,2023-10-01,10,2023,4,ENFERMERIA,CURACIONES,31,
GÜEMES,2023-10-01,10,2023,4,ENFERMERIA,INYECTABLES,33,
GÜEMES,2023-10-01,10,2023,4,ENFERMERIA,INMUNIZACIONES,154,
DR. FLIER,2023-10-01,10,2023,4,ENFERMERIA,CONTROL TENSION ARTERIAL,126,
DR. FLIER,2023-10-01,10,2023,4,ENFERMERIA,TEMPERATURA,110,
DR. FLIER,2023-10-01,10,2023,4,ENFERMERIA,NEBULIZACIONES,74,
DR. FLIER,2023-10-01,10,2023,4,ENFERMERIA,PESO Y TALLA,132,
DR. FLIER,2023-10-01,10,2023,4,ENFERMERIA,CURACIONES,90,
DR. FLIER,2023-10-01,10,2023,4,ENFERMERIA,INYECTABLES,131,
DR. FLIER,2023-10-01,10,2023,4,ENFERMERIA,INMUNIZACIONES,38,
PASO MARTINEZ,2023-10-01,10,2023,4,ENFERMERIA,CONTROL TENSION ARTERIAL,4,
PASO MARTINEZ,2023-10-01,10,2023,4,ENFERMERIA,PESO Y TALLA,15,
PASO MARTINEZ,2023-10-01,10,2023,4,ENFERMERIA,INYECTABLES,4,
CICHERO,2023-10-01,10,2023,4,ENFERMERIA,INMUNIZACIONES,165,
DR. BENJAMIN SERRANO,2023-10-01,10,2023,4,ENFERMERIA,CONTROL TENSION ARTERIAL,254,
DR. BENJAMIN SERRANO,2023-10-01,10,2023,4,ENFERMERIA,TEMPERATURA,35,
DR. BENJAMIN SERRANO,2023-10-01,10,2023,4,ENFERMERIA,GLUCEMIA,28,
DR. BENJAMIN SERRANO,2023-10-01,10,2023,4,ENFERMERIA,PESO Y TALLA,238,
DR. BENJAMIN SERRANO,2023-10-01,10,2023,4,ENFERMERIA,CURACIONES,16,
DR. BENJAMIN SERRANO,2023-10-01,10,2023,4,ENFERMERIA,INYECTABLES,58,
DR. BENJAMIN SERRANO,2023-10-01,10,2023,4,ENFERMERIA,INMUNIZACIONES,75,
DR. MAURICIO OPEN,2023-10-01,10,2023,4,ENFERMERIA,CONTROL TENSION ARTERIAL,37,
DR. MAURICIO OPEN,2023-10-01,10,2023,4,ENFERMERIA,TEMPERATURA,5,
DR. MAURICIO OPEN,2023-10-01,10,2023,4,ENFERMERIA,GLUCEMIA,4,
DR. MAURICIO OPEN,2023-10-01,10,2023,4,ENFERMERIA,PESO Y TALLA,50,
DR. MAURICIO OPEN,2023-10-01,10,2023,4,ENFERMERIA,CURACIONES,13,
DR. MAURICIO OPEN,2023-10-01,10,2023,4,ENFERMERIA,INYECTABLES,16,
DR. MAURICIO OPEN,2023-10-01,10,2023,4,ENFERMERIA,INMUNIZACIONES,70,
DR. ANIBAL MALVIDO,2023-10-01,10,2023,4,ENFERMERIA,CONTROL TENSION ARTERIAL,320,
DR. ANIBAL MALVIDO,2023-10-01,10,2023,4,ENFERMERIA,TEMPERATURA,320,
DR. ANIBAL MALVIDO,2023-10-01,10,2023,4,ENFERMERIA,GLUCEMIA,12,
DR. ANIBAL MALVIDO,2023-10-01,10,2023,4,ENFERMERIA,NEBULIZACIONES,3,
DR. ANIBAL MALVIDO,2023-10-01,10,2023,4,ENFERMERIA,PESO Y TALLA,320,
DR. ANIBAL MALVIDO,2023-10-01,10,2023,4,ENFERMERIA,CURACIONES,18,
DR. ANIBAL MALVIDO,2023-10-01,10,2023,4,ENFERMERIA,INYECTABLES,50,
DR. ANIBAL MALVIDO,2023-10-01,10,2023,4,ENFERMERIA,INMUNIZACIONES,248,
DR. ANIBAL MALVIDO,2023-10-01,10,2023,10,GINECOLOGIA,PAP,5,
DR. ANIBAL MALVIDO,2023-10-01,10,2023,4,ENFERMERIA,ECOGRAFIAS,22,
ESPERANZA,2023-10-01,10,2023,4,ENFERMERIA,CONTROL TENSION ARTERIAL,338,
ESPERANZA,2023-10-01,10,2023,4,ENFERMERIA,TEMPERATURA,38,
ESPERANZA,2023-10-01,10,2023,4,ENFERMERIA,GLUCEMIA,27,
ESPERANZA,2023-10-01,10,2023,4,ENFERMERIA,PESO Y TALLA,998,
ESPERANZA,2023-10-01,10,2023,4,ENFERMERIA,CURACIONES,19,
ESPERANZA,2023-10-01,10,2023,4,ENFERMERIA,INYECTABLES,52,
ESPERANZA,2023-10-01,10,2023,4,ENFERMERIA,INMUNIZACIONES,180,
ITATI,2023-10-01,10,2023,4,ENFERMERIA,CONTROL TENSION ARTERIAL,168,
ITATI,2023-10-01,10,2023,4,ENFERMERIA,TEMPERATURA,27,
ITATI,2023-10-01,10,2023,4,ENFERMERIA,GLUCEMIA,11,
ITATI,2023-10-01,10,2023,4,ENFERMERIA,NEBULIZACIONES,7,
ITATI,2023-10-01,10,2023,4,ENFERMERIA,PESO Y TALLA,155,
ITATI,2023-10-01,10,2023,4,ENFERMERIA,CURACIONES,24,
ITATI,2023-10-01,10,2023,4,ENFERMERIA,INYECTABLES,65,
ITATI,2023-10-01,10,2023,4,ENFERMERIA,INMUNIZACIONES,129,
ITATI,2023-10-01,10,2023,10,GINECOLOGIA,PAP,1,
ITATI,2023-10-01,10,2023,10,GINECOLOGIA,TEST HPV,1,
GDOR. ELIAS GALVAN,2023-10-01,10,2023,4,ENFERMERIA,CONTROL TENSION ARTERIAL,217,
GDOR. ELIAS GALVAN,2023-10-01,10,2023,4,ENFERMERIA,TEMPERATURA,44,
GDOR. ELIAS GALVAN,2023-10-01,10,2023,4,ENFERMERIA,GLUCEMIA,17,
GDOR. ELIAS GALVAN,2023-10-01,10,2023,4,ENFERMERIA,NEBULIZACIONES,22,
GDOR. ELIAS GALVAN,2023-10-01,10,2023,4,ENFERMERIA,PESO Y TALLA,388,
GDOR. ELIAS GALVAN,2023-10-01,10,2023,4,ENFERMERIA,CURACIONES,58,
GDOR. ELIAS GALVAN,2023-10-01,10,2023,4,ENFERMERIA,INYECTABLES,32,
GDOR. ELIAS GALVAN,2023-10-01,10,2023,4,ENFERMERIA,INMUNIZACIONES,82,
Dr. CALMANASH,2023-10-01,10,2023,4,ENFERMERIA,CONTROL TENSION ARTERIAL,180,
Dr. CALMANASH,2023-10-01,10,2023,4,ENFERMERIA,TEMPERATURA,5,
Dr. CALMANASH,2023-10-01,10,2023,4,ENFERMERIA,NEBULIZACIONES,10,
Dr. CALMANASH,2023-10-01,10,2023,4,ENFERMERIA,PESO Y TALLA,105,
Dr. CALMANASH,2023-10-01,10,2023,4,ENFERMERIA,CURACIONES,9,
Dr. CALMANASH,2023-10-01,10,2023,4,ENFERMERIA,INYECTABLES,43,
Dr. CALMANASH,2023-10-01,10,2023,4,ENFERMERIA,INMUNIZACIONES,135,
DR. MANUEL CASSUSO,2023-10-01,10,2023,4,ENFERMERIA,CONTROL TENSION ARTERIAL,215,
DR. MANUEL CASSUSO,2023-10-01,10,2023,4,ENFERMERIA,TEMPERATURA,10,
DR. MANUEL CASSUSO,2023-10-01,10,2023,4,ENFERMERIA,GLUCEMIA,1,
DR. MANUEL CASSUSO,2023-10-01,10,2023,4,ENFERMERIA,NEBULIZACIONES,8,
DR. MANUEL CASSUSO,2023-10-01,10,2023,4,ENFERMERIA,PESO Y TALLA,398,
DR. MANUEL CASSUSO,2023-10-01,10,2023,4,ENFERMERIA,CURACIONES,11,
DR. MANUEL CASSUSO,2023-10-01,10,2023,4,ENFERMERIA,INYECTABLES,43,
DR. MANUEL CASSUSO,2023-10-01,10,2023,4,ENFERMERIA,INMUNIZACIONES,158,
RIO PARANA,2023-10-01,10,2023,4,ENFERMERIA,CONTROL TENSION ARTERIAL,270,
RIO PARANA,2023-10-01,10,2023,4,ENFERMERIA,TEMPERATURA,98,
RIO PARANA,2023-10-01,10,2023,4,ENFERMERIA,GLUCEMIA,30,
RIO PARANA,2023-10-01,10,2023,4,ENFERMERIA,PESO Y TALLA,210,
RIO PARANA,2023-10-01,10,2023,4,ENFERMERIA,CURACIONES,89,
RIO PARANA,2023-10-01,10,2023,4,ENFERMERIA,INYECTABLES,92,
RIO PARANA,2023-10-01,10,2023,4,ENFERMERIA,INMUNIZACIONES,266,
Dr. SANTIAGO LORENZO,2023-10-01,10,2023,4,ENFERMERIA,CONTROL TENSION ARTERIAL,207,
Dr. SANTIAGO LORENZO,2023-10-01,10,2023,4,ENFERMERIA,TEMPERATURA,2,
Dr. SANTIAGO LORENZO,2023-10-01,10,2023,4,ENFERMERIA,GLUCEMIA,11,
Dr. SANTIAGO LORENZO,2023-10-01,10,2023,4,ENFERMERIA,NEBULIZACIONES,9,
Dr. SANTIAGO LORENZO,2023-10-01,10,2023,4,ENFERMERIA,PESO Y TALLA,245,
Dr. SANTIAGO LORENZO,2023-10-01,10,2023,4,ENFERMERIA,CURACIONES,6,
Dr. SANTIAGO LORENZO,2023-10-01,10,2023,4,ENFERMERIA,INYECTABLES,40,
Dr. SANTIAGO LORENZO,2023-10-01,10,2023,4,ENFERMERIA,INMUNIZACIONES,142,
VILLA GARCIA,2023-10-01,10,2023,4,ENFERMERIA,CONTROL TENSION ARTERIAL,100,
VILLA GARCIA,2023-10-01,10,2023,4,ENFERMERIA,TEMPERATURA,10,
VILLA GARCIA,2023-10-01,10,2023,4,ENFERMERIA,GLUCEMIA,15,
VILLA GARCIA,2023-10-01,10,2023,4,ENFERMERIA,PESO Y TALLA,62,
VILLA GARCIA,2023-10-01,10,2023,4,ENFERMERIA,CURACIONES,5,
VILLA GARCIA,2023-10-01,10,2023,4,ENFERMERIA,INYECTABLES,34,
VILLA GARCIA,2023-10-01,10,2023,4,ENFERMERIA,INMUNIZACIONES,86,
PUJOL,2023-10-01,10,2023,4,ENFERMERIA,CONTROL TENSION ARTERIAL,128,
PUJOL,2023-10-01,10,2023,4,ENFERMERIA,TEMPERATURA,33,
PUJOL,2023-10-01,10,2023,4,ENFERMERIA,GLUCEMIA,15,
PUJOL,2023-10-01,10,2023,4,ENFERMERIA,NEBULIZACIONES,30,
PUJOL,2023-10-01,10,2023,4,ENFERMERIA,PESO Y TALLA,330,
PUJOL,2023-10-01,10,2023,4,ENFERMERIA,CURACIONES,20,
PUJOL,2023-10-01,10,2023,4,ENFERMERIA,INYECTABLES,81,
PUJOL,2023-10-01,10,2023,4,ENFERMERIA,INMUNIZACIONES,89,
PUJOL,2023-10-01,10,2023,10,GINECOLOGIA,ECOGRAFIAS,8,
DR. KORIMBLUM,2023-10-01,10,2023,4,ENFERMERIA,CONTROL TENSION ARTERIAL,45,
DR. KORIMBLUM,2023-10-01,10,2023,4,ENFERMERIA,GLUCEMIA,5,
DR. KORIMBLUM,2023-10-01,10,2023,4,ENFERMERIA,PESO Y TALLA,151,
DR. KORIMBLUM,2023-10-01,10,2023,4,ENFERMERIA,CURACIONES,12,
DR. KORIMBLUM,2023-10-01,10,2023,4,ENFERMERIA,INYECTABLES,18,
DR. KORIMBLUM,2023-10-01,10,2023,4,ENFERMERIA,INMUNIZACIONES,44,
SAPUCAY,2023-10-01,10,2023,4,ENFERMERIA,CONTROL TENSION ARTERIAL,300,
SAPUCAY,2023-10-01,10,2023,4,ENFERMERIA,TEMPERATURA,50,
SAPUCAY,2023-10-01,10,2023,4,ENFERMERIA,GLUCEMIA,60,
SAPUCAY,2023-10-01,10,2023,4,ENFERMERIA,NEBULIZACIONES,10,
SAPUCAY,2023-10-01,10,2023,4,ENFERMERIA,PESO Y TALLA,450,
SAPUCAY,2023-10-01,10,2023,4,ENFERMERIA,CURACIONES,70,
SAPUCAY,2023-10-01,10,2023,4,ENFERMERIA,INYECTABLES,45,
SAPUCAY,2023-10-01,10,2023,4,ENFERMERIA,INMUNIZACIONES,61,
DR. PIRCHI,2023-10-01,10,2023,4,ENFERMERIA,CONTROL TENSION ARTERIAL,215,
DR. PIRCHI,2023-10-01,10,2023,4,ENFERMERIA,TEMPERATURA,7,
DR. PIRCHI,2023-10-01,10,2023,4,ENFERMERIA,GLUCEMIA,35,
DR. PIRCHI,2023-10-01,10,2023,4,ENFERMERIA,NEBULIZACIONES,12,
DR. PIRCHI,2023-10-01,10,2023,4,ENFERMERIA,PESO Y TALLA,310,
DR. PIRCHI,2023-10-01,10,2023,4,ENFERMERIA,CURACIONES,25,
DR. PIRCHI,2023-10-01,10,2023,4,ENFERMERIA,INYECTABLES,45,
DR. PIRCHI,2023-10-01,10,2023,4,ENFERMERIA,INMUNIZACIONES,157,
QUINTA FERRE,2023-10-01,10,2023,4,ENFERMERIA,CONTROL TENSION ARTERIAL,97,
QUINTA FERRE,2023-10-01,10,2023,4,ENFERMERIA,TEMPERATURA,3,
QUINTA FERRE,2023-10-01,10,2023,4,ENFERMERIA,GLUCEMIA,30,
QUINTA FERRE,2023-10-01,10,2023,4,ENFERMERIA,PESO Y TALLA,228,
QUINTA FERRE,2023-10-01,10,2023,4,ENFERMERIA,CURACIONES,23,
QUINTA FERRE,2023-10-01,10,2023,4,ENFERMERIA,INYECTABLES,62,
QUINTA FERRE,2023-10-01,10,2023,4,ENFERMERIA,INMUNIZACIONES,115,
SAN MARCOS,2023-10-01,10,2023,4,ENFERMERIA,CONTROL TENSION ARTERIAL,198,
SAN MARCOS,2023-10-01,10,2023,4,ENFERMERIA,TEMPERATURA,4,
SAN MARCOS,2023-10-01,10,2023,4,ENFERMERIA,GLUCEMIA,8,
SAN MARCOS,2023-10-01,10,2023,4,ENFERMERIA,PESO Y TALLA,704,
SAN MARCOS,2023-10-01,10,2023,4,ENFERMERIA,CURACIONES,12,
SAN MARCOS,2023-10-01,10,2023,4,ENFERMERIA,INYECTABLES,36,
SAN MARCOS,2023-10-01,10,2023,4,ENFERMERIA,INMUNIZACIONES,75,
DR. SUSSINI,2023-10-01,10,2023,10,GINECOLOGIA,IMPLANTE SUBDERMICO,5,
DR. SUSSINI,2023-10-01,10,2023,10,GINECOLOGIA,ECG,20,
DR. SUSSINI,2023-10-01,10,2023,4,ENFERMERIA,CONTROL TENSION ARTERIAL,398,
DR. SUSSINI,2023-10-01,10,2023,4,ENFERMERIA,TEMPERATURA,23,
DR. SUSSINI,2023-10-01,10,2023,4,ENFERMERIA,GLUCEMIA,40,
DR. SUSSINI,2023-10-01,10,2023,4,ENFERMERIA,NEBULIZACIONES,15,
DR. SUSSINI,2023-10-01,10,2023,4,ENFERMERIA,PESO Y TALLA,443,
DR. SUSSINI,2023-10-01,10,2023,4,ENFERMERIA,CURACIONES,46,
DR. SUSSINI,2023-10-01,10,2023,4,ENFERMERIA,SUTURAS,3,
DR. SUSSINI,2023-10-01,10,2023,4,ENFERMERIA,INYECTABLES,326,
DR. SUSSINI,2023-10-01,10,2023,4,ENFERMERIA,INMUNIZACIONES,332,
DR MANUEL A. GONZALEZ,2023-10-01,10,2023,4,ENFERMERIA,CONTROL TENSION ARTERIAL,987,
DR MANUEL A. GONZALEZ,2023-10-01,10,2023,4,ENFERMERIA,TEMPERATURA,68,
DR MANUEL A. GONZALEZ,2023-10-01,10,2023,4,ENFERMERIA,GLUCEMIA,10,
DR MANUEL A. GONZALEZ,2023-10-01,10,2023,4,ENFERMERIA,NEBULIZACIONES,20,
DR MANUEL A. GONZALEZ,2023-10-01,10,2023,4,ENFERMERIA,PESO Y TALLA,1200,
DR MANUEL A. GONZALEZ,2023-10-01,10,2023,4,ENFERMERIA,CURACIONES,30,
DR MANUEL A. GONZALEZ,2023-10-01,10,2023,4,ENFERMERIA,INYECTABLES,80,
DR MANUEL A. GONZALEZ,2023-10-01,10,2023,4,ENFERMERIA,INMUNIZACIONES,102,
SANTA MARTA,2023-10-01,10,2023,4,ENFERMERIA,CONTROL TENSION ARTERIAL,143,
SANTA MARTA,2023-10-01,10,2023,4,ENFERMERIA,TEMPERATURA,12,
SANTA MARTA,2023-10-01,10,2023,4,ENFERMERIA,GLUCEMIA,27,
SANTA MARTA,2023-10-01,10,2023,4,ENFERMERIA,PESO Y TALLA,420,
SANTA MARTA,2023-10-01,10,2023,4,ENFERMERIA,CURACIONES,20,
SANTA MARTA,2023-10-01,10,2023,4,ENFERMERIA,INYECTABLES,28,
SANTA MARTA,2023-10-01,10,2023,4,ENFERMERIA,INMUNIZACIONES,134,
VILLA CHIQUITA,2023-11-01,11,2023,4,ENFERMERIA,CONTROL TENSION ARTERIAL,134,
VILLA CHIQUITA,2023-11-01,11,2023,4,ENFERMERIA,GLUCEMIA,15,
VILLA CHIQUITA,2023-11-01,11,2023,4,ENFERMERIA,PESO Y TALLA,68,
VILLA CHIQUITA,2023-11-01,11,2023,4,ENFERMERIA,CURACIONES,2,
VILLA CHIQUITA,2023-11-01,11,2023,4,ENFERMERIA,INYECTABLES,21,
VILLA CHIQUITA,2023-11-01,11,2023,4,ENFERMERIA,INMUNIZACIONES,16,
DR. ALBERTO LIFSCHITZ,2023-10-01,10,2023,4,ENFERMERIA,CONTROL TENSION ARTERIAL,242,
DR. ALBERTO LIFSCHITZ,2023-10-01,10,2023,4,ENFERMERIA,TEMPERATURA,21,
DR. ALBERTO LIFSCHITZ,2023-10-01,10,2023,4,ENFERMERIA,NEBULIZACIONES,3,
DR. ALBERTO LIFSCHITZ,2023-10-01,10,2023,4,ENFERMERIA,PESO Y TALLA,661,
DR. ALBERTO LIFSCHITZ,2023-10-01,10,2023,4,ENFERMERIA,CURACIONES,5,
DR. ALBERTO LIFSCHITZ,2023-10-01,10,2023,4,ENFERMERIA,INYECTABLES,130,
DR. ALBERTO LIFSCHITZ,2023-10-01,10,2023,4,ENFERMERIA,INMUNIZACIONES,56,
MARCELINO VERA,2023-10-01,10,2023,4,ENFERMERIA,CONTROL TENSION ARTERIAL,130,
MARCELINO VERA,2023-10-01,10,2023,4,ENFERMERIA,TEMPERATURA,30,
MARCELINO VERA,2023-10-01,10,2023,4,ENFERMERIA,GLUCEMIA,2,
MARCELINO VERA,2023-10-01,10,2023,4,ENFERMERIA,PESO Y TALLA,100,
MARCELINO VERA,2023-10-01,10,2023,4,ENFERMERIA,CURACIONES,20,
MARCELINO VERA,2023-10-01,10,2023,4,ENFERMERIA,INYECTABLES,35,
MARCELINO VERA,2023-10-01,10,2023,4,ENFERMERIA,INMUNIZACIONES,27,
DR. JOSE DE LOS REYES VIDAL,2023-11-01,11,2023,4,ENFERMERIA,CONTROL TENSION ARTERIAL,179,
DR. JOSE DE LOS REYES VIDAL,2023-11-01,11,2023,4,ENFERMERIA,TEMPERATURA,50,
DR. JOSE DE LOS REYES VIDAL,2023-11-01,11,2023,4,ENFERMERIA,GLUCEMIA,130,
DR. JOSE DE LOS REYES VIDAL,2023-11-01,11,2023,4,ENFERMERIA,PESO Y TALLA,380,
DR. JOSE DE LOS REYES VIDAL,2023-11-01,11,2023,4,ENFERMERIA,CURACIONES,10,
DR. JOSE DE LOS REYES VIDAL,2023-11-01,11,2023,4,ENFERMERIA,INYECTABLES,200,
DR. JOSE DE LOS REYES VIDAL,2023-11-01,11,2023,4,ENFERMERIA,INMUNIZACIONES,2,
SAPUCAY,2023-11-01,11,2023,4,ENFERMERIA,CONTROL TENSION ARTERIAL,290,
SAPUCAY,2023-11-01,11,2023,4,ENFERMERIA,TEMPERATURA,40,
SAPUCAY,2023-11-01,11,2023,4,ENFERMERIA,GLUCEMIA,68,
SAPUCAY,2023-11-01,11,2023,4,ENFERMERIA,NEBULIZACIONES,15,
SAPUCAY,2023-11-01,11,2023,4,ENFERMERIA,PESO Y TALLA,350,
SAPUCAY,2023-11-01,11,2023,4,ENFERMERIA,CURACIONES,90,
SAPUCAY,2023-11-01,11,2023,4,ENFERMERIA,INYECTABLES,37,
SAPUCAY,2023-11-01,11,2023,4,ENFERMERIA,INMUNIZACIONES,39,
GDOR. ELIAS GALVAN,2023-11-01,11,2023,4,ENFERMERIA,CONTROL TENSION ARTERIAL,231,
GDOR. ELIAS GALVAN,2023-11-01,11,2023,4,ENFERMERIA,TEMPERATURA,49,
GDOR. ELIAS GALVAN,2023-11-01,11,2023,4,ENFERMERIA,GLUCEMIA,17,
GDOR. ELIAS GALVAN,2023-11-01,11,2023,4,ENFERMERIA,NEBULIZACIONES,31,
GDOR. ELIAS GALVAN,2023-11-01,11,2023,4,ENFERMERIA,PESO Y TALLA,397,
GDOR. ELIAS GALVAN,2023-11-01,11,2023,4,ENFERMERIA,CURACIONES,68,
GDOR. ELIAS GALVAN,2023-11-01,11,2023,4,ENFERMERIA,INYECTABLES,41,
GDOR. ELIAS GALVAN,2023-11-01,11,2023,4,ENFERMERIA,INMUNIZACIONES,36,
CICHERO,2023-11-01,11,2023,4,ENFERMERIA,CONTROL TENSION ARTERIAL,294,
CICHERO,2023-11-01,11,2023,4,ENFERMERIA,TEMPERATURA,2,
CICHERO,2023-11-01,11,2023,4,ENFERMERIA,GLUCEMIA,51,
CICHERO,2023-11-01,11,2023,4,ENFERMERIA,NEBULIZACIONES,2,
CICHERO,2023-11-01,11,2023,4,ENFERMERIA,PESO Y TALLA,344,
CICHERO,2023-11-01,11,2023,4,ENFERMERIA,CURACIONES,35,
CICHERO,2023-11-01,11,2023,4,ENFERMERIA,INYECTABLES,82,
CICHERO,2023-11-01,11,2023,4,ENFERMERIA,INMUNIZACIONES,136,
DR. ANIBAL MALVIDO,2023-11-01,11,2023,4,ENFERMERIA,CONTROL TENSION ARTERIAL,369,
DR. ANIBAL MALVIDO,2023-11-01,11,2023,4,ENFERMERIA,TEMPERATURA,173,
DR. ANIBAL MALVIDO,2023-11-01,11,2023,4,ENFERMERIA,GLUCEMIA,10,
DR. ANIBAL MALVIDO,2023-11-01,11,2023,4,ENFERMERIA,PESO Y TALLA,1010,
DR. ANIBAL MALVIDO,2023-11-01,11,2023,4,ENFERMERIA,CURACIONES,16,
DR. ANIBAL MALVIDO,2023-11-01,11,2023,4,ENFERMERIA,INYECTABLES,54,
DR. ANIBAL MALVIDO,2023-11-01,11,2023,4,ENFERMERIA,INMUNIZACIONES,360,
VILLA GARCIA,2023-11-01,11,2023,4,ENFERMERIA,CONTROL TENSION ARTERIAL,76,
VILLA GARCIA,2023-11-01,11,2023,4,ENFERMERIA,TEMPERATURA,20,
VILLA GARCIA,2023-11-01,11,2023,4,ENFERMERIA,GLUCEMIA,3,
VILLA GARCIA,2023-11-01,11,2023,4,ENFERMERIA,PESO Y TALLA,79,
VILLA GARCIA,2023-11-01,11,2023,4,ENFERMERIA,CURACIONES,7,
VILLA GARCIA,2023-11-01,11,2023,4,ENFERMERIA,INYECTABLES,12,
VILLA GARCIA,2023-11-01,11,2023,4,ENFERMERIA,INMUNIZACIONES,51,
ITATI,2023-11-01,11,2023,10,GINECOLOGIA,PAP,2,
ITATI,2023-11-01,11,2023,10,GINECOLOGIA,TEST HPV,2,
ITATI,2023-11-01,11,2023,4,ENFERMERIA,CONTROL TENSION ARTERIAL,72,
ITATI,2023-11-01,11,2023,4,ENFERMERIA,TEMPERATURA,10,
ITATI,2023-11-01,11,2023,4,ENFERMERIA,GLUCEMIA,5,
ITATI,2023-11-01,11,2023,4,ENFERMERIA,NEBULIZACIONES,10,
ITATI,2023-11-01,11,2023,4,ENFERMERIA,PESO Y TALLA,170,
ITATI,2023-11-01,11,2023,4,ENFERMERIA,CURACIONES,20,
ITATI,2023-11-01,11,2023,4,ENFERMERIA,INYECTABLES,38,
ITATI,2023-11-01,11,2023,4,ENFERMERIA,INMUNIZACIONES,83,
Dr. SANTIAGO LORENZO,2023-11-01,11,2023,10,GINECOLOGIA,PAP,1,
Dr. SANTIAGO LORENZO,2023-11-01,11,2023,4,ENFERMERIA,CONTROL TENSION ARTERIAL,212,
Dr. SANTIAGO LORENZO,2023-11-01,11,2023,4,ENFERMERIA,GLUCEMIA,2,
Dr. SANTIAGO LORENZO,2023-11-01,11,2023,4,ENFERMERIA,PESO Y TALLA,233,
Dr. SANTIAGO LORENZO,2023-11-01,11,2023,4,ENFERMERIA,CURACIONES,7,
Dr. SANTIAGO LORENZO,2023-11-01,11,2023,4,ENFERMERIA,INYECTABLES,41,
Dr. SANTIAGO LORENZO,2023-11-01,11,2023,4,ENFERMERIA,INMUNIZACIONES,148,
PUJOL,2023-11-01,11,2023,4,ENFERMERIA,CONTROL TENSION ARTERIAL,98,
PUJOL,2023-11-01,11,2023,4,ENFERMERIA,TEMPERATURA,19,
PUJOL,2023-11-01,11,2023,4,ENFERMERIA,GLUCEMIA,8,
PUJOL,2023-11-01,11,2023,4,ENFERMERIA,NEBULIZACIONES,19,
PUJOL,2023-11-01,11,2023,4,ENFERMERIA,PESO Y TALLA,235,
PUJOL,2023-11-01,11,2023,4,ENFERMERIA,CURACIONES,12,
PUJOL,2023-11-01,11,2023,4,ENFERMERIA,INYECTABLES,54,
PUJOL,2023-11-01,11,2023,4,ENFERMERIA,INMUNIZACIONES,46,
ESPERANZA,2023-11-01,11,2023,10,GINECOLOGIA,PAP,2,
ESPERANZA,2023-11-01,11,2023,4,ENFERMERIA,CONTROL TENSION ARTERIAL,297,
ESPERANZA,2023-11-01,11,2023,4,ENFERMERIA,TEMPERATURA,75,
ESPERANZA,2023-11-01,11,2023,4,ENFERMERIA,GLUCEMIA,26,
ESPERANZA,2023-11-01,11,2023,4,ENFERMERIA,NEBULIZACIONES,6,
ESPERANZA,2023-11-01,11,2023,4,ENFERMERIA,PESO Y TALLA,826,
ESPERANZA,2023-11-01,11,2023,4,ENFERMERIA,CURACIONES,22,
ESPERANZA,2023-11-01,11,2023,4,ENFERMERIA,INYECTABLES,68,
ESPERANZA,2023-11-01,11,2023,4,ENFERMERIA,INMUNIZACIONES,237,
DR. MAURICIO OPEN,2023-11-01,11,2023,4,ENFERMERIA,CONTROL TENSION ARTERIAL,38,
DR. MAURICIO OPEN,2023-11-01,11,2023,4,ENFERMERIA,GLUCEMIA,4,
DR. MAURICIO OPEN,2023-11-01,11,2023,4,ENFERMERIA,PESO Y TALLA,9,
DR. MAURICIO OPEN,2023-11-01,11,2023,4,ENFERMERIA,CURACIONES,13,
DR. MAURICIO OPEN,2023-11-01,11,2023,4,ENFERMERIA,INYECTABLES,6,
DR. MAURICIO OPEN,2023-11-01,11,2023,4,ENFERMERIA,INMUNIZACIONES,55,
SANTA MARGARITA,2023-11-01,11,2023,4,ENFERMERIA,CONTROL TENSION ARTERIAL,210,
SANTA MARGARITA,2023-11-01,11,2023,4,ENFERMERIA,TEMPERATURA,15,
SANTA MARGARITA,2023-11-01,11,2023,4,ENFERMERIA,GLUCEMIA,2,
SANTA MARGARITA,2023-11-01,11,2023,4,ENFERMERIA,PESO Y TALLA,137,
SANTA MARGARITA,2023-11-01,11,2023,4,ENFERMERIA,CURACIONES,15,
SANTA MARGARITA,2023-11-01,11,2023,4,ENFERMERIA,INYECTABLES,35,
DR MANUEL A. GONZALEZ,2023-11-01,11,2023,4,ENFERMERIA,CONTROL TENSION ARTERIAL,450,
DR MANUEL A. GONZALEZ,2023-11-01,11,2023,4,ENFERMERIA,TEMPERATURA,157,
DR MANUEL A. GONZALEZ,2023-11-01,11,2023,4,ENFERMERIA,GLUCEMIA,230,
DR MANUEL A. GONZALEZ,2023-11-01,11,2023,4,ENFERMERIA,NEBULIZACIONES,25,
DR MANUEL A. GONZALEZ,2023-11-01,11,2023,4,ENFERMERIA,PESO Y TALLA,235,
DR MANUEL A. GONZALEZ,2023-11-01,11,2023,4,ENFERMERIA,CURACIONES,15,
DR MANUEL A. GONZALEZ,2023-11-01,11,2023,4,ENFERMERIA,INYECTABLES,47,
DR MANUEL A. GONZALEZ,2023-11-01,11,2023,4,ENFERMERIA,INMUNIZACIONES,121,
PASO MARTINEZ,2023-11-01,11,2023,4,ENFERMERIA,CONTROL TENSION ARTERIAL,8,
PASO MARTINEZ,2023-11-01,11,2023,4,ENFERMERIA,PESO Y TALLA,20,
PASO MARTINEZ,2023-11-01,11,2023,4,ENFERMERIA,INYECTABLES,4,
GÜEMES,2023-11-01,11,2023,10,GINECOLOGIA,PAP,1,
GÜEMES,2023-11-01,11,2023,4,ENFERMERIA,TEST HPV,1,
GÜEMES,2023-11-01,11,2023,4,ENFERMERIA,CONTROL TENSION ARTERIAL,129,
GÜEMES,2023-11-01,11,2023,4,ENFERMERIA,TEMPERATURA,84,
GÜEMES,2023-11-01,11,2023,4,ENFERMERIA,GLUCEMIA,10,
GÜEMES,2023-11-01,11,2023,4,ENFERMERIA,PESO Y TALLA,181,
GÜEMES,2023-11-01,11,2023,4,ENFERMERIA,CURACIONES,5,
GÜEMES,2023-11-01,11,2023,4,ENFERMERIA,INYECTABLES,11,
GÜEMES,2023-11-01,11,2023,4,ENFERMERIA,INMUNIZACIONES,82,
DR. SEMPER,2023-11-01,11,2023,4,ENFERMERIA,CONTROL TENSION ARTERIAL,600,
DR. SEMPER,2023-11-01,11,2023,4,ENFERMERIA,TEMPERATURA,60,
DR. SEMPER,2023-11-01,11,2023,4,ENFERMERIA,GLUCEMIA,85,
DR. SEMPER,2023-11-01,11,2023,4,ENFERMERIA,NEBULIZACIONES,35,
DR. SEMPER,2023-11-01,11,2023,4,ENFERMERIA,PESO Y TALLA,1160,
DR. SEMPER,2023-11-01,11,2023,4,ENFERMERIA,CURACIONES,225,
DR. SEMPER,2023-11-01,11,2023,4,ENFERMERIA,SUTURAS,9,
DR. SEMPER,2023-11-01,11,2023,4,ENFERMERIA,INYECTABLES,560,
DR. SEMPER,2023-11-01,11,2023,4,ENFERMERIA,INMUNIZACIONES,59,
RIO PARANA,2023-11-01,11,2023,4,ENFERMERIA,CONTROL TENSION ARTERIAL,264,
RIO PARANA,2023-11-01,11,2023,4,ENFERMERIA,TEMPERATURA,106,
RIO PARANA,2023-11-01,11,2023,4,ENFERMERIA,GLUCEMIA,20,
RIO PARANA,2023-11-01,11,2023,4,ENFERMERIA,PESO Y TALLA,389,
RIO PARANA,2023-11-01,11,2023,4,ENFERMERIA,CURACIONES,89,
RIO PARANA,2023-11-01,11,2023,4,ENFERMERIA,INYECTABLES,130,
RIO PARANA,2023-11-01,11,2023,4,ENFERMERIA,INMUNIZACIONES,259,
SAN MARCOS,2023-11-01,11,2023,4,ENFERMERIA,CONTROL TENSION ARTERIAL,191,
SAN MARCOS,2023-11-01,11,2023,4,ENFERMERIA,TEMPERATURA,10,
SAN MARCOS,2023-11-01,11,2023,4,ENFERMERIA,GLUCEMIA,11,
SAN MARCOS,2023-11-01,11,2023,4,ENFERMERIA,PESO Y TALLA,414,
SAN MARCOS,2023-11-01,11,2023,4,ENFERMERIA,CURACIONES,21,
SAN MARCOS,2023-11-01,11,2023,4,ENFERMERIA,INYECTABLES,22,
SAN MARCOS,2023-11-01,11,2023,4,ENFERMERIA,INMUNIZACIONES,72,
Dr. CALMANASH,2023-11-01,11,2023,4,ENFERMERIA,CONTROL TENSION ARTERIAL,70,
Dr. CALMANASH,2023-11-01,11,2023,4,ENFERMERIA,TEMPERATURA,18,
Dr. CALMANASH,2023-11-01,11,2023,4,ENFERMERIA,NEBULIZACIONES,12,
Dr. CALMANASH,2023-11-01,11,2023,4,ENFERMERIA,PESO Y TALLA,70,
Dr. CALMANASH,2023-11-01,11,2023,4,ENFERMERIA,CURACIONES,12,
Dr. CALMANASH,2023-11-01,11,2023,4,ENFERMERIA,INYECTABLES,58,
Dr. CALMANASH,2023-11-01,11,2023,4,ENFERMERIA,INMUNIZACIONES,41,
DR. CHERCOFF,2023-10-01,10,2023,4,ENFERMERIA,CONTROL TENSION ARTERIAL,218,
DR. CHERCOFF,2023-10-01,10,2023,4,ENFERMERIA,TEMPERATURA,135,
DR. CHERCOFF,2023-10-01,10,2023,4,ENFERMERIA,GLUCEMIA,8,
DR. CHERCOFF,2023-10-01,10,2023,4,ENFERMERIA,PESO Y TALLA,172,
DR. CHERCOFF,2023-10-01,10,2023,4,ENFERMERIA,CURACIONES,57,
DR. CHERCOFF,2023-10-01,10,2023,4,ENFERMERIA,SUTURAS,1,
DR. CHERCOFF,2023-10-01,10,2023,4,ENFERMERIA,INYECTABLES,69,
DR. CHERCOFF,2023-10-01,10,2023,4,ENFERMERIA,INMUNIZACIONES,5,
DR. CHERCOFF,2023-11-01,11,2023,4,ENFERMERIA,CONTROL TENSION ARTERIAL,40,
DR. CHERCOFF,2023-11-01,11,2023,4,ENFERMERIA,GLUCEMIA,4,
DR. CHERCOFF,2023-11-01,11,2023,4,ENFERMERIA,PESO Y TALLA,47,
DR. CHERCOFF,2023-11-01,11,2023,4,ENFERMERIA,CURACIONES,18,
DR. CHERCOFF,2023-11-01,11,2023,4,ENFERMERIA,INYECTABLES,17,
DR. KORIMBLUM,2023-11-01,11,2023,4,ENFERMERIA,CONTROL TENSION ARTERIAL,84,
DR. KORIMBLUM,2023-11-01,11,2023,4,ENFERMERIA,TEMPERATURA,5,
DR. KORIMBLUM,2023-11-01,11,2023,4,ENFERMERIA,GLUCEMIA,5,
DR. KORIMBLUM,2023-11-01,11,2023,4,ENFERMERIA,PESO Y TALLA,92,
DR. KORIMBLUM,2023-11-01,11,2023,4,ENFERMERIA,CURACIONES,3,
DR. KORIMBLUM,2023-11-01,11,2023,4,ENFERMERIA,INYECTABLES,16,
DR. KORIMBLUM,2023-11-01,11,2023,4,ENFERMERIA,INMUNIZACIONES,69,
DR. SUSSINI,2023-11-01,11,2023,10,GINECOLOGIA,IMPLANTE SUBDERMICO,4,
DR. SUSSINI,2023-11-01,11,2023,4,ENFERMERIA,CONTROL TENSION ARTERIAL,328,
DR. SUSSINI,2023-11-01,11,2023,4,ENFERMERIA,TEMPERATURA,18,
DR. SUSSINI,2023-11-01,11,2023,4,ENFERMERIA,GLUCEMIA,53,
DR. SUSSINI,2023-11-01,11,2023,4,ENFERMERIA,NEBULIZACIONES,1,
DR. SUSSINI,2023-11-01,11,2023,4,ENFERMERIA,PESO Y TALLA,351,
DR. SUSSINI,2023-11-01,11,2023,4,ENFERMERIA,CURACIONES,59,
DR. SUSSINI,2023-11-01,11,2023,4,ENFERMERIA,INYECTABLES,137,
DR. SUSSINI,2023-11-01,11,2023,4,ENFERMERIA,INMUNIZACIONES,342,
QUINTA FERRE,2023-11-01,11,2023,4,ENFERMERIA,CONTROL TENSION ARTERIAL,117,
QUINTA FERRE,2023-11-01,11,2023,4,ENFERMERIA,TEMPERATURA,3,
QUINTA FERRE,2023-11-01,11,2023,4,ENFERMERIA,GLUCEMIA,45,
QUINTA FERRE,2023-11-01,11,2023,4,ENFERMERIA,NEBULIZACIONES,6,
QUINTA FERRE,2023-11-01,11,2023,4,ENFERMERIA,PESO Y TALLA,193,
QUINTA FERRE,2023-11-01,11,2023,4,ENFERMERIA,CURACIONES,33,
QUINTA FERRE,2023-11-01,11,2023,4,ENFERMERIA,INYECTABLES,67,
QUINTA FERRE,2023-11-01,11,2023,4,ENFERMERIA,INMUNIZACIONES,156,
DR. BENJAMIN SERRANO,2023-11-01,11,2023,4,ENFERMERIA,CONTROL TENSION ARTERIAL,396,
DR. BENJAMIN SERRANO,2023-11-01,11,2023,4,ENFERMERIA,TEMPERATURA,79,
DR. BENJAMIN SERRANO,2023-11-01,11,2023,4,ENFERMERIA,GLUCEMIA,32,
DR. BENJAMIN SERRANO,2023-11-01,11,2023,4,ENFERMERIA,PESO Y TALLA,280,
DR. BENJAMIN SERRANO,2023-11-01,11,2023,4,ENFERMERIA,CURACIONES,29,
DR. BENJAMIN SERRANO,2023-11-01,11,2023,4,ENFERMERIA,INYECTABLES,36,
DR. BENJAMIN SERRANO,2023-11-01,11,2023,4,ENFERMERIA,INMUNIZACIONES,82,
VILLA CHIQUITA,2023-12-01,12,2023,4,ENFERMERIA,CONTROL TENSION ARTERIAL,159,
VILLA CHIQUITA,2023-12-01,12,2023,4,ENFERMERIA,TEMPERATURA,86,
VILLA CHIQUITA,2023-12-01,12,2023,4,ENFERMERIA,GLUCEMIA,9,
VILLA CHIQUITA,2023-12-01,12,2023,4,ENFERMERIA,NEBULIZACIONES,1,
VILLA CHIQUITA,2023-12-01,12,2023,4,ENFERMERIA,PESO Y TALLA,144,
VILLA CHIQUITA,2023-12-01,12,2023,4,ENFERMERIA,CURACIONES,7,
VILLA CHIQUITA,2023-12-01,12,2023,4,ENFERMERIA,INYECTABLES,40,
VILLA CHIQUITA,2023-12-01,12,2023,4,ENFERMERIA,INMUNIZACIONES,63,
ESPERANZA,2023-12-01,12,2023,10,GINECOLOGIA,PAP,2,
ESPERANZA,2023-12-01,12,2023,10,GINECOLOGIA,TEST HPV,2,
ESPERANZA,2023-12-01,12,2023,4,ENFERMERIA,CONTROL TENSION ARTERIAL,301,
ESPERANZA,2023-12-01,12,2023,4,ENFERMERIA,TEMPERATURA,315,
ESPERANZA,2023-12-01,12,2023,4,ENFERMERIA,GLUCEMIA,41,
ESPERANZA,2023-12-01,12,2023,4,ENFERMERIA,NEBULIZACIONES,12,
ESPERANZA,2023-12-01,12,2023,4,ENFERMERIA,PESO Y TALLA,744,
ESPERANZA,2023-12-01,12,2023,4,ENFERMERIA,CURACIONES,77,
ESPERANZA,2023-12-01,12,2023,4,ENFERMERIA,INYECTABLES,68,
ESPERANZA,2023-12-01,12,2023,4,ENFERMERIA,INMUNIZACIONES,232,
MARCELINO VERA,2023-12-01,12,2023,4,ENFERMERIA,CONTROL TENSION ARTERIAL,80,
MARCELINO VERA,2023-12-01,12,2023,4,ENFERMERIA,TEMPERATURA,30,
MARCELINO VERA,2023-12-01,12,2023,4,ENFERMERIA,GLUCEMIA,10,
MARCELINO VERA,2023-12-01,12,2023,4,ENFERMERIA,PESO Y TALLA,80,
MARCELINO VERA,2023-12-01,12,2023,4,ENFERMERIA,CURACIONES,10,
MARCELINO VERA,2023-12-01,12,2023,4,ENFERMERIA,SUTURAS,3,
MARCELINO VERA,2023-12-01,12,2023,4,ENFERMERIA,INYECTABLES,35,
MARCELINO VERA,2023-12-01,12,2023,4,ENFERMERIA,INMUNIZACIONES,13,
DR. MAURICIO OPEN,2023-12-01,12,2023,4,ENFERMERIA,CONTROL TENSION ARTERIAL,25,
DR. MAURICIO OPEN,2023-12-01,12,2023,4,ENFERMERIA,GLUCEMIA,9,
DR. MAURICIO OPEN,2023-12-01,12,2023,4,ENFERMERIA,PESO Y TALLA,30,
DR. MAURICIO OPEN,2023-12-01,12,2023,4,ENFERMERIA,CURACIONES,17,
DR. MAURICIO OPEN,2023-12-01,12,2023,4,ENFERMERIA,SUTURAS,4,
DR. MAURICIO OPEN,2023-12-01,12,2023,4,ENFERMERIA,INYECTABLES,20,
DR. MAURICIO OPEN,2023-12-01,12,2023,4,ENFERMERIA,INMUNIZACIONES,15,
DR. JOSE DE LOS REYES VIDAL,2023-12-01,12,2023,4,ENFERMERIA,CONTROL TENSION ARTERIAL,292,
DR. JOSE DE LOS REYES VIDAL,2023-12-01,12,2023,4,ENFERMERIA,GLUCEMIA,140,
DR. JOSE DE LOS REYES VIDAL,2023-12-01,12,2023,4,ENFERMERIA,PESO Y TALLA,200,
DR. JOSE DE LOS REYES VIDAL,2023-12-01,12,2023,4,ENFERMERIA,CURACIONES,20,
DR. JOSE DE LOS REYES VIDAL,2023-12-01,12,2023,4,ENFERMERIA,INYECTABLES,150,
DR. JOSE DE LOS REYES VIDAL,2023-12-01,12,2023,4,ENFERMERIA,INMUNIZACIONES,10,
PASO MARTINEZ,2023-12-01,12,2023,4,ENFERMERIA,CONTROL TENSION ARTERIAL,8,
PASO MARTINEZ,2023-12-01,12,2023,4,ENFERMERIA,PESO Y TALLA,4,
PASO MARTINEZ,2023-12-01,12,2023,4,ENFERMERIA,INYECTABLES,4,
SANTA MARGARITA,2023-12-01,12,2023,4,ENFERMERIA,CONTROL TENSION ARTERIAL,157,
SANTA MARGARITA,2023-12-01,12,2023,4,ENFERMERIA,TEMPERATURA,23,
SANTA MARGARITA,2023-12-01,12,2023,4,ENFERMERIA,GLUCEMIA,5,
SANTA MARGARITA,2023-12-01,12,2023,4,ENFERMERIA,PESO Y TALLA,205,
SANTA MARGARITA,2023-12-01,12,2023,4,ENFERMERIA,CURACIONES,15,
SANTA MARGARITA,2023-12-01,12,2023,4,ENFERMERIA,INYECTABLES,56,
ITATI,2023-12-01,12,2023,4,ENFERMERIA,CONTROL TENSION ARTERIAL,90,
ITATI,2023-12-01,12,2023,4,ENFERMERIA,TEMPERATURA,10,
ITATI,2023-12-01,12,2023,4,ENFERMERIA,GLUCEMIA,3,
ITATI,2023-12-01,12,2023,4,ENFERMERIA,PESO Y TALLA,91,
ITATI,2023-12-01,12,2023,4,ENFERMERIA,CURACIONES,15,
ITATI,2023-12-01,12,2023,4,ENFERMERIA,INYECTABLES,45,
ITATI,2023-12-01,12,2023,4,ENFERMERIA,INMUNIZACIONES,80,
ITATI,2023-12-01,12,2023,4,ENFERMERIA,PAP,1,
QUINTA FERRE,2023-12-01,12,2023,4,ENFERMERIA,CONTROL TENSION ARTERIAL,100,
QUINTA FERRE,2023-12-01,12,2023,4,ENFERMERIA,TEMPERATURA,13,
QUINTA FERRE,2023-12-01,12,2023,4,ENFERMERIA,GLUCEMIA,35,
QUINTA FERRE,2023-12-01,12,2023,4,ENFERMERIA,NEBULIZACIONES,7,
QUINTA FERRE,2023-12-01,12,2023,4,ENFERMERIA,PESO Y TALLA,257,
QUINTA FERRE,2023-12-01,12,2023,4,ENFERMERIA,CURACIONES,40,
QUINTA FERRE,2023-12-01,12,2023,4,ENFERMERIA,INYECTABLES,65,
QUINTA FERRE,2023-12-01,12,2023,4,ENFERMERIA,INMUNIZACIONES,154,
DR. KORIMBLUM,2023-12-01,12,2023,4,ENFERMERIA,CONTROL TENSION ARTERIAL,24,
DR. KORIMBLUM,2023-12-01,12,2023,4,ENFERMERIA,GLUCEMIA,1,
DR. KORIMBLUM,2023-12-01,12,2023,4,ENFERMERIA,PESO Y TALLA,131,
DR. KORIMBLUM,2023-12-01,12,2023,4,ENFERMERIA,CURACIONES,5,
DR. KORIMBLUM,2023-12-01,12,2023,4,ENFERMERIA,SUTURAS,2,
DR. KORIMBLUM,2023-12-01,12,2023,4,ENFERMERIA,INYECTABLES,7,
DR. KORIMBLUM,2023-12-01,12,2023,4,ENFERMERIA,INMUNIZACIONES,54,
VILLA GARCIA,2023-12-01,12,2023,4,ENFERMERIA,CONTROL TENSION ARTERIAL,50,
VILLA GARCIA,2023-12-01,12,2023,4,ENFERMERIA,TEMPERATURA,20,
VILLA GARCIA,2023-12-01,12,2023,4,ENFERMERIA,GLUCEMIA,15,
VILLA GARCIA,2023-12-01,12,2023,4,ENFERMERIA,PESO Y TALLA,86,
VILLA GARCIA,2023-12-01,12,2023,4,ENFERMERIA,CURACIONES,10,
VILLA GARCIA,2023-12-01,12,2023,4,ENFERMERIA,INYECTABLES,20,
VILLA GARCIA,2023-12-01,12,2023,4,ENFERMERIA,INMUNIZACIONES,107,
GÜEMES,2023-12-01,12,2023,4,ENFERMERIA,CONTROL TENSION ARTERIAL,253,
GÜEMES,2023-12-01,12,2023,4,ENFERMERIA,TEMPERATURA,70,
GÜEMES,2023-12-01,12,2023,4,ENFERMERIA,PESO Y TALLA,468,
GÜEMES,2023-12-01,12,2023,4,ENFERMERIA,CURACIONES,38,
GÜEMES,2023-12-01,12,2023,4,ENFERMERIA,INYECTABLES,78,
GÜEMES,2023-12-01,12,2023,4,ENFERMERIA,PAP,1,
Dr. CALMANASH,2023-12-01,12,2023,4,ENFERMERIA,CONTROL TENSION ARTERIAL,75,
Dr. CALMANASH,2023-12-01,12,2023,4,ENFERMERIA,TEMPERATURA,10,
Dr. CALMANASH,2023-12-01,12,2023,4,ENFERMERIA,NEBULIZACIONES,15,
Dr. CALMANASH,2023-12-01,12,2023,4,ENFERMERIA,PESO Y TALLA,85,
Dr. CALMANASH,2023-12-01,12,2023,4,ENFERMERIA,CURACIONES,8,
Dr. CALMANASH,2023-12-01,12,2023,4,ENFERMERIA,INYECTABLES,60,
Dr. CALMANASH,2023-12-01,12,2023,4,ENFERMERIA,INMUNIZACIONES,47,
DR. ANIBAL MALVIDO,2023-12-01,12,2023,4,ENFERMERIA,CONTROL TENSION ARTERIAL,270,
DR. ANIBAL MALVIDO,2023-12-01,12,2023,4,ENFERMERIA,TEMPERATURA,121,
DR. ANIBAL MALVIDO,2023-12-01,12,2023,4,ENFERMERIA,GLUCEMIA,10,
DR. ANIBAL MALVIDO,2023-12-01,12,2023,4,ENFERMERIA,CURACIONES,11,
DR. ANIBAL MALVIDO,2023-12-01,12,2023,4,ENFERMERIA,SUTURAS,1,
DR. ANIBAL MALVIDO,2023-12-01,12,2023,4,ENFERMERIA,INYECTABLES,26,
DR. ANIBAL MALVIDO,2023-12-01,12,2023,4,ENFERMERIA,INMUNIZACIONES,230,
DR. ANIBAL MALVIDO,2023-12-01,12,2023,4,ENFERMERIA,PAP,1,
RIO PARANA,2023-12-01,12,2023,4,ENFERMERIA,CONTROL TENSION ARTERIAL,292,
RIO PARANA,2023-12-01,12,2023,4,ENFERMERIA,TEMPERATURA,200,
RIO PARANA,2023-12-01,12,2023,4,ENFERMERIA,GLUCEMIA,22,
RIO PARANA,2023-12-01,12,2023,4,ENFERMERIA,PESO Y TALLA,225,
RIO PARANA,2023-12-01,12,2023,4,ENFERMERIA,CURACIONES,100,
RIO PARANA,2023-12-01,12,2023,4,ENFERMERIA,INYECTABLES,66,
RIO PARANA,2023-12-01,12,2023,4,ENFERMERIA,INMUNIZACIONES,166,
SAN MARCOS,2023-12-01,12,2023,4,ENFERMERIA,CONTROL TENSION ARTERIAL,152,
SAN MARCOS,2023-12-01,12,2023,4,ENFERMERIA,TEMPERATURA,11,
SAN MARCOS,2023-12-01,12,2023,4,ENFERMERIA,GLUCEMIA,6,
SAN MARCOS,2023-12-01,12,2023,4,ENFERMERIA,NEBULIZACIONES,6,
SAN MARCOS,2023-12-01,12,2023,4,ENFERMERIA,PESO Y TALLA,395,
SAN MARCOS,2023-12-01,12,2023,4,ENFERMERIA,CURACIONES,20,
SAN MARCOS,2023-12-01,12,2023,4,ENFERMERIA,INYECTABLES,22,
SAN MARCOS,2023-12-01,12,2023,4,ENFERMERIA,INMUNIZACIONES,95,
DR. BENJAMIN SERRANO,2023-12-01,12,2023,4,ENFERMERIA,CONTROL TENSION ARTERIAL,365,
DR. BENJAMIN SERRANO,2023-12-01,12,2023,4,ENFERMERIA,TEMPERATURA,18,
DR. BENJAMIN SERRANO,2023-12-01,12,2023,4,ENFERMERIA,GLUCEMIA,36,
DR. BENJAMIN SERRANO,2023-12-01,12,2023,4,ENFERMERIA,PESO Y TALLA,386,
DR. BENJAMIN SERRANO,2023-12-01,12,2023,4,ENFERMERIA,CURACIONES,27,
DR. BENJAMIN SERRANO,2023-12-01,12,2023,4,ENFERMERIA,INYECTABLES,37,
DR. BENJAMIN SERRANO,2023-12-01,12,2023,4,ENFERMERIA,INMUNIZACIONES,40,
PUJOL,2023-12-01,12,2023,4,ENFERMERIA,CONTROL TENSION ARTERIAL,150,
PUJOL,2023-12-01,12,2023,4,ENFERMERIA,TEMPERATURA,11,
PUJOL,2023-12-01,12,2023,4,ENFERMERIA,GLUCEMIA,31,
PUJOL,2023-12-01,12,2023,4,ENFERMERIA,NEBULIZACIONES,8,
PUJOL,2023-12-01,12,2023,4,ENFERMERIA,PESO Y TALLA,313,
PUJOL,2023-12-01,12,2023,4,ENFERMERIA,CURACIONES,44,
PUJOL,2023-12-01,12,2023,4,ENFERMERIA,INYECTABLES,92,
PUJOL,2023-12-01,12,2023,4,ENFERMERIA,INMUNIZACIONES,59,
SAPUCAY,2023-12-01,12,2023,4,ENFERMERIA,CONTROL TENSION ARTERIAL,350,
SAPUCAY,2023-12-01,12,2023,4,ENFERMERIA,TEMPERATURA,40,
SAPUCAY,2023-12-01,12,2023,4,ENFERMERIA,GLUCEMIA,80,
SAPUCAY,2023-12-01,12,2023,4,ENFERMERIA,NEBULIZACIONES,2,
SAPUCAY,2023-12-01,12,2023,4,ENFERMERIA,PESO Y TALLA,300,
SAPUCAY,2023-12-01,12,2023,4,ENFERMERIA,CURACIONES,70,
SAPUCAY,2023-12-01,12,2023,4,ENFERMERIA,INYECTABLES,40,
SAPUCAY,2023-12-01,12,2023,4,ENFERMERIA,INMUNIZACIONES,34,
DR. BENJAMIN SERRANO,2023-12-01,12,2023,4,ENFERMERIA,CONTROL TENSION ARTERIAL,365,
DR. BENJAMIN SERRANO,2023-12-01,12,2023,4,ENFERMERIA,TEMPERATURA,18,
DR. BENJAMIN SERRANO,2023-12-01,12,2023,4,ENFERMERIA,GLUCEMIA,36,
DR. BENJAMIN SERRANO,2023-12-01,12,2023,4,ENFERMERIA,PESO Y TALLA,386,
DR. BENJAMIN SERRANO,2023-12-01,12,2023,4,ENFERMERIA,CURACIONES,27,
DR. BENJAMIN SERRANO,2023-12-01,12,2023,4,ENFERMERIA,INYECTABLES,37,
DR. BENJAMIN SERRANO,2023-12-01,12,2023,4,ENFERMERIA,INMUNIZACIONES,40,
Dr. SANTIAGO LORENZO,2023-12-01,12,2023,10,GINECOLOGIA,PAP,3,
Dr. SANTIAGO LORENZO,2023-12-01,12,2023,4,ENFERMERIA,CONTROL TENSION ARTERIAL,247,
Dr. SANTIAGO LORENZO,2023-12-01,12,2023,4,ENFERMERIA,TEMPERATURA,10,
Dr. SANTIAGO LORENZO,2023-12-01,12,2023,4,ENFERMERIA,GLUCEMIA,8,
Dr. SANTIAGO LORENZO,2023-12-01,12,2023,4,ENFERMERIA,NEBULIZACIONES,3,
Dr. SANTIAGO LORENZO,2023-12-01,12,2023,4,ENFERMERIA,PESO Y TALLA,298,
Dr. SANTIAGO LORENZO,2023-12-01,12,2023,4,ENFERMERIA,CURACIONES,15,
Dr. SANTIAGO LORENZO,2023-12-01,12,2023,4,ENFERMERIA,INYECTABLES,52,
Dr. SANTIAGO LORENZO,2023-12-01,12,2023,4,ENFERMERIA,INMUNIZACIONES,170,
DR. SUSSINI,2023-12-01,12,2023,4,ENFERMERIA,CONTROL TENSION ARTERIAL,328,
DR. SUSSINI,2023-12-01,12,2023,4,ENFERMERIA,TEMPERATURA,28,
DR. SUSSINI,2023-12-01,12,2023,4,ENFERMERIA,GLUCEMIA,63,
DR. SUSSINI,2023-12-01,12,2023,4,ENFERMERIA,NEBULIZACIONES,5,
DR. SUSSINI,2023-12-01,12,2023,4,ENFERMERIA,PESO Y TALLA,351,
DR. SUSSINI,2023-12-01,12,2023,4,ENFERMERIA,CURACIONES,69,
DR. SUSSINI,2023-12-01,12,2023,4,ENFERMERIA,SUTURAS,2,
DR. SUSSINI,2023-12-01,12,2023,4,ENFERMERIA,INYECTABLES,137,
DR. SUSSINI,2023-12-01,12,2023,4,ENFERMERIA,INMUNIZACIONES,353,
DR. SUSSINI,2023-12-01,12,2023,10,GINECOLOGIA,PAP,2,
DR. SUSSINI,2023-12-01,12,2023,10,GINECOLOGIA,DIU,1,
DR. SUSSINI,2023-12-01,12,2023,10,GINECOLOGIA,IMPLANTE SUBDERMICO,8,
GDOR. ELIAS GALVAN,2023-12-01,12,2023,4,ENFERMERIA,CONTROL TENSION ARTERIAL,197,
GDOR. ELIAS GALVAN,2023-12-01,12,2023,4,ENFERMERIA,TEMPERATURA,40,
GDOR. ELIAS GALVAN,2023-12-01,12,2023,4,ENFERMERIA,GLUCEMIA,15,
GDOR. ELIAS GALVAN,2023-12-01,12,2023,4,ENFERMERIA,NEBULIZACIONES,21,
GDOR. ELIAS GALVAN,2023-12-01,12,2023,4,ENFERMERIA,PESO Y TALLA,307,
GDOR. ELIAS GALVAN,2023-12-01,12,2023,4,ENFERMERIA,CURACIONES,40,
GDOR. ELIAS GALVAN,2023-12-01,12,2023,4,ENFERMERIA,INYECTABLES,35,
GDOR. ELIAS GALVAN,2023-12-01,12,2023,4,ENFERMERIA,INMUNIZACIONES,32,
SAN MARCOS,2024-01-01,1,2024,4,ENFERMERIA,CONTROL TENSION ARTERIAL,117,
SAN MARCOS,2024-01-01,1,2024,4,ENFERMERIA,TEMPERATURA,20,
SAN MARCOS,2024-01-01,1,2024,4,ENFERMERIA,GLUCEMIA,14,
SAN MARCOS,2024-01-01,1,2024,4,ENFERMERIA,NEBULIZACIONES,4,
SAN MARCOS,2024-01-01,1,2024,4,ENFERMERIA,PESO Y TALLA,236,
SAN MARCOS,2024-01-01,1,2024,4,ENFERMERIA,CURACIONES,24,
SAN MARCOS,2024-01-01,1,2024,4,ENFERMERIA,INYECTABLES,11,
SAN MARCOS,2024-01-01,1,2024,4,ENFERMERIA,INMUNIZACIONES,16,
DR. PIRCHI,2023-11-01,11,2023,4,ENFERMERIA,CONTROL TENSION ARTERIAL,325,
DR. PIRCHI,2023-11-01,11,2023,4,ENFERMERIA,TEMPERATURA,35,
DR. PIRCHI,2023-11-01,11,2023,4,ENFERMERIA,GLUCEMIA,68,
DR. PIRCHI,2023-11-01,11,2023,4,ENFERMERIA,NEBULIZACIONES,5,
DR. PIRCHI,2023-11-01,11,2023,4,ENFERMERIA,PESO Y TALLA,306,
DR. PIRCHI,2023-11-01,11,2023,4,ENFERMERIA,CURACIONES,37,
DR. PIRCHI,2023-11-01,11,2023,4,ENFERMERIA,INYECTABLES,51,
DR. PIRCHI,2023-11-01,11,2023,4,ENFERMERIA,INMUNIZACIONES,121,
VILLA CHIQUITA,2024-01-01,1,2024,4,ENFERMERIA,CONTROL TENSION ARTERIAL,62,
VILLA CHIQUITA,2024-01-01,1,2024,4,ENFERMERIA,TEMPERATURA,16,
VILLA CHIQUITA,2024-01-01,1,2024,4,ENFERMERIA,GLUCEMIA,5,
VILLA CHIQUITA,2024-01-01,1,2024,4,ENFERMERIA,PESO Y TALLA,38,
VILLA CHIQUITA,2024-01-01,1,2024,4,ENFERMERIA,CURACIONES,1,
VILLA CHIQUITA,2024-01-01,1,2024,4,ENFERMERIA,INYECTABLES,13,
ESPERANZA,2024-01-01,1,2024,4,ENFERMERIA,CONTROL TENSION ARTERIAL,244,
ESPERANZA,2024-01-01,1,2024,4,ENFERMERIA,TEMPERATURA,183,
ESPERANZA,2024-01-01,1,2024,4,ENFERMERIA,GLUCEMIA,36,
ESPERANZA,2024-01-01,1,2024,4,ENFERMERIA,NEBULIZACIONES,27,
ESPERANZA,2024-01-01,1,2024,4,ENFERMERIA,PESO Y TALLA,762,
ESPERANZA,2024-01-01,1,2024,4,ENFERMERIA,CURACIONES,41,
ESPERANZA,2024-01-01,1,2024,4,ENFERMERIA,INYECTABLES,254,
ESPERANZA,2024-01-01,1,2024,4,ENFERMERIA,INMUNIZACIONES,161,
ITATI,2024-01-01,1,2024,4,ENFERMERIA,CONTROL TENSION ARTERIAL,114,
ITATI,2024-01-01,1,2024,4,ENFERMERIA,TEMPERATURA,10,
ITATI,2024-01-01,1,2024,4,ENFERMERIA,GLUCEMIA,6,
ITATI,2024-01-01,1,2024,4,ENFERMERIA,PESO Y TALLA,75,
ITATI,2024-01-01,1,2024,4,ENFERMERIA,CURACIONES,18,
ITATI,2024-01-01,1,2024,4,ENFERMERIA,SUTURAS,10,
ITATI,2024-01-01,1,2024,4,ENFERMERIA,INMUNIZACIONES,33,
DR. MAURICIO OPEN,2024-01-01,1,2024,4,ENFERMERIA,CONTROL TENSION ARTERIAL,26,
DR. MAURICIO OPEN,2024-01-01,1,2024,4,ENFERMERIA,TEMPERATURA,8,
DR. MAURICIO OPEN,2024-01-01,1,2024,4,ENFERMERIA,GLUCEMIA,7,
DR. MAURICIO OPEN,2024-01-01,1,2024,4,ENFERMERIA,PESO Y TALLA,11,
DR. MAURICIO OPEN,2024-01-01,1,2024,4,ENFERMERIA,CURACIONES,22,
DR. MAURICIO OPEN,2024-01-01,1,2024,4,ENFERMERIA,INYECTABLES,13,
DR. MAURICIO OPEN,2024-01-01,1,2024,4,ENFERMERIA,INMUNIZACIONES,15,
MARCELINO VERA,2024-01-01,1,2024,4,ENFERMERIA,CONTROL TENSION ARTERIAL,100,
MARCELINO VERA,2024-01-01,1,2024,4,ENFERMERIA,TEMPERATURA,30,
MARCELINO VERA,2024-01-01,1,2024,4,ENFERMERIA,GLUCEMIA,10,
MARCELINO VERA,2024-01-01,1,2024,4,ENFERMERIA,PESO Y TALLA,100,
MARCELINO VERA,2024-01-01,1,2024,4,ENFERMERIA,CURACIONES,5,
MARCELINO VERA,2024-01-01,1,2024,4,ENFERMERIA,INYECTABLES,25,
MARCELINO VERA,2024-01-01,1,2024,4,ENFERMERIA,INMUNIZACIONES,18,
DR MANUEL A. GONZALEZ,2024-01-01,1,2024,4,ENFERMERIA,CONTROL TENSION ARTERIAL,590,
DR MANUEL A. GONZALEZ,2024-01-01,1,2024,4,ENFERMERIA,TEMPERATURA,300,
DR MANUEL A. GONZALEZ,2024-01-01,1,2024,4,ENFERMERIA,GLUCEMIA,150,
DR MANUEL A. GONZALEZ,2024-01-01,1,2024,4,ENFERMERIA,PESO Y TALLA,750,
DR MANUEL A. GONZALEZ,2024-01-01,1,2024,4,ENFERMERIA,CURACIONES,30,
DR MANUEL A. GONZALEZ,2024-01-01,1,2024,4,ENFERMERIA,INYECTABLES,150,
DR MANUEL A. GONZALEZ,2024-01-01,1,2024,4,ENFERMERIA,INMUNIZACIONES,105,
PUJOL,2024-01-01,1,2024,4,ENFERMERIA,CONTROL TENSION ARTERIAL,220,
PUJOL,2024-01-01,1,2024,4,ENFERMERIA,TEMPERATURA,133,
PUJOL,2024-01-01,1,2024,4,ENFERMERIA,GLUCEMIA,40,
PUJOL,2024-01-01,1,2024,4,ENFERMERIA,PESO Y TALLA,218,
PUJOL,2024-01-01,1,2024,4,ENFERMERIA,CURACIONES,46,
PUJOL,2024-01-01,1,2024,4,ENFERMERIA,INYECTABLES,118,
PUJOL,2024-01-01,1,2024,4,ENFERMERIA,INMUNIZACIONES,47,
DR. PIRCHI,2023-12-01,12,2023,4,ENFERMERIA,CONTROL TENSION ARTERIAL,374,
DR. PIRCHI,2023-12-01,12,2023,4,ENFERMERIA,TEMPERATURA,33,
DR. PIRCHI,2023-12-01,12,2023,4,ENFERMERIA,GLUCEMIA,74,
DR. PIRCHI,2023-12-01,12,2023,4,ENFERMERIA,NEBULIZACIONES,5,
DR. PIRCHI,2023-12-01,12,2023,4,ENFERMERIA,PESO Y TALLA,327,
DR. PIRCHI,2023-12-01,12,2023,4,ENFERMERIA,CURACIONES,38,
DR. PIRCHI,2023-12-01,12,2023,4,ENFERMERIA,INYECTABLES,57,
DR. PIRCHI,2023-12-01,12,2023,4,ENFERMERIA,INMUNIZACIONES,160,
SAPUCAY,2024-01-01,1,2024,4,ENFERMERIA,CONTROL TENSION ARTERIAL,200,
SAPUCAY,2024-01-01,1,2024,4,ENFERMERIA,TEMPERATURA,40,
SAPUCAY,2024-01-01,1,2024,4,ENFERMERIA,GLUCEMIA,55,
SAPUCAY,2024-01-01,1,2024,4,ENFERMERIA,PESO Y TALLA,260,
SAPUCAY,2024-01-01,1,2024,4,ENFERMERIA,CURACIONES,60,
SAPUCAY,2024-01-01,1,2024,4,ENFERMERIA,INYECTABLES,28,
SAPUCAY,2024-01-01,1,2024,4,ENFERMERIA,INMUNIZACIONES,23,
RIO PARANA,2024-01-01,1,2024,4,ENFERMERIA,CONTROL TENSION ARTERIAL,220,
RIO PARANA,2024-01-01,1,2024,4,ENFERMERIA,TEMPERATURA,120,
RIO PARANA,2024-01-01,1,2024,4,ENFERMERIA,GLUCEMIA,25,
RIO PARANA,2024-01-01,1,2024,4,ENFERMERIA,PESO Y TALLA,262,
RIO PARANA,2024-01-01,1,2024,4,ENFERMERIA,CURACIONES,79,
RIO PARANA,2024-01-01,1,2024,4,ENFERMERIA,INYECTABLES,92,
RIO PARANA,2024-01-01,1,2024,4,ENFERMERIA,INMUNIZACIONES,135,
VILLA GARCIA,2024-01-01,1,2024,4,ENFERMERIA,CONTROL TENSION ARTERIAL,83,
VILLA GARCIA,2024-01-01,1,2024,4,ENFERMERIA,TEMPERATURA,20,
VILLA GARCIA,2024-01-01,1,2024,4,ENFERMERIA,GLUCEMIA,8,
VILLA GARCIA,2024-01-01,1,2024,4,ENFERMERIA,PESO Y TALLA,47,
VILLA GARCIA,2024-01-01,1,2024,4,ENFERMERIA,CURACIONES,1,
VILLA GARCIA,2024-01-01,1,2024,4,ENFERMERIA,INYECTABLES,18,
DR. BENJAMIN SERRANO,2024-01-01,1,2024,4,ENFERMERIA,CONTROL TENSION ARTERIAL,164,
DR. BENJAMIN SERRANO,2024-01-01,1,2024,4,ENFERMERIA,TEMPERATURA,20,
DR. BENJAMIN SERRANO,2024-01-01,1,2024,4,ENFERMERIA,GLUCEMIA,11,
DR. BENJAMIN SERRANO,2024-01-01,1,2024,4,ENFERMERIA,PESO Y TALLA,220,
DR. BENJAMIN SERRANO,2024-01-01,1,2024,4,ENFERMERIA,CURACIONES,10,
DR. BENJAMIN SERRANO,2024-01-01,1,2024,4,ENFERMERIA,INYECTABLES,31,
DR. KORIMBLUM,2024-01-01,1,2024,4,ENFERMERIA,INMUNIZACIONES,39,
DR. KORIMBLUM,2024-01-01,1,2024,4,ENFERMERIA,CONTROL TENSION ARTERIAL,47,
DR. KORIMBLUM,2024-01-01,1,2024,4,ENFERMERIA,TEMPERATURA,9,
DR. KORIMBLUM,2024-01-01,1,2024,4,ENFERMERIA,GLUCEMIA,9,
DR. KORIMBLUM,2024-01-01,1,2024,4,ENFERMERIA,PESO Y TALLA,153,
DR. KORIMBLUM,2024-01-01,1,2024,4,ENFERMERIA,CURACIONES,8,
DR. KORIMBLUM,2024-01-01,1,2024,4,ENFERMERIA,INYECTABLES,15,
DR. KORIMBLUM,2024-01-01,1,2024,4,ENFERMERIA,INMUNIZACIONES,49,
Dr. CALMANASH,2024-01-01,1,2024,4,ENFERMERIA,CONTROL TENSION ARTERIAL,185,
Dr. CALMANASH,2024-01-01,1,2024,4,ENFERMERIA,TEMPERATURA,2,
Dr. CALMANASH,2024-01-01,1,2024,4,ENFERMERIA,GLUCEMIA,1,
Dr. CALMANASH,2024-01-01,1,2024,4,ENFERMERIA,NEBULIZACIONES,5,
Dr. CALMANASH,2024-01-01,1,2024,4,ENFERMERIA,PESO Y TALLA,100,
Dr. CALMANASH,2024-01-01,1,2024,4,ENFERMERIA,CURACIONES,10,
Dr. CALMANASH,2024-01-01,1,2024,4,ENFERMERIA,INYECTABLES,50,
Dr. CALMANASH,2024-01-01,1,2024,4,ENFERMERIA,INMUNIZACIONES,52,
DR. SUSSINI,2024-01-01,1,2024,10,GINECOLOGIA,IMPLANTE SUBDERMICO,3,
DR. SUSSINI,2024-01-01,1,2024,4,ENFERMERIA,CONTROL TENSION ARTERIAL,328,
DR. SUSSINI,2024-01-01,1,2024,4,ENFERMERIA,TEMPERATURA,18,
DR. SUSSINI,2024-01-01,1,2024,4,ENFERMERIA,GLUCEMIA,53,
DR. SUSSINI,2024-01-01,1,2024,4,ENFERMERIA,NEBULIZACIONES,1,
DR. SUSSINI,2024-01-01,1,2024,4,ENFERMERIA,PESO Y TALLA,351,
DR. SUSSINI,2024-01-01,1,2024,4,ENFERMERIA,CURACIONES,59,
DR. SUSSINI,2024-01-01,1,2024,4,ENFERMERIA,INYECTABLES,137,
DR. SUSSINI,2024-01-01,1,2024,4,ENFERMERIA,INMUNIZACIONES,342,
DR. CHERCOFF,2024-01-01,1,2024,4,ENFERMERIA,CONTROL TENSION ARTERIAL,236,
DR. CHERCOFF,2024-01-01,1,2024,4,ENFERMERIA,TEMPERATURA,190,
DR. CHERCOFF,2024-01-01,1,2024,4,ENFERMERIA,GLUCEMIA,7,
DR. CHERCOFF,2024-01-01,1,2024,4,ENFERMERIA,PESO Y TALLA,165,
DR. CHERCOFF,2024-01-01,1,2024,4,ENFERMERIA,CURACIONES,50,
DR. CHERCOFF,2024-01-01,1,2024,4,ENFERMERIA,INYECTABLES,70,
DR. CHERCOFF,2024-01-01,1,2024,4,ENFERMERIA,INMUNIZACIONES,7,
SANTA MARTA,2023-12-01,12,2023,4,ENFERMERIA,CONTROL TENSION ARTERIAL,86,
SANTA MARTA,2023-12-01,12,2023,4,ENFERMERIA,TEMPERATURA,8,
SANTA MARTA,2023-12-01,12,2023,4,ENFERMERIA,GLUCEMIA,21,
SANTA MARTA,2023-12-01,12,2023,4,ENFERMERIA,PESO Y TALLA,243,
SANTA MARTA,2023-12-01,12,2023,4,ENFERMERIA,CURACIONES,13,
SANTA MARTA,2023-12-01,12,2023,4,ENFERMERIA,INYECTABLES,29,
GÜEMES,2024-01-01,1,2024,4,ENFERMERIA,CONTROL TENSION ARTERIAL,249,
GÜEMES,2024-01-01,1,2024,4,ENFERMERIA,TEMPERATURA,84,
GÜEMES,2024-01-01,1,2024,4,ENFERMERIA,GLUCEMIA,6,
GÜEMES,2024-01-01,1,2024,4,ENFERMERIA,PESO Y TALLA,32,
GÜEMES,2024-01-01,1,2024,4,ENFERMERIA,CURACIONES,47,
GÜEMES,2024-01-01,1,2024,4,ENFERMERIA,INYECTABLES,51,
GÜEMES,2024-01-01,1,2024,4,ENFERMERIA,INMUNIZACIONES,85,
DR. ANIBAL MALVIDO,2024-01-01,1,2024,4,ENFERMERIA,CONTROL TENSION ARTERIAL,210,
DR. ANIBAL MALVIDO,2024-01-01,1,2024,4,ENFERMERIA,TEMPERATURA,300,
DR. ANIBAL MALVIDO,2024-01-01,1,2024,4,ENFERMERIA,GLUCEMIA,15,
DR. ANIBAL MALVIDO,2024-01-01,1,2024,4,ENFERMERIA,NEBULIZACIONES,2,
DR. ANIBAL MALVIDO,2024-01-01,1,2024,4,ENFERMERIA,PESO Y TALLA,300,
DR. ANIBAL MALVIDO,2024-01-01,1,2024,4,ENFERMERIA,CURACIONES,10,
DR. ANIBAL MALVIDO,2024-01-01,1,2024,4,ENFERMERIA,SUTURAS,1,
DR. ANIBAL MALVIDO,2024-01-01,1,2024,4,ENFERMERIA,INYECTABLES,76,
DR. ANIBAL MALVIDO,2024-01-01,1,2024,4,ENFERMERIA,INMUNIZACIONES,205,
DR. JOSE DE LOS REYES VIDAL,2024-01-01,1,2024,4,ENFERMERIA,CONTROL TENSION ARTERIAL,250,
DR. JOSE DE LOS REYES VIDAL,2024-01-01,1,2024,4,ENFERMERIA,TEMPERATURA,10,
DR. JOSE DE LOS REYES VIDAL,2024-01-01,1,2024,4,ENFERMERIA,GLUCEMIA,180,
DR. JOSE DE LOS REYES VIDAL,2024-01-01,1,2024,4,ENFERMERIA,PESO Y TALLA,680,
DR. JOSE DE LOS REYES VIDAL,2024-01-01,1,2024,4,ENFERMERIA,CURACIONES,20,
DR. JOSE DE LOS REYES VIDAL,2024-01-01,1,2024,4,ENFERMERIA,INYECTABLES,150,
DR. PIRCHI,2024-01-01,1,2024,4,ENFERMERIA,CONTROL TENSION ARTERIAL,264,
DR. PIRCHI,2024-01-01,1,2024,4,ENFERMERIA,TEMPERATURA,72,
DR. PIRCHI,2024-01-01,1,2024,4,ENFERMERIA,GLUCEMIA,40,
DR. PIRCHI,2024-01-01,1,2024,4,ENFERMERIA,NEBULIZACIONES,2,
DR. PIRCHI,2024-01-01,1,2024,4,ENFERMERIA,PESO Y TALLA,220,
DR. PIRCHI,2024-01-01,1,2024,4,ENFERMERIA,CURACIONES,32,
DR. PIRCHI,2024-01-01,1,2024,4,ENFERMERIA,INYECTABLES,65,
DR. PIRCHI,2024-01-01,1,2024,4,ENFERMERIA,INMUNIZACIONES,146,
QUINTA FERRE,2024-01-01,1,2024,4,ENFERMERIA,CONTROL TENSION ARTERIAL,115,
QUINTA FERRE,2024-01-01,1,2024,4,ENFERMERIA,TEMPERATURA,20,
QUINTA FERRE,2024-01-01,1,2024,4,ENFERMERIA,GLUCEMIA,35,
QUINTA FERRE,2024-01-01,1,2024,4,ENFERMERIA,PESO Y TALLA,130,
QUINTA FERRE,2024-01-01,1,2024,4,ENFERMERIA,CURACIONES,80,
QUINTA FERRE,2024-01-01,1,2024,4,ENFERMERIA,INYECTABLES,80,
QUINTA FERRE,2024-01-01,1,2024,4,ENFERMERIA,INMUNIZACIONES,135,
Dr. SANTIAGO LORENZO,2024-01-01,1,2024,4,ENFERMERIA,CONTROL TENSION ARTERIAL,122,
Dr. SANTIAGO LORENZO,2024-01-01,1,2024,4,ENFERMERIA,TEMPERATURA,8,
Dr. SANTIAGO LORENZO,2024-01-01,1,2024,4,ENFERMERIA,GLUCEMIA,6,
Dr. SANTIAGO LORENZO,2024-01-01,1,2024,4,ENFERMERIA,NEBULIZACIONES,4,
Dr. SANTIAGO LORENZO,2024-01-01,1,2024,4,ENFERMERIA,PESO Y TALLA,126,
Dr. SANTIAGO LORENZO,2024-01-01,1,2024,4,ENFERMERIA,CURACIONES,12,
Dr. SANTIAGO LORENZO,2024-01-01,1,2024,4,ENFERMERIA,INYECTABLES,29,
Dr. SANTIAGO LORENZO,2024-01-01,1,2024,4,ENFERMERIA,INMUNIZACIONES,95,
PASO MARTINEZ,2024-01-01,1,2024,4,ENFERMERIA,CONTROL TENSION ARTERIAL,10,
PASO MARTINEZ,2024-01-01,1,2024,4,ENFERMERIA,PESO Y TALLA,23,
PASO MARTINEZ,2024-01-01,1,2024,4,ENFERMERIA,INYECTABLES,4,
SANTA MARTA,2024-01-01,1,2024,4,ENFERMERIA,CONTROL TENSION ARTERIAL,60,
SANTA MARTA,2024-01-01,1,2024,4,ENFERMERIA,GLUCEMIA,30,
SANTA MARTA,2024-01-01,1,2024,4,ENFERMERIA,PESO Y TALLA,60,
SANTA MARTA,2024-01-01,1,2024,4,ENFERMERIA,CURACIONES,21,
SANTA MARTA,2024-01-01,1,2024,4,ENFERMERIA,INYECTABLES,11,
SANTA MARGARITA,2024-01-01,1,2024,4,ENFERMERIA,CONTROL TENSION ARTERIAL,95,
SANTA MARGARITA,2024-01-01,1,2024,4,ENFERMERIA,TEMPERATURA,5,
SANTA MARGARITA,2024-01-01,1,2024,4,ENFERMERIA,GLUCEMIA,10,
SANTA MARGARITA,2024-01-01,1,2024,4,ENFERMERIA,PESO Y TALLA,120,
SANTA MARGARITA,2024-01-01,1,2024,4,ENFERMERIA,INYECTABLES,25,
DR. FLIER,2024-01-01,1,2024,4,ENFERMERIA,CONTROL TENSION ARTERIAL,112,
DR. FLIER,2024-01-01,1,2024,4,ENFERMERIA,TEMPERATURA,100,
DR. FLIER,2024-01-01,1,2024,4,ENFERMERIA,NEBULIZACIONES,60,
DR. FLIER,2024-01-01,1,2024,4,ENFERMERIA,PESO Y TALLA,171,
DR. FLIER,2024-01-01,1,2024,4,ENFERMERIA,CURACIONES,90,
DR. FLIER,2024-01-01,1,2024,4,ENFERMERIA,INYECTABLES,100,
DR. FLIER,2024-01-01,1,2024,4,ENFERMERIA,INMUNIZACIONES,23,
VILLA CHIQUITA,2024-02-01,2,2024,4,ENFERMERIA,CONTROL TENSION ARTERIAL,168,
VILLA CHIQUITA,2024-02-01,2,2024,4,ENFERMERIA,TEMPERATURA,86,
VILLA CHIQUITA,2024-02-01,2,2024,4,ENFERMERIA,GLUCEMIA,15,
VILLA CHIQUITA,2024-02-01,2,2024,4,ENFERMERIA,PESO Y TALLA,153,
VILLA CHIQUITA,2024-02-01,2,2024,4,ENFERMERIA,CURACIONES,7,
VILLA CHIQUITA,2024-02-01,2,2024,4,ENFERMERIA,INYECTABLES,13,
VILLA CHIQUITA,2024-02-01,2,2024,4,ENFERMERIA,INMUNIZACIONES,33,
DR. FLIER,2024-02-01,2,2024,4,ENFERMERIA,CONTROL TENSION ARTERIAL,96,
DR. FLIER,2024-02-01,2,2024,4,ENFERMERIA,TEMPERATURA,78,
DR. FLIER,2024-02-01,2,2024,4,ENFERMERIA,NEBULIZACIONES,47,
DR. FLIER,2024-02-01,2,2024,4,ENFERMERIA,PESO Y TALLA,94,
DR. FLIER,2024-02-01,2,2024,4,ENFERMERIA,CURACIONES,63,
DR. FLIER,2024-02-01,2,2024,4,ENFERMERIA,INYECTABLES,90,
DR. FLIER,2024-02-01,2,2024,4,ENFERMERIA,INMUNIZACIONES,23,
ESPERANZA,2024-02-01,2,2024,4,ENFERMERIA,CONTROL TENSION ARTERIAL,135,
ESPERANZA,2024-02-01,2,2024,4,ENFERMERIA,TEMPERATURA,76,
ESPERANZA,2024-02-01,2,2024,4,ENFERMERIA,GLUCEMIA,25,
ESPERANZA,2024-02-01,2,2024,4,ENFERMERIA,NEBULIZACIONES,20,
ESPERANZA,2024-02-01,2,2024,4,ENFERMERIA,PESO Y TALLA,405,
ESPERANZA,2024-02-01,2,2024,4,ENFERMERIA,CURACIONES,75,
ESPERANZA,2024-02-01,2,2024,4,ENFERMERIA,SUTURAS,1,
ESPERANZA,2024-02-01,2,2024,4,ENFERMERIA,INYECTABLES,93,
ESPERANZA,2024-02-01,2,2024,4,ENFERMERIA,INMUNIZACIONES,97,
MARCELINO VERA,2024-02-01,2,2024,4,ENFERMERIA,CONTROL TENSION ARTERIAL,110,
MARCELINO VERA,2024-02-01,2,2024,4,ENFERMERIA,TEMPERATURA,30,
MARCELINO VERA,2024-02-01,2,2024,4,ENFERMERIA,GLUCEMIA,10,
MARCELINO VERA,2024-02-01,2,2024,4,ENFERMERIA,PESO Y TALLA,110,
MARCELINO VERA,2024-02-01,2,2024,4,ENFERMERIA,CURACIONES,20,
MARCELINO VERA,2024-02-01,2,2024,4,ENFERMERIA,INYECTABLES,30,
MARCELINO VERA,2024-02-01,2,2024,4,ENFERMERIA,INMUNIZACIONES,45,
SAPUCAY,2024-02-01,2,2024,4,ENFERMERIA,CONTROL TENSION ARTERIAL,350,
SAPUCAY,2024-02-01,2,2024,4,ENFERMERIA,TEMPERATURA,70,
SAPUCAY,2024-02-01,2,2024,4,ENFERMERIA,GLUCEMIA,55,
SAPUCAY,2024-02-01,2,2024,4,ENFERMERIA,NEBULIZACIONES,10,
SAPUCAY,2024-02-01,2,2024,4,ENFERMERIA,PESO Y TALLA,300,
SAPUCAY,2024-02-01,2,2024,4,ENFERMERIA,CURACIONES,60,
SAPUCAY,2024-02-01,2,2024,4,ENFERMERIA,SUTURAS,4,
SAPUCAY,2024-02-01,2,2024,4,ENFERMERIA,INYECTABLES,70,
SAPUCAY,2024-02-01,2,2024,4,ENFERMERIA,INMUNIZACIONES,52,
PASO MARTINEZ,2024-02-01,2,2024,4,ENFERMERIA,CONTROL TENSION ARTERIAL,10,
PASO MARTINEZ,2024-02-01,2,2024,4,ENFERMERIA,PESO Y TALLA,6,
PASO MARTINEZ,2024-02-01,2,2024,4,ENFERMERIA,INYECTABLES,4,
GÜEMES,2024-02-01,2,2024,10,GINECOLOGIA,PAP,2,
GÜEMES,2024-02-01,2,2024,10,GINECOLOGIA,TEST HPV,2,
GÜEMES,2024-02-01,2,2024,4,ENFERMERIA,CONTROL TENSION ARTERIAL,216,
GÜEMES,2024-02-01,2,2024,4,ENFERMERIA,TEMPERATURA,27,
GÜEMES,2024-02-01,2,2024,4,ENFERMERIA,GLUCEMIA,18,
GÜEMES,2024-02-01,2,2024,4,ENFERMERIA,NEBULIZACIONES,10,
GÜEMES,2024-02-01,2,2024,4,ENFERMERIA,PESO Y TALLA,148,
GÜEMES,2024-02-01,2,2024,4,ENFERMERIA,CURACIONES,10,
GÜEMES,2024-02-01,2,2024,4,ENFERMERIA,SUTURAS,5,
GÜEMES,2024-02-01,2,2024,4,ENFERMERIA,INYECTABLES,15,
GÜEMES,2024-02-01,2,2024,4,ENFERMERIA,INMUNIZACIONES,100,
DR. BENJAMIN SERRANO,2024-02-01,2,2024,4,ENFERMERIA,CONTROL TENSION ARTERIAL,182,
DR. BENJAMIN SERRANO,2024-02-01,2,2024,4,ENFERMERIA,TEMPERATURA,13,
DR. BENJAMIN SERRANO,2024-02-01,2,2024,4,ENFERMERIA,GLUCEMIA,6,
DR. BENJAMIN SERRANO,2024-02-01,2,2024,4,ENFERMERIA,PESO Y TALLA,250,
DR. BENJAMIN SERRANO,2024-02-01,2,2024,4,ENFERMERIA,CURACIONES,32,
DR. BENJAMIN SERRANO,2024-02-01,2,2024,4,ENFERMERIA,INYECTABLES,16,
DR. BENJAMIN SERRANO,2024-02-01,2,2024,4,ENFERMERIA,INMUNIZACIONES,65,
ITATI,2024-02-01,2,2024,4,ENFERMERIA,CONTROL TENSION ARTERIAL,158,
ITATI,2024-02-01,2,2024,4,ENFERMERIA,TEMPERATURA,17,
ITATI,2024-02-01,2,2024,4,ENFERMERIA,GLUCEMIA,3,
ITATI,2024-02-01,2,2024,4,ENFERMERIA,PESO Y TALLA,139,
ITATI,2024-02-01,2,2024,4,ENFERMERIA,CURACIONES,20,
ITATI,2024-02-01,2,2024,4,ENFERMERIA,INYECTABLES,47,
ITATI,2024-02-01,2,2024,4,ENFERMERIA,INMUNIZACIONES,33,
DR. MAURICIO OPEN,2024-02-01,2,2024,4,ENFERMERIA,CONTROL TENSION ARTERIAL,95,
DR. MAURICIO OPEN,2024-02-01,2,2024,4,ENFERMERIA,TEMPERATURA,47,
DR. MAURICIO OPEN,2024-02-01,2,2024,4,ENFERMERIA,GLUCEMIA,15,
DR. MAURICIO OPEN,2024-02-01,2,2024,4,ENFERMERIA,PESO Y TALLA,119,
DR. MAURICIO OPEN,2024-02-01,2,2024,4,ENFERMERIA,CURACIONES,17,
DR. MAURICIO OPEN,2024-02-01,2,2024,4,ENFERMERIA,INYECTABLES,26,
DR. MAURICIO OPEN,2024-02-01,2,2024,4,ENFERMERIA,INMUNIZACIONES,59,
Dr. CALMANASH,2024-02-01,2,2024,4,ENFERMERIA,CONTROL TENSION ARTERIAL,63,
Dr. CALMANASH,2024-02-01,2,2024,4,ENFERMERIA,TEMPERATURA,19,
Dr. CALMANASH,2024-02-01,2,2024,4,ENFERMERIA,NEBULIZACIONES,25,
Dr. CALMANASH,2024-02-01,2,2024,4,ENFERMERIA,PESO Y TALLA,73,
Dr. CALMANASH,2024-02-01,2,2024,4,ENFERMERIA,CURACIONES,5,
Dr. CALMANASH,2024-02-01,2,2024,4,ENFERMERIA,INYECTABLES,35,
Dr. CALMANASH,2024-02-01,2,2024,4,ENFERMERIA,INMUNIZACIONES,42,
RIO PARANA,2024-02-01,2,2024,4,ENFERMERIA,CONTROL TENSION ARTERIAL,262,
RIO PARANA,2024-02-01,2,2024,4,ENFERMERIA,TEMPERATURA,189,
RIO PARANA,2024-02-01,2,2024,4,ENFERMERIA,GLUCEMIA,25,
RIO PARANA,2024-02-01,2,2024,4,ENFERMERIA,PESO Y TALLA,300,
RIO PARANA,2024-02-01,2,2024,4,ENFERMERIA,CURACIONES,92,
RIO PARANA,2024-02-01,2,2024,4,ENFERMERIA,INYECTABLES,100,
RIO PARANA,2024-02-01,2,2024,4,ENFERMERIA,INMUNIZACIONES,153,
DR. ANIBAL MALVIDO,2024-02-01,2,2024,4,ENFERMERIA,CONTROL TENSION ARTERIAL,353,
DR. ANIBAL MALVIDO,2024-02-01,2,2024,4,ENFERMERIA,TEMPERATURA,138,
DR. ANIBAL MALVIDO,2024-02-01,2,2024,4,ENFERMERIA,GLUCEMIA,5,
DR. ANIBAL MALVIDO,2024-02-01,2,2024,4,ENFERMERIA,PESO Y TALLA,1513,
DR. ANIBAL MALVIDO,2024-02-01,2,2024,4,ENFERMERIA,CURACIONES,12,
DR. ANIBAL MALVIDO,2024-02-01,2,2024,4,ENFERMERIA,INYECTABLES,48,
DR. ANIBAL MALVIDO,2024-02-01,2,2024,4,ENFERMERIA,INMUNIZACIONES,226,
PUJOL,2024-02-01,2,2024,4,ENFERMERIA,CONTROL TENSION ARTERIAL,87,
PUJOL,2024-02-01,2,2024,4,ENFERMERIA,TEMPERATURA,18,
PUJOL,2024-02-01,2,2024,4,ENFERMERIA,GLUCEMIA,10,
PUJOL,2024-02-01,2,2024,4,ENFERMERIA,NEBULIZACIONES,16,
PUJOL,2024-02-01,2,2024,4,ENFERMERIA,PESO Y TALLA,275,
PUJOL,2024-02-01,2,2024,4,ENFERMERIA,CURACIONES,21,
PUJOL,2024-02-01,2,2024,4,ENFERMERIA,INYECTABLES,67,
PUJOL,2024-02-01,2,2024,4,ENFERMERIA,INMUNIZACIONES,52,
DR. ANIBAL MALVIDO,2024-02-01,2,2024,10,GINECOLOGIA,PAP,12,
DR. ANIBAL MALVIDO,2024-02-01,2,2024,10,GINECOLOGIA,DIU,1,
GDOR. ELIAS GALVAN,2024-02-01,2,2024,4,ENFERMERIA,CONTROL TENSION ARTERIAL,176,
GDOR. ELIAS GALVAN,2024-02-01,2,2024,4,ENFERMERIA,TEMPERATURA,270,
GDOR. ELIAS GALVAN,2024-02-01,2,2024,4,ENFERMERIA,GLUCEMIA,5,
GDOR. ELIAS GALVAN,2024-02-01,2,2024,4,ENFERMERIA,NEBULIZACIONES,2,
GDOR. ELIAS GALVAN,2024-02-01,2,2024,4,ENFERMERIA,PESO Y TALLA,289,
GDOR. ELIAS GALVAN,2024-02-01,2,2024,4,ENFERMERIA,CURACIONES,23,
GDOR. ELIAS GALVAN,2024-02-01,2,2024,4,ENFERMERIA,INYECTABLES,7,
GDOR. ELIAS GALVAN,2024-02-01,2,2024,4,ENFERMERIA,INMUNIZACIONES,8,
DR. CHERCOFF,2024-02-01,2,2024,4,ENFERMERIA,CONTROL TENSION ARTERIAL,191,
DR. CHERCOFF,2024-02-01,2,2024,4,ENFERMERIA,TEMPERATURA,112,
DR. CHERCOFF,2024-02-01,2,2024,4,ENFERMERIA,GLUCEMIA,5,
DR. CHERCOFF,2024-02-01,2,2024,4,ENFERMERIA,PESO Y TALLA,1333,
DR. CHERCOFF,2024-02-01,2,2024,4,ENFERMERIA,CURACIONES,67,
DR. CHERCOFF,2024-02-01,2,2024,4,ENFERMERIA,INYECTABLES,53,
DR. CHERCOFF,2024-02-01,2,2024,4,ENFERMERIA,INMUNIZACIONES,21,
VILLA GARCIA,2024-02-01,2,2024,4,ENFERMERIA,CONTROL TENSION ARTERIAL,69,
VILLA GARCIA,2024-02-01,2,2024,4,ENFERMERIA,TEMPERATURA,36,
VILLA GARCIA,2024-02-01,2,2024,4,ENFERMERIA,GLUCEMIA,4,
VILLA GARCIA,2024-02-01,2,2024,4,ENFERMERIA,PESO Y TALLA,88,
VILLA GARCIA,2024-02-01,2,2024,4,ENFERMERIA,CURACIONES,7,
VILLA GARCIA,2024-02-01,2,2024,4,ENFERMERIA,INYECTABLES,11,
DR. JOSE DE LOS REYES VIDAL,2024-02-01,2,2024,4,ENFERMERIA,CONTROL TENSION ARTERIAL,203,
DR. JOSE DE LOS REYES VIDAL,2024-02-01,2,2024,4,ENFERMERIA,TEMPERATURA,10,
DR. JOSE DE LOS REYES VIDAL,2024-02-01,2,2024,4,ENFERMERIA,GLUCEMIA,150,
DR. JOSE DE LOS REYES VIDAL,2024-02-01,2,2024,4,ENFERMERIA,PESO Y TALLA,90,
DR. JOSE DE LOS REYES VIDAL,2024-02-01,2,2024,4,ENFERMERIA,CURACIONES,30,
DR. JOSE DE LOS REYES VIDAL,2024-02-01,2,2024,4,ENFERMERIA,INYECTABLES,165,
DR. JOSE DE LOS REYES VIDAL,2024-02-01,2,2024,4,ENFERMERIA,INMUNIZACIONES,19,
SAN MARCOS,2024-02-01,2,2024,4,ENFERMERIA,CONTROL TENSION ARTERIAL,110,
SAN MARCOS,2024-02-01,2,2024,4,ENFERMERIA,TEMPERATURA,8,
SAN MARCOS,2024-02-01,2,2024,4,ENFERMERIA,GLUCEMIA,12,
SAN MARCOS,2024-02-01,2,2024,4,ENFERMERIA,PESO Y TALLA,282,
SAN MARCOS,2024-02-01,2,2024,4,ENFERMERIA,CURACIONES,20,
SAN MARCOS,2024-02-01,2,2024,4,ENFERMERIA,INYECTABLES,28,
SAN MARCOS,2024-02-01,2,2024,4,ENFERMERIA,INMUNIZACIONES,55,
SANTA MARTA,2024-02-01,2,2024,4,ENFERMERIA,CONTROL TENSION ARTERIAL,125,
SANTA MARTA,2024-02-01,2,2024,4,ENFERMERIA,TEMPERATURA,67,
SANTA MARTA,2024-02-01,2,2024,4,ENFERMERIA,GLUCEMIA,29,
SANTA MARTA,2024-02-01,2,2024,4,ENFERMERIA,NEBULIZACIONES,5,
SANTA MARTA,2024-02-01,2,2024,4,ENFERMERIA,PESO Y TALLA,332,
SANTA MARTA,2024-02-01,2,2024,4,ENFERMERIA,CURACIONES,17,
SANTA MARTA,2024-02-01,2,2024,4,ENFERMERIA,INYECTABLES,37,
SANTA MARTA,2024-02-01,2,2024,4,ENFERMERIA,INMUNIZACIONES,98,
QUINTA FERRE,2024-02-01,2,2024,4,ENFERMERIA,CONTROL TENSION ARTERIAL,191,
QUINTA FERRE,2024-02-01,2,2024,4,ENFERMERIA,TEMPERATURA,15,
QUINTA FERRE,2024-02-01,2,2024,4,ENFERMERIA,GLUCEMIA,65,
QUINTA FERRE,2024-02-01,2,2024,4,ENFERMERIA,PESO Y TALLA,334,
QUINTA FERRE,2024-02-01,2,2024,4,ENFERMERIA,CURACIONES,53,
QUINTA FERRE,2024-02-01,2,2024,4,ENFERMERIA,INYECTABLES,70,
QUINTA FERRE,2024-02-01,2,2024,4,ENFERMERIA,INMUNIZACIONES,159,
DR. PIRCHI,2024-02-01,2,2024,4,ENFERMERIA,CONTROL TENSION ARTERIAL,334,
DR. PIRCHI,2024-02-01,2,2024,4,ENFERMERIA,TEMPERATURA,65,
DR. PIRCHI,2024-02-01,2,2024,4,ENFERMERIA,GLUCEMIA,50,
DR. PIRCHI,2024-02-01,2,2024,4,ENFERMERIA,NEBULIZACIONES,3,
DR. PIRCHI,2024-02-01,2,2024,4,ENFERMERIA,PESO Y TALLA,364,
DR. PIRCHI,2024-02-01,2,2024,4,ENFERMERIA,CURACIONES,60,
DR. PIRCHI,2024-02-01,2,2024,4,ENFERMERIA,INYECTABLES,72,
DR. PIRCHI,2024-02-01,2,2024,4,ENFERMERIA,INMUNIZACIONES,146,
DR. ALBERTO LIFSCHITZ,2024-02-01,2,2024,4,ENFERMERIA,CONTROL TENSION ARTERIAL,144,
DR. ALBERTO LIFSCHITZ,2024-02-01,2,2024,4,ENFERMERIA,TEMPERATURA,25,
DR. ALBERTO LIFSCHITZ,2024-02-01,2,2024,4,ENFERMERIA,GLUCEMIA,2,
DR. ALBERTO LIFSCHITZ,2024-02-01,2,2024,4,ENFERMERIA,NEBULIZACIONES,2,
DR. ALBERTO LIFSCHITZ,2024-02-01,2,2024,4,ENFERMERIA,PESO Y TALLA,386,
DR. ALBERTO LIFSCHITZ,2024-02-01,2,2024,4,ENFERMERIA,CURACIONES,11,
DR. ALBERTO LIFSCHITZ,2024-02-01,2,2024,4,ENFERMERIA,INYECTABLES,63,
DR. ALBERTO LIFSCHITZ,2024-02-01,2,2024,4,ENFERMERIA,INMUNIZACIONES,135,
DR. KORIMBLUM,2024-02-01,2,2024,4,ENFERMERIA,CONTROL TENSION ARTERIAL,73,
DR. KORIMBLUM,2024-02-01,2,2024,4,ENFERMERIA,TEMPERATURA,4,
DR. KORIMBLUM,2024-02-01,2,2024,4,ENFERMERIA,GLUCEMIA,5,
DR. KORIMBLUM,2024-02-01,2,2024,4,ENFERMERIA,PESO Y TALLA,173,
DR. KORIMBLUM,2024-02-01,2,2024,4,ENFERMERIA,CURACIONES,7,
DR. KORIMBLUM,2024-02-01,2,2024,4,ENFERMERIA,INYECTABLES,18,
DR MANUEL A. GONZALEZ,2024-02-01,2,2024,4,ENFERMERIA,CONTROL TENSION ARTERIAL,650,
DR MANUEL A. GONZALEZ,2024-02-01,2,2024,4,ENFERMERIA,TEMPERATURA,80,
DR MANUEL A. GONZALEZ,2024-02-01,2,2024,4,ENFERMERIA,GLUCEMIA,20,
DR MANUEL A. GONZALEZ,2024-02-01,2,2024,4,ENFERMERIA,NEBULIZACIONES,1,
DR MANUEL A. GONZALEZ,2024-02-01,2,2024,4,ENFERMERIA,PESO Y TALLA,898,
DR MANUEL A. GONZALEZ,2024-02-01,2,2024,4,ENFERMERIA,CURACIONES,50,
DR MANUEL A. GONZALEZ,2024-02-01,2,2024,4,ENFERMERIA,INYECTABLES,311,
DR MANUEL A. GONZALEZ,2024-02-01,2,2024,4,ENFERMERIA,INMUNIZACIONES,42,
Dr. SANTIAGO LORENZO,2024-02-01,2,2024,4,ENFERMERIA,CONTROL TENSION ARTERIAL,263,
Dr. SANTIAGO LORENZO,2024-02-01,2,2024,4,ENFERMERIA,TEMPERATURA,14,
Dr. SANTIAGO LORENZO,2024-02-01,2,2024,4,ENFERMERIA,GLUCEMIA,7,
Dr. SANTIAGO LORENZO,2024-02-01,2,2024,4,ENFERMERIA,NEBULIZACIONES,2,
Dr. SANTIAGO LORENZO,2024-02-01,2,2024,4,ENFERMERIA,PESO Y TALLA,386,
Dr. SANTIAGO LORENZO,2024-02-01,2,2024,4,ENFERMERIA,CURACIONES,18,
Dr. SANTIAGO LORENZO,2024-02-01,2,2024,4,ENFERMERIA,INYECTABLES,25,
Dr. SANTIAGO LORENZO,2024-02-01,2,2024,4,ENFERMERIA,INMUNIZACIONES,148,
MARCELINO VERA,2024-03-01,3,2024,4,ENFERMERIA,CONTROL TENSION ARTERIAL,100,
MARCELINO VERA,2024-03-01,3,2024,4,ENFERMERIA,TEMPERATURA,25,
MARCELINO VERA,2024-03-01,3,2024,4,ENFERMERIA,GLUCEMIA,10,
MARCELINO VERA,2024-03-01,3,2024,4,ENFERMERIA,PESO Y TALLA,200,
MARCELINO VERA,2024-03-01,3,2024,4,ENFERMERIA,CURACIONES,10,
MARCELINO VERA,2024-03-01,3,2024,4,ENFERMERIA,INYECTABLES,25,
MARCELINO VERA,2024-03-01,3,2024,4,ENFERMERIA,INMUNIZACIONES,27,
GDOR. ELIAS GALVAN,2024-03-01,3,2024,4,ENFERMERIA,CONTROL TENSION ARTERIAL,249,
GDOR. ELIAS GALVAN,2024-03-01,3,2024,4,ENFERMERIA,TEMPERATURA,233,
GDOR. ELIAS GALVAN,2024-03-01,3,2024,4,ENFERMERIA,GLUCEMIA,13,
GDOR. ELIAS GALVAN,2024-03-01,3,2024,4,ENFERMERIA,NEBULIZACIONES,3,
GDOR. ELIAS GALVAN,2024-03-01,3,2024,4,ENFERMERIA,PESO Y TALLA,229,
GDOR. ELIAS GALVAN,2024-03-01,3,2024,4,ENFERMERIA,CURACIONES,42,
GDOR. ELIAS GALVAN,2024-03-01,3,2024,4,ENFERMERIA,INYECTABLES,10,
ESPERANZA,2024-03-01,3,2024,4,ENFERMERIA,CONTROL TENSION ARTERIAL,218,
ESPERANZA,2024-03-01,3,2024,4,ENFERMERIA,TEMPERATURA,45,
ESPERANZA,2024-03-01,3,2024,4,ENFERMERIA,GLUCEMIA,15,
ESPERANZA,2024-03-01,3,2024,4,ENFERMERIA,PESO Y TALLA,362,
ESPERANZA,2024-03-01,3,2024,4,ENFERMERIA,CURACIONES,30,
ESPERANZA,2024-03-01,3,2024,4,ENFERMERIA,INYECTABLES,40,
ESPERANZA,2024-03-01,3,2024,4,ENFERMERIA,INMUNIZACIONES,155,
DR. JOSE DE LOS REYES VIDAL,2024-03-01,3,2024,4,ENFERMERIA,CONTROL TENSION ARTERIAL,498,
DR. JOSE DE LOS REYES VIDAL,2024-03-01,3,2024,4,ENFERMERIA,GLUCEMIA,300,
DR. JOSE DE LOS REYES VIDAL,2024-03-01,3,2024,4,ENFERMERIA,PESO Y TALLA,591,
DR. JOSE DE LOS REYES VIDAL,2024-03-01,3,2024,4,ENFERMERIA,CURACIONES,10,
DR. JOSE DE LOS REYES VIDAL,2024-03-01,3,2024,4,ENFERMERIA,INYECTABLES,258,
SANTA MARGARITA,2024-03-01,3,2024,4,ENFERMERIA,CONTROL TENSION ARTERIAL,115,
SANTA MARGARITA,2024-03-01,3,2024,4,ENFERMERIA,TEMPERATURA,35,
SANTA MARGARITA,2024-03-01,3,2024,4,ENFERMERIA,GLUCEMIA,5,
SANTA MARGARITA,2024-03-01,3,2024,4,ENFERMERIA,PESO Y TALLA,135,
SANTA MARGARITA,2024-03-01,3,2024,4,ENFERMERIA,CURACIONES,15,
SANTA MARGARITA,2024-03-01,3,2024,4,ENFERMERIA,INYECTABLES,28,
DR. MAURICIO OPEN,2024-03-01,3,2024,4,ENFERMERIA,CONTROL TENSION ARTERIAL,37,
DR. MAURICIO OPEN,2024-03-01,3,2024,4,ENFERMERIA,TEMPERATURA,12,
DR. MAURICIO OPEN,2024-03-01,3,2024,4,ENFERMERIA,GLUCEMIA,10,
DR. MAURICIO OPEN,2024-03-01,3,2024,4,ENFERMERIA,PESO Y TALLA,79,
DR. MAURICIO OPEN,2024-03-01,3,2024,4,ENFERMERIA,CURACIONES,15,
DR. MAURICIO OPEN,2024-03-01,3,2024,4,ENFERMERIA,INYECTABLES,15,
DR. MAURICIO OPEN,2024-03-01,3,2024,4,ENFERMERIA,INMUNIZACIONES,64,
PASO MARTINEZ,2024-03-01,3,2024,4,ENFERMERIA,CONTROL TENSION ARTERIAL,8,
PASO MARTINEZ,2024-03-01,3,2024,4,ENFERMERIA,PESO Y TALLA,26,
PASO MARTINEZ,2024-03-01,3,2024,4,ENFERMERIA,INYECTABLES,3,
ITATI,2024-03-01,3,2024,4,ENFERMERIA,CONTROL TENSION ARTERIAL,385,
ITATI,2024-03-01,3,2024,4,ENFERMERIA,TEMPERATURA,40,
ITATI,2024-03-01,3,2024,4,ENFERMERIA,GLUCEMIA,40,
ITATI,2024-03-01,3,2024,4,ENFERMERIA,NEBULIZACIONES,30,
ITATI,2024-03-01,3,2024,4,ENFERMERIA,PESO Y TALLA,503,
ITATI,2024-03-01,3,2024,4,ENFERMERIA,CURACIONES,35,
ITATI,2024-03-01,3,2024,4,ENFERMERIA,SUTURAS,10,
ITATI,2024-03-01,3,2024,4,ENFERMERIA,INYECTABLES,61,
ITATI,2024-03-01,3,2024,4,ENFERMERIA,INMUNIZACIONES,71,
DR. ANIBAL MALVIDO,2024-03-01,3,2024,4,ENFERMERIA,CONTROL TENSION ARTERIAL,432,
DR. ANIBAL MALVIDO,2024-03-01,3,2024,4,ENFERMERIA,TEMPERATURA,153,
DR. ANIBAL MALVIDO,2024-03-01,3,2024,4,ENFERMERIA,GLUCEMIA,15,
DR. ANIBAL MALVIDO,2024-03-01,3,2024,4,ENFERMERIA,PESO Y TALLA,532,
DR. ANIBAL MALVIDO,2024-03-01,3,2024,4,ENFERMERIA,CURACIONES,22,
DR. ANIBAL MALVIDO,2024-03-01,3,2024,4,ENFERMERIA,INYECTABLES,60,
DR. ANIBAL MALVIDO,2024-03-01,3,2024,4,ENFERMERIA,INMUNIZACIONES,221,
Dr. SANTIAGO LORENZO,2024-03-01,3,2024,4,ENFERMERIA,CONTROL TENSION ARTERIAL,423,
Dr. SANTIAGO LORENZO,2024-03-01,3,2024,4,ENFERMERIA,TEMPERATURA,18,
Dr. SANTIAGO LORENZO,2024-03-01,3,2024,4,ENFERMERIA,GLUCEMIA,5,
Dr. SANTIAGO LORENZO,2024-03-01,3,2024,4,ENFERMERIA,NEBULIZACIONES,5,
Dr. SANTIAGO LORENZO,2024-03-01,3,2024,4,ENFERMERIA,PESO Y TALLA,525,
Dr. SANTIAGO LORENZO,2024-03-01,3,2024,4,ENFERMERIA,CURACIONES,6,
Dr. SANTIAGO LORENZO,2024-03-01,3,2024,4,ENFERMERIA,INYECTABLES,32,
Dr. SANTIAGO LORENZO,2024-03-01,3,2024,4,ENFERMERIA,INMUNIZACIONES,162,
DR. KORIMBLUM,2024-03-01,3,2024,4,ENFERMERIA,CONTROL TENSION ARTERIAL,22,
DR. KORIMBLUM,2024-03-01,3,2024,4,ENFERMERIA,PESO Y TALLA,37,
DR. KORIMBLUM,2024-03-01,3,2024,4,ENFERMERIA,CURACIONES,3,
DR. KORIMBLUM,2024-03-01,3,2024,4,ENFERMERIA,INYECTABLES,4,
GÜEMES,2024-03-01,3,2024,4,ENFERMERIA,CONTROL TENSION ARTERIAL,446,
GÜEMES,2024-03-01,3,2024,4,ENFERMERIA,TEMPERATURA,117,
GÜEMES,2024-03-01,3,2024,4,ENFERMERIA,GLUCEMIA,12,
GÜEMES,2024-03-01,3,2024,4,ENFERMERIA,PESO Y TALLA,802,
GÜEMES,2024-03-01,3,2024,4,ENFERMERIA,CURACIONES,45,
GÜEMES,2024-03-01,3,2024,4,ENFERMERIA,SUTURAS,5,
GÜEMES,2024-03-01,3,2024,4,ENFERMERIA,INYECTABLES,48,
GÜEMES,2024-03-01,3,2024,4,ENFERMERIA,INMUNIZACIONES,128,
GÜEMES,2024-03-01,3,2024,10,GINECOLOGIA,PAP,2,
DR. BENJAMIN SERRANO,2024-03-01,3,2024,4,ENFERMERIA,CONTROL TENSION ARTERIAL,186,
DR. BENJAMIN SERRANO,2024-03-01,3,2024,4,ENFERMERIA,TEMPERATURA,23,
DR. BENJAMIN SERRANO,2024-03-01,3,2024,4,ENFERMERIA,GLUCEMIA,14,
DR. BENJAMIN SERRANO,2024-03-01,3,2024,4,ENFERMERIA,PESO Y TALLA,389,
DR. BENJAMIN SERRANO,2024-03-01,3,2024,4,ENFERMERIA,CURACIONES,26,
DR. BENJAMIN SERRANO,2024-03-01,3,2024,4,ENFERMERIA,INYECTABLES,53,
DR. BENJAMIN SERRANO,2024-03-01,3,2024,4,ENFERMERIA,INMUNIZACIONES,72,
SAPUCAY,2024-03-01,3,2024,4,ENFERMERIA,CONTROL TENSION ARTERIAL,300,
SAPUCAY,2024-03-01,3,2024,4,ENFERMERIA,TEMPERATURA,120,
SAPUCAY,2024-03-01,3,2024,4,ENFERMERIA,GLUCEMIA,50,
SAPUCAY,2024-03-01,3,2024,4,ENFERMERIA,NEBULIZACIONES,10,
SAPUCAY,2024-03-01,3,2024,4,ENFERMERIA,PESO Y TALLA,500,
SAPUCAY,2024-03-01,3,2024,4,ENFERMERIA,CURACIONES,60,
SAPUCAY,2024-03-01,3,2024,4,ENFERMERIA,INYECTABLES,55,
SAPUCAY,2024-03-01,3,2024,4,ENFERMERIA,INMUNIZACIONES,65,
Dr. CALMANASH,2024-03-01,3,2024,4,ENFERMERIA,CONTROL TENSION ARTERIAL,70,
Dr. CALMANASH,2024-03-01,3,2024,4,ENFERMERIA,TEMPERATURA,13,
Dr. CALMANASH,2024-03-01,3,2024,4,ENFERMERIA,NEBULIZACIONES,20,
Dr. CALMANASH,2024-03-01,3,2024,4,ENFERMERIA,PESO Y TALLA,72,
Dr. CALMANASH,2024-03-01,3,2024,4,ENFERMERIA,CURACIONES,5,
Dr. CALMANASH,2024-03-01,3,2024,4,ENFERMERIA,INYECTABLES,28,
Dr. CALMANASH,2024-03-01,3,2024,4,ENFERMERIA,INMUNIZACIONES,120,
SAN MARCOS,2024-03-01,3,2024,4,ENFERMERIA,CONTROL TENSION ARTERIAL,173,
SAN MARCOS,2024-03-01,3,2024,4,ENFERMERIA,TEMPERATURA,13,
SAN MARCOS,2024-03-01,3,2024,4,ENFERMERIA,GLUCEMIA,8,
SAN MARCOS,2024-03-01,3,2024,4,ENFERMERIA,PESO Y TALLA,454,
SAN MARCOS,2024-03-01,3,2024,4,ENFERMERIA,CURACIONES,49,
SAN MARCOS,2024-03-01,3,2024,4,ENFERMERIA,INYECTABLES,41,
SAN MARCOS,2024-03-01,3,2024,4,ENFERMERIA,INMUNIZACIONES,86,
DR. PIRCHI,2024-03-01,3,2024,4,ENFERMERIA,CONTROL TENSION ARTERIAL,255,
DR. PIRCHI,2024-03-01,3,2024,4,ENFERMERIA,TEMPERATURA,48,
DR. PIRCHI,2024-03-01,3,2024,4,ENFERMERIA,GLUCEMIA,60,
DR. PIRCHI,2024-03-01,3,2024,4,ENFERMERIA,NEBULIZACIONES,3,
DR. PIRCHI,2024-03-01,3,2024,4,ENFERMERIA,PESO Y TALLA,291,
DR. PIRCHI,2024-03-01,3,2024,4,ENFERMERIA,CURACIONES,39,
DR. PIRCHI,2024-03-01,3,2024,4,ENFERMERIA,INYECTABLES,58,
DR. PIRCHI,2024-03-01,3,2024,4,ENFERMERIA,INMUNIZACIONES,183,
PUJOL,2024-03-01,3,2024,4,ENFERMERIA,CONTROL TENSION ARTERIAL,164,
PUJOL,2024-03-01,3,2024,4,ENFERMERIA,TEMPERATURA,25,
PUJOL,2024-03-01,3,2024,4,ENFERMERIA,GLUCEMIA,22,
PUJOL,2024-03-01,3,2024,4,ENFERMERIA,NEBULIZACIONES,27,
PUJOL,2024-03-01,3,2024,4,ENFERMERIA,PESO Y TALLA,367,
PUJOL,2024-03-01,3,2024,4,ENFERMERIA,CURACIONES,20,
PUJOL,2024-03-01,3,2024,4,ENFERMERIA,INYECTABLES,89,
PUJOL,2024-03-01,3,2024,4,ENFERMERIA,INMUNIZACIONES,44,
PUJOL,2024-03-01,3,2024,10,GINECOLOGIA,PAP,4,
DR. ALBERTO LIFSCHITZ,2024-03-01,3,2024,4,ENFERMERIA,CONTROL TENSION ARTERIAL,224,
DR. ALBERTO LIFSCHITZ,2024-03-01,3,2024,4,ENFERMERIA,TEMPERATURA,32,
DR. ALBERTO LIFSCHITZ,2024-03-01,3,2024,4,ENFERMERIA,GLUCEMIA,8,
DR. ALBERTO LIFSCHITZ,2024-03-01,3,2024,4,ENFERMERIA,PESO Y TALLA,678,
DR. ALBERTO LIFSCHITZ,2024-03-01,3,2024,4,ENFERMERIA,CURACIONES,10,
DR. ALBERTO LIFSCHITZ,2024-03-01,3,2024,4,ENFERMERIA,INYECTABLES,75,
DR. ALBERTO LIFSCHITZ,2024-03-01,3,2024,4,ENFERMERIA,INMUNIZACIONES,44,
VILLA GARCIA,2024-03-01,3,2024,4,ENFERMERIA,CONTROL TENSION ARTERIAL,63,
VILLA GARCIA,2024-03-01,3,2024,4,ENFERMERIA,TEMPERATURA,12,
VILLA GARCIA,2024-03-01,3,2024,4,ENFERMERIA,GLUCEMIA,8,
VILLA GARCIA,2024-03-01,3,2024,4,ENFERMERIA,PESO Y TALLA,28,
VILLA GARCIA,2024-03-01,3,2024,4,ENFERMERIA,CURACIONES,5,
VILLA GARCIA,2024-03-01,3,2024,4,ENFERMERIA,INYECTABLES,165,
SANTA MARTA,2024-03-01,3,2024,4,ENFERMERIA,CONTROL TENSION ARTERIAL,136,
SANTA MARTA,2024-03-01,3,2024,4,ENFERMERIA,TEMPERATURA,79,
SANTA MARTA,2024-03-01,3,2024,4,ENFERMERIA,GLUCEMIA,28,
SANTA MARTA,2024-03-01,3,2024,4,ENFERMERIA,NEBULIZACIONES,5,
SANTA MARTA,2024-03-01,3,2024,4,ENFERMERIA,PESO Y TALLA,420,
SANTA MARTA,2024-03-01,3,2024,4,ENFERMERIA,CURACIONES,34,
SANTA MARTA,2024-03-01,3,2024,4,ENFERMERIA,INYECTABLES,62,
SANTA MARTA,2024-03-01,3,2024,4,ENFERMERIA,INMUNIZACIONES,90,
DR MANUEL A. GONZALEZ,2024-03-01,3,2024,4,ENFERMERIA,CONTROL TENSION ARTERIAL,650,
DR MANUEL A. GONZALEZ,2024-03-01,3,2024,4,ENFERMERIA,TEMPERATURA,80,
DR MANUEL A. GONZALEZ,2024-03-01,3,2024,4,ENFERMERIA,GLUCEMIA,32,
DR MANUEL A. GONZALEZ,2024-03-01,3,2024,4,ENFERMERIA,PESO Y TALLA,859,
DR MANUEL A. GONZALEZ,2024-03-01,3,2024,4,ENFERMERIA,CURACIONES,50,
DR MANUEL A. GONZALEZ,2024-03-01,3,2024,4,ENFERMERIA,INYECTABLES,350,
DR MANUEL A. GONZALEZ,2024-03-01,3,2024,4,ENFERMERIA,INMUNIZACIONES,127,
DR. CHERCOFF,2024-03-01,3,2024,4,ENFERMERIA,CONTROL TENSION ARTERIAL,194,
DR. CHERCOFF,2024-03-01,3,2024,4,ENFERMERIA,TEMPERATURA,201,
DR. CHERCOFF,2024-03-01,3,2024,4,ENFERMERIA,GLUCEMIA,6,
DR. CHERCOFF,2024-03-01,3,2024,4,ENFERMERIA,NEBULIZACIONES,3,
DR. CHERCOFF,2024-03-01,3,2024,4,ENFERMERIA,PESO Y TALLA,198,
DR. CHERCOFF,2024-03-01,3,2024,4,ENFERMERIA,CURACIONES,54,
DR. CHERCOFF,2024-03-01,3,2024,4,ENFERMERIA,INYECTABLES,49,
DR. CHERCOFF,2024-03-01,3,2024,4,ENFERMERIA,INMUNIZACIONES,14,
QUINTA FERRE,2024-03-01,3,2024,4,ENFERMERIA,CONTROL TENSION ARTERIAL,203,
QUINTA FERRE,2024-03-01,3,2024,4,ENFERMERIA,TEMPERATURA,15,
QUINTA FERRE,2024-03-01,3,2024,4,ENFERMERIA,GLUCEMIA,63,
QUINTA FERRE,2024-03-01,3,2024,4,ENFERMERIA,PESO Y TALLA,412,
QUINTA FERRE,2024-03-01,3,2024,4,ENFERMERIA,CURACIONES,57,
QUINTA FERRE,2024-03-01,3,2024,4,ENFERMERIA,INYECTABLES,126,
QUINTA FERRE,2024-03-01,3,2024,4,ENFERMERIA,INMUNIZACIONES,102,
ESPERANZA,2024-04-01,4,2024,4,ENFERMERIA,CONTROL TENSION ARTERIAL,233,
ESPERANZA,2024-04-01,4,2024,4,ENFERMERIA,TEMPERATURA,56,
ESPERANZA,2024-04-01,4,2024,4,ENFERMERIA,GLUCEMIA,8,
ESPERANZA,2024-04-01,4,2024,4,ENFERMERIA,NEBULIZACIONES,32,
ESPERANZA,2024-04-01,4,2024,4,ENFERMERIA,PESO Y TALLA,688,
ESPERANZA,2024-04-01,4,2024,4,ENFERMERIA,CURACIONES,28,
ESPERANZA,2024-04-01,4,2024,4,ENFERMERIA,INYECTABLES,82,
ESPERANZA,2024-04-01,4,2024,4,ENFERMERIA,INMUNIZACIONES,258,
DR. SUSSINI,2024-04-01,4,2024,4,ENFERMERIA,CONTROL TENSION ARTERIAL,358,
DR. SUSSINI,2024-04-01,4,2024,4,ENFERMERIA,TEMPERATURA,36,
DR. SUSSINI,2024-04-01,4,2024,4,ENFERMERIA,GLUCEMIA,65,
DR. SUSSINI,2024-04-01,4,2024,4,ENFERMERIA,PESO Y TALLA,360,
DR. SUSSINI,2024-04-01,4,2024,4,ENFERMERIA,CURACIONES,40,
DR. SUSSINI,2024-04-01,4,2024,4,ENFERMERIA,SUTURAS,1,
DR. SUSSINI,2024-04-01,4,2024,4,ENFERMERIA,INYECTABLES,210,
DR. SUSSINI,2024-04-01,4,2024,4,ENFERMERIA,INMUNIZACIONES,342,
MARCELINO VERA,2024-04-01,4,2024,4,ENFERMERIA,CONTROL TENSION ARTERIAL,100,
MARCELINO VERA,2024-04-01,4,2024,4,ENFERMERIA,TEMPERATURA,20,
MARCELINO VERA,2024-04-01,4,2024,4,ENFERMERIA,GLUCEMIA,10,
MARCELINO VERA,2024-04-01,4,2024,4,ENFERMERIA,PESO Y TALLA,120,
MARCELINO VERA,2024-04-01,4,2024,4,ENFERMERIA,CURACIONES,10,
MARCELINO VERA,2024-04-01,4,2024,4,ENFERMERIA,INYECTABLES,25,
MARCELINO VERA,2024-04-01,4,2024,4,ENFERMERIA,INMUNIZACIONES,40,
SANTA MARGARITA,2024-04-01,4,2024,4,ENFERMERIA,CONTROL TENSION ARTERIAL,210,
SANTA MARGARITA,2024-04-01,4,2024,4,ENFERMERIA,TEMPERATURA,35,
SANTA MARGARITA,2024-04-01,4,2024,4,ENFERMERIA,GLUCEMIA,15,
SANTA MARGARITA,2024-04-01,4,2024,4,ENFERMERIA,PESO Y TALLA,250,
SANTA MARGARITA,2024-04-01,4,2024,4,ENFERMERIA,CURACIONES,20,
SANTA MARGARITA,2024-04-01,4,2024,4,ENFERMERIA,INYECTABLES,35,
DR. MAURICIO OPEN,2024-04-01,4,2024,4,ENFERMERIA,CONTROL TENSION ARTERIAL,57,
DR. MAURICIO OPEN,2024-04-01,4,2024,4,ENFERMERIA,CONTROL TENSION ARTERIAL,8,
DR. MAURICIO OPEN,2024-04-01,4,2024,4,ENFERMERIA,GLUCEMIA,71,
DR. MAURICIO OPEN,2024-04-01,4,2024,4,ENFERMERIA,PESO Y TALLA,24,
DR. MAURICIO OPEN,2024-04-01,4,2024,4,ENFERMERIA,INYECTABLES,17,
DR. MAURICIO OPEN,2024-04-01,4,2024,4,ENFERMERIA,INMUNIZACIONES,103,
Dr. SANTIAGO LORENZO,2024-04-01,4,2024,4,ENFERMERIA,CONTROL TENSION ARTERIAL,273,
Dr. SANTIAGO LORENZO,2024-04-01,4,2024,4,ENFERMERIA,TEMPERATURA,15,
Dr. SANTIAGO LORENZO,2024-04-01,4,2024,4,ENFERMERIA,GLUCEMIA,7,
Dr. SANTIAGO LORENZO,2024-04-01,4,2024,4,ENFERMERIA,NEBULIZACIONES,2,
Dr. SANTIAGO LORENZO,2024-04-01,4,2024,4,ENFERMERIA,PESO Y TALLA,252,
Dr. SANTIAGO LORENZO,2024-04-01,4,2024,4,ENFERMERIA,CURACIONES,10,
Dr. SANTIAGO LORENZO,2024-04-01,4,2024,4,ENFERMERIA,INYECTABLES,41,
Dr. SANTIAGO LORENZO,2024-04-01,4,2024,4,ENFERMERIA,INMUNIZACIONES,174,
PUJOL,2024-04-01,4,2024,4,ENFERMERIA,CONTROL TENSION ARTERIAL,103,
PUJOL,2024-04-01,4,2024,4,ENFERMERIA,TEMPERATURA,26,
PUJOL,2024-04-01,4,2024,4,ENFERMERIA,GLUCEMIA,20,
PUJOL,2024-04-01,4,2024,4,ENFERMERIA,NEBULIZACIONES,22,
PUJOL,2024-04-01,4,2024,4,ENFERMERIA,PESO Y TALLA,256,
PUJOL,2024-04-01,4,2024,4,ENFERMERIA,CURACIONES,23,
PUJOL,2024-04-01,4,2024,4,ENFERMERIA,INYECTABLES,72,
PUJOL,2024-04-01,4,2024,4,ENFERMERIA,INMUNIZACIONES,78,
RIO PARANA,2024-04-01,4,2024,4,ENFERMERIA,CONTROL TENSION ARTERIAL,196,
RIO PARANA,2024-04-01,4,2024,4,ENFERMERIA,TEMPERATURA,106,
RIO PARANA,2024-04-01,4,2024,4,ENFERMERIA,GLUCEMIA,20,
RIO PARANA,2024-04-01,4,2024,4,ENFERMERIA,PESO Y TALLA,300,
RIO PARANA,2024-04-01,4,2024,4,ENFERMERIA,CURACIONES,70,
RIO PARANA,2024-04-01,4,2024,4,ENFERMERIA,INYECTABLES,99,
RIO PARANA,2024-04-01,4,2024,4,ENFERMERIA,INMUNIZACIONES,214,
Dr. CALMANASH,2024-04-01,4,2024,4,ENFERMERIA,CONTROL TENSION ARTERIAL,148,
Dr. CALMANASH,2024-04-01,4,2024,4,ENFERMERIA,TEMPERATURA,11,
Dr. CALMANASH,2024-04-01,4,2024,4,ENFERMERIA,NEBULIZACIONES,13,
Dr. CALMANASH,2024-04-01,4,2024,4,ENFERMERIA,PESO Y TALLA,159,
Dr. CALMANASH,2024-04-01,4,2024,4,ENFERMERIA,CURACIONES,19,
Dr. CALMANASH,2024-04-01,4,2024,4,ENFERMERIA,INYECTABLES,45,
Dr. CALMANASH,2024-04-01,4,2024,4,ENFERMERIA,INMUNIZACIONES,64,
DR. ANIBAL MALVIDO,2024-04-01,4,2024,4,ENFERMERIA,CONTROL TENSION ARTERIAL,799,
DR. ANIBAL MALVIDO,2024-04-01,4,2024,4,ENFERMERIA,TEMPERATURA,300,
DR. ANIBAL MALVIDO,2024-04-01,4,2024,4,ENFERMERIA,GLUCEMIA,20,
DR. ANIBAL MALVIDO,2024-04-01,4,2024,4,ENFERMERIA,NEBULIZACIONES,10,
DR. ANIBAL MALVIDO,2024-04-01,4,2024,4,ENFERMERIA,PESO Y TALLA,670,
DR. ANIBAL MALVIDO,2024-04-01,4,2024,4,ENFERMERIA,CURACIONES,40,
DR. ANIBAL MALVIDO,2024-04-01,4,2024,4,ENFERMERIA,INYECTABLES,80,
DR. ANIBAL MALVIDO,2024-04-01,4,2024,4,ENFERMERIA,INMUNIZACIONES,279,
SANTA MARTA,2024-04-01,4,2024,4,ENFERMERIA,CONTROL TENSION ARTERIAL,138,
SANTA MARTA,2024-04-01,4,2024,4,ENFERMERIA,TEMPERATURA,38,
SANTA MARTA,2024-04-01,4,2024,4,ENFERMERIA,GLUCEMIA,16,
SANTA MARTA,2024-04-01,4,2024,4,ENFERMERIA,PESO Y TALLA,416,
SANTA MARTA,2024-04-01,4,2024,4,ENFERMERIA,CURACIONES,29,
SANTA MARTA,2024-04-01,4,2024,4,ENFERMERIA,INYECTABLES,39,
SANTA MARTA,2024-04-01,4,2024,4,ENFERMERIA,INMUNIZACIONES,172,
SAPUCAY,2024-04-01,4,2024,4,ENFERMERIA,CONTROL TENSION ARTERIAL,350,
SAPUCAY,2024-04-01,4,2024,4,ENFERMERIA,TEMPERATURA,40,
SAPUCAY,2024-04-01,4,2024,4,ENFERMERIA,GLUCEMIA,50,
SAPUCAY,2024-04-01,4,2024,4,ENFERMERIA,NEBULIZACIONES,2,
SAPUCAY,2024-04-01,4,2024,4,ENFERMERIA,PESO Y TALLA,500,
SAPUCAY,2024-04-01,4,2024,4,ENFERMERIA,CURACIONES,70,
SAPUCAY,2024-04-01,4,2024,4,ENFERMERIA,INYECTABLES,70,
SAPUCAY,2024-04-01,4,2024,4,ENFERMERIA,INMUNIZACIONES,187,
GÜEMES,2024-04-01,4,2024,4,ENFERMERIA,CONTROL TENSION ARTERIAL,440,
GÜEMES,2024-04-01,4,2024,4,ENFERMERIA,TEMPERATURA,110,
GÜEMES,2024-04-01,4,2024,4,ENFERMERIA,GLUCEMIA,6,
GÜEMES,2024-04-01,4,2024,4,ENFERMERIA,PESO Y TALLA,778,
GÜEMES,2024-04-01,4,2024,4,ENFERMERIA,CURACIONES,135,
GÜEMES,2024-04-01,4,2024,4,ENFERMERIA,SUTURAS,2,
GÜEMES,2024-04-01,4,2024,4,ENFERMERIA,INYECTABLES,42,
GÜEMES,2024-04-01,4,2024,4,ENFERMERIA,INMUNIZACIONES,262,
GÜEMES,2024-04-01,4,2024,4,ENFERMERIA,PAP,2,
GÜEMES,2024-04-01,4,2024,4,ENFERMERIA,TEST HPV,1,
DR. ALBERTO LIFSCHITZ,2024-04-01,4,2024,4,ENFERMERIA,CONTROL TENSION ARTERIAL,240,
DR. ALBERTO LIFSCHITZ,2024-04-01,4,2024,4,ENFERMERIA,TEMPERATURA,8,
DR. ALBERTO LIFSCHITZ,2024-04-01,4,2024,4,ENFERMERIA,GLUCEMIA,4,
DR. ALBERTO LIFSCHITZ,2024-04-01,4,2024,4,ENFERMERIA,PESO Y TALLA,684,
DR. ALBERTO LIFSCHITZ,2024-04-01,4,2024,4,ENFERMERIA,CURACIONES,11,
DR. ALBERTO LIFSCHITZ,2024-04-01,4,2024,4,ENFERMERIA,INYECTABLES,121,
DR. ALBERTO LIFSCHITZ,2024-04-01,4,2024,4,ENFERMERIA,INMUNIZACIONES,41,
DR. JOSE DE LOS REYES VIDAL,2024-04-01,4,2024,4,ENFERMERIA,CONTROL TENSION ARTERIAL,200,
DR. JOSE DE LOS REYES VIDAL,2024-04-01,4,2024,4,ENFERMERIA,TEMPERATURA,10,
DR. JOSE DE LOS REYES VIDAL,2024-04-01,4,2024,4,ENFERMERIA,GLUCEMIA,150,
DR. JOSE DE LOS REYES VIDAL,2024-04-01,4,2024,4,ENFERMERIA,PESO Y TALLA,350,
DR. JOSE DE LOS REYES VIDAL,2024-04-01,4,2024,4,ENFERMERIA,CURACIONES,30,
DR. JOSE DE LOS REYES VIDAL,2024-04-01,4,2024,4,ENFERMERIA,INYECTABLES,165,
DR. JOSE DE LOS REYES VIDAL,2024-04-01,4,2024,4,ENFERMERIA,INMUNIZACIONES,78,
ITATI,2024-04-01,4,2024,4,ENFERMERIA,CONTROL TENSION ARTERIAL,171,
ITATI,2024-04-01,4,2024,4,ENFERMERIA,TEMPERATURA,20,
ITATI,2024-04-01,4,2024,4,ENFERMERIA,GLUCEMIA,30,
ITATI,2024-04-01,4,2024,4,ENFERMERIA,NEBULIZACIONES,4,
ITATI,2024-04-01,4,2024,4,ENFERMERIA,PESO Y TALLA,355,
ITATI,2024-04-01,4,2024,4,ENFERMERIA,CURACIONES,20,
ITATI,2024-04-01,4,2024,4,ENFERMERIA,INYECTABLES,69,
ITATI,2024-04-01,4,2024,4,ENFERMERIA,INMUNIZACIONES,110,
VILLA GARCIA,2024-04-01,4,2024,4,ENFERMERIA,CONTROL TENSION ARTERIAL,84,
VILLA GARCIA,2024-04-01,4,2024,4,ENFERMERIA,TEMPERATURA,15,
VILLA GARCIA,2024-04-01,4,2024,4,ENFERMERIA,GLUCEMIA,7,
VILLA GARCIA,2024-04-01,4,2024,4,ENFERMERIA,PESO Y TALLA,365,
VILLA GARCIA,2024-04-01,4,2024,4,ENFERMERIA,CURACIONES,13,
VILLA GARCIA,2024-04-01,4,2024,4,ENFERMERIA,INYECTABLES,22,
SAN MARCOS,2024-04-01,4,2024,4,ENFERMERIA,CONTROL TENSION ARTERIAL,127,
SAN MARCOS,2024-04-01,4,2024,4,ENFERMERIA,TEMPERATURA,7,
SAN MARCOS,2024-04-01,4,2024,4,ENFERMERIA,GLUCEMIA,15,
SAN MARCOS,2024-04-01,4,2024,4,ENFERMERIA,PESO Y TALLA,501,
SAN MARCOS,2024-04-01,4,2024,4,ENFERMERIA,CURACIONES,40,
SAN MARCOS,2024-04-01,4,2024,4,ENFERMERIA,INYECTABLES,32,
SAN MARCOS,2024-04-01,4,2024,4,ENFERMERIA,INMUNIZACIONES,58,
DR. BENJAMIN SERRANO,2024-04-01,4,2024,4,ENFERMERIA,CONTROL TENSION ARTERIAL,226,
DR. BENJAMIN SERRANO,2024-04-01,4,2024,4,ENFERMERIA,TEMPERATURA,18,
DR. BENJAMIN SERRANO,2024-04-01,4,2024,4,ENFERMERIA,GLUCEMIA,16,
DR. BENJAMIN SERRANO,2024-04-01,4,2024,4,ENFERMERIA,PESO Y TALLA,330,
DR. BENJAMIN SERRANO,2024-04-01,4,2024,4,ENFERMERIA,CURACIONES,18,
DR. BENJAMIN SERRANO,2024-04-01,4,2024,4,ENFERMERIA,INYECTABLES,45,
DR. BENJAMIN SERRANO,2024-04-01,4,2024,4,ENFERMERIA,INMUNIZACIONES,147,
DR. CHERCOFF,2024-04-01,4,2024,4,ENFERMERIA,CONTROL TENSION ARTERIAL,198,
DR. CHERCOFF,2024-04-01,4,2024,4,ENFERMERIA,TEMPERATURA,170,
DR. CHERCOFF,2024-04-01,4,2024,4,ENFERMERIA,GLUCEMIA,6,
DR. CHERCOFF,2024-04-01,4,2024,4,ENFERMERIA,NEBULIZACIONES,3,
DR. CHERCOFF,2024-04-01,4,2024,4,ENFERMERIA,PESO Y TALLA,190,
DR. CHERCOFF,2024-04-01,4,2024,4,ENFERMERIA,CURACIONES,41,
DR. CHERCOFF,2024-04-01,4,2024,4,ENFERMERIA,INYECTABLES,60,
DR. CHERCOFF,2024-04-01,4,2024,4,ENFERMERIA,INMUNIZACIONES,21,
DR. KORIMBLUM,2024-04-01,4,2024,4,ENFERMERIA,CONTROL TENSION ARTERIAL,27,
DR. KORIMBLUM,2024-04-01,4,2024,4,ENFERMERIA,GLUCEMIA,1,
DR. KORIMBLUM,2024-04-01,4,2024,4,ENFERMERIA,PESO Y TALLA,195,
DR. KORIMBLUM,2024-04-01,4,2024,4,ENFERMERIA,CURACIONES,4,
DR. KORIMBLUM,2024-04-01,4,2024,4,ENFERMERIA,INYECTABLES,12,
DR. KORIMBLUM,2024-04-01,4,2024,4,ENFERMERIA,INMUNIZACIONES,55,
DR. FLIER,2024-03-01,3,2024,4,ENFERMERIA,CONTROL TENSION ARTERIAL,120,
DR. FLIER,2024-03-01,3,2024,4,ENFERMERIA,TEMPERATURA,100,
DR. FLIER,2024-03-01,3,2024,4,ENFERMERIA,NEBULIZACIONES,90,
DR. FLIER,2024-03-01,3,2024,4,ENFERMERIA,PESO Y TALLA,175,
DR. FLIER,2024-03-01,3,2024,4,ENFERMERIA,CURACIONES,65,
DR. FLIER,2024-03-01,3,2024,4,ENFERMERIA,INYECTABLES,110,
DR. FLIER,2024-03-01,3,2024,4,ENFERMERIA,INMUNIZACIONES,23,
DR. FLIER,2024-04-01,4,2024,4,ENFERMERIA,CONTROL TENSION ARTERIAL,110,
DR. FLIER,2024-04-01,4,2024,4,ENFERMERIA,TEMPERATURA,95,
DR. FLIER,2024-04-01,4,2024,4,ENFERMERIA,NEBULIZACIONES,64,
DR. FLIER,2024-04-01,4,2024,4,ENFERMERIA,PESO Y TALLA,179,
DR. FLIER,2024-04-01,4,2024,4,ENFERMERIA,CURACIONES,63,
DR. FLIER,2024-04-01,4,2024,4,ENFERMERIA,INYECTABLES,134,
DR. FLIER,2024-04-01,4,2024,4,ENFERMERIA,INMUNIZACIONES,57,
QUINTA FERRE,2024-04-01,4,2024,4,ENFERMERIA,CONTROL TENSION ARTERIAL,165,
QUINTA FERRE,2024-04-01,4,2024,4,ENFERMERIA,TEMPERATURA,10,
QUINTA FERRE,2024-04-01,4,2024,4,ENFERMERIA,GLUCEMIA,40,
QUINTA FERRE,2024-04-01,4,2024,4,ENFERMERIA,NEBULIZACIONES,6,
QUINTA FERRE,2024-04-01,4,2024,4,ENFERMERIA,PESO Y TALLA,406,
QUINTA FERRE,2024-04-01,4,2024,4,ENFERMERIA,CURACIONES,35,
QUINTA FERRE,2024-04-01,4,2024,4,ENFERMERIA,INYECTABLES,95,
QUINTA FERRE,2024-04-01,4,2024,4,ENFERMERIA,INMUNIZACIONES,178,
DR. PIRCHI,2024-04-01,4,2024,4,ENFERMERIA,CONTROL TENSION ARTERIAL,321,
DR. PIRCHI,2024-04-01,4,2024,4,ENFERMERIA,TEMPERATURA,41,
DR. PIRCHI,2024-04-01,4,2024,4,ENFERMERIA,GLUCEMIA,50,
DR. PIRCHI,2024-04-01,4,2024,4,ENFERMERIA,NEBULIZACIONES,2,
DR. PIRCHI,2024-04-01,4,2024,4,ENFERMERIA,PESO Y TALLA,345,
DR. PIRCHI,2024-04-01,4,2024,4,ENFERMERIA,CURACIONES,26,
DR. PIRCHI,2024-04-01,4,2024,4,ENFERMERIA,INYECTABLES,51,
DR. PIRCHI,2024-04-01,4,2024,4,ENFERMERIA,INMUNIZACIONES,126,
DR MANUEL A. GONZALEZ,2024-04-01,4,2024,4,ENFERMERIA,CONTROL TENSION ARTERIAL,630,
DR MANUEL A. GONZALEZ,2024-04-01,4,2024,4,ENFERMERIA,TEMPERATURA,38,
DR MANUEL A. GONZALEZ,2024-04-01,4,2024,4,ENFERMERIA,GLUCEMIA,10,
DR MANUEL A. GONZALEZ,2024-04-01,4,2024,4,ENFERMERIA,NEBULIZACIONES,20,
DR MANUEL A. GONZALEZ,2024-04-01,4,2024,4,ENFERMERIA,PESO Y TALLA,1050,
DR MANUEL A. GONZALEZ,2024-04-01,4,2024,4,ENFERMERIA,CURACIONES,10,
DR MANUEL A. GONZALEZ,2024-04-01,4,2024,4,ENFERMERIA,INYECTABLES,64,
DR MANUEL A. GONZALEZ,2024-04-01,4,2024,4,ENFERMERIA,INMUNIZACIONES,151,
SANTA MARGARITA,2024-05-01,5,2024,4,ENFERMERIA,CONTROL TENSION ARTERIAL,100,
SANTA MARGARITA,2024-05-01,5,2024,4,ENFERMERIA,TEMPERATURA,15,
SANTA MARGARITA,2024-05-01,5,2024,4,ENFERMERIA,GLUCEMIA,15,
SANTA MARGARITA,2024-05-01,5,2024,4,ENFERMERIA,PESO Y TALLA,170,
SANTA MARGARITA,2024-05-01,5,2024,4,ENFERMERIA,CURACIONES,6,
SANTA MARGARITA,2024-05-01,5,2024,4,ENFERMERIA,INYECTABLES,25,
SANTA MARGARITA,2024-05-01,5,2024,4,ENFERMERIA,INMUNIZACIONES,32,
DR. MAURICIO OPEN,2024-05-01,5,2024,4,ENFERMERIA,CONTROL TENSION ARTERIAL,86,
DR. MAURICIO OPEN,2024-05-01,5,2024,4,ENFERMERIA,TEMPERATURA,38,
DR. MAURICIO OPEN,2024-05-01,5,2024,4,ENFERMERIA,GLUCEMIA,11,
DR. MAURICIO OPEN,2024-05-01,5,2024,4,ENFERMERIA,NEBULIZACIONES,2,
DR. MAURICIO OPEN,2024-05-01,5,2024,4,ENFERMERIA,PESO Y TALLA,158,
DR. MAURICIO OPEN,2024-05-01,5,2024,4,ENFERMERIA,CURACIONES,33,
DR. MAURICIO OPEN,2024-05-01,5,2024,4,ENFERMERIA,INYECTABLES,18,
DR. MAURICIO OPEN,2024-05-01,5,2024,4,ENFERMERIA,INMUNIZACIONES,134,
ESPERANZA,2024-05-01,5,2024,4,ENFERMERIA,CONTROL TENSION ARTERIAL,222,
ESPERANZA,2024-05-01,5,2024,4,ENFERMERIA,TEMPERATURA,22,
ESPERANZA,2024-05-01,5,2024,4,ENFERMERIA,GLUCEMIA,10,
ESPERANZA,2024-05-01,5,2024,4,ENFERMERIA,NEBULIZACIONES,12,
ESPERANZA,2024-05-01,5,2024,4,ENFERMERIA,PESO Y TALLA,677,
ESPERANZA,2024-05-01,5,2024,4,ENFERMERIA,CURACIONES,51,
ESPERANZA,2024-05-01,5,2024,4,ENFERMERIA,INYECTABLES,97,
ESPERANZA,2024-05-01,5,2024,4,ENFERMERIA,INMUNIZACIONES,166,
GDOR. ELIAS GALVAN,2024-05-01,5,2024,4,ENFERMERIA,CONTROL TENSION ARTERIAL,180,
GDOR. ELIAS GALVAN,2024-05-01,5,2024,4,ENFERMERIA,TEMPERATURA,287,
GDOR. ELIAS GALVAN,2024-05-01,5,2024,4,ENFERMERIA,GLUCEMIA,15,
GDOR. ELIAS GALVAN,2024-05-01,5,2024,4,ENFERMERIA,NEBULIZACIONES,5,
GDOR. ELIAS GALVAN,2024-05-01,5,2024,4,ENFERMERIA,PESO Y TALLA,283,
GDOR. ELIAS GALVAN,2024-05-01,5,2024,4,ENFERMERIA,CURACIONES,29,
GDOR. ELIAS GALVAN,2024-05-01,5,2024,4,ENFERMERIA,INYECTABLES,18,
GDOR. ELIAS GALVAN,2024-05-01,5,2024,4,ENFERMERIA,INMUNIZACIONES,28,
DR. ANIBAL MALVIDO,2024-05-01,5,2024,4,ENFERMERIA,CONTROL TENSION ARTERIAL,658,
DR. ANIBAL MALVIDO,2024-05-01,5,2024,4,ENFERMERIA,TEMPERATURA,58,
DR. ANIBAL MALVIDO,2024-05-01,5,2024,4,ENFERMERIA,GLUCEMIA,60,
DR. ANIBAL MALVIDO,2024-05-01,5,2024,4,ENFERMERIA,NEBULIZACIONES,20,
DR. ANIBAL MALVIDO,2024-05-01,5,2024,4,ENFERMERIA,PESO Y TALLA,1436,
DR. ANIBAL MALVIDO,2024-05-01,5,2024,4,ENFERMERIA,CURACIONES,15,
DR. ANIBAL MALVIDO,2024-05-01,5,2024,4,ENFERMERIA,SUTURAS,2,
DR. ANIBAL MALVIDO,2024-05-01,5,2024,4,ENFERMERIA,INYECTABLES,69,
RIO PARANA,2024-05-01,5,2024,4,ENFERMERIA,CONTROL TENSION ARTERIAL,200,
RIO PARANA,2024-05-01,5,2024,4,ENFERMERIA,TEMPERATURA,140,
RIO PARANA,2024-05-01,5,2024,4,ENFERMERIA,GLUCEMIA,30,
RIO PARANA,2024-05-01,5,2024,4,ENFERMERIA,PESO Y TALLA,300,
RIO PARANA,2024-05-01,5,2024,4,ENFERMERIA,CURACIONES,130,
RIO PARANA,2024-05-01,5,2024,4,ENFERMERIA,INYECTABLES,99,
RIO PARANA,2024-05-01,5,2024,4,ENFERMERIA,INMUNIZACIONES,219,
MARCELINO VERA,2024-05-01,5,2024,4,ENFERMERIA,CONTROL TENSION ARTERIAL,100,
MARCELINO VERA,2024-05-01,5,2024,4,ENFERMERIA,TEMPERATURA,20,
MARCELINO VERA,2024-05-01,5,2024,4,ENFERMERIA,GLUCEMIA,5,
MARCELINO VERA,2024-05-01,5,2024,4,ENFERMERIA,PESO Y TALLA,180,
MARCELINO VERA,2024-05-01,5,2024,4,ENFERMERIA,CURACIONES,10,
MARCELINO VERA,2024-05-01,5,2024,4,ENFERMERIA,INYECTABLES,25,
MARCELINO VERA,2024-05-01,5,2024,4,ENFERMERIA,INMUNIZACIONES,42,
DR. JOSE DE LOS REYES VIDAL,2024-05-01,5,2024,4,ENFERMERIA,CONTROL TENSION ARTERIAL,605,
DR. JOSE DE LOS REYES VIDAL,2024-05-01,5,2024,4,ENFERMERIA,TEMPERATURA,108,
DR. JOSE DE LOS REYES VIDAL,2024-05-01,5,2024,4,ENFERMERIA,GLUCEMIA,436,
DR. JOSE DE LOS REYES VIDAL,2024-05-01,5,2024,4,ENFERMERIA,PESO Y TALLA,809,
DR. JOSE DE LOS REYES VIDAL,2024-05-01,5,2024,4,ENFERMERIA,CURACIONES,105,
DR. JOSE DE LOS REYES VIDAL,2024-05-01,5,2024,4,ENFERMERIA,INYECTABLES,535,
DR. JOSE DE LOS REYES VIDAL,2024-05-01,5,2024,4,ENFERMERIA,INMUNIZACIONES,54,
DR. PIRCHI,2024-05-01,5,2024,4,ENFERMERIA,CONTROL TENSION ARTERIAL,251,
DR. PIRCHI,2024-05-01,5,2024,4,ENFERMERIA,TEMPERATURA,65,
DR. PIRCHI,2024-05-01,5,2024,4,ENFERMERIA,GLUCEMIA,75,
DR. PIRCHI,2024-05-01,5,2024,4,ENFERMERIA,NEBULIZACIONES,5,
DR. PIRCHI,2024-05-01,5,2024,4,ENFERMERIA,PESO Y TALLA,369,
DR. PIRCHI,2024-05-01,5,2024,4,ENFERMERIA,CURACIONES,45,
DR. PIRCHI,2024-05-01,5,2024,4,ENFERMERIA,INYECTABLES,58,
DR. PIRCHI,2024-05-01,5,2024,4,ENFERMERIA,INMUNIZACIONES,159,
Dr. SANTIAGO LORENZO,2024-05-01,5,2024,4,ENFERMERIA,CONTROL TENSION ARTERIAL,317,
Dr. SANTIAGO LORENZO,2024-05-01,5,2024,4,ENFERMERIA,TEMPERATURA,11,
Dr. SANTIAGO LORENZO,2024-05-01,5,2024,4,ENFERMERIA,GLUCEMIA,5,
Dr. SANTIAGO LORENZO,2024-05-01,5,2024,4,ENFERMERIA,PESO Y TALLA,381,
Dr. SANTIAGO LORENZO,2024-05-01,5,2024,4,ENFERMERIA,CURACIONES,7,
Dr. SANTIAGO LORENZO,2024-05-01,5,2024,4,ENFERMERIA,INYECTABLES,22,
Dr. SANTIAGO LORENZO,2024-05-01,5,2024,4,ENFERMERIA,INMUNIZACIONES,186,
Dr. SANTIAGO LORENZO,2024-05-01,5,2024,4,ENFERMERIA,PAP,5,
Dr. SANTIAGO LORENZO,2024-05-01,5,2024,4,ENFERMERIA,IMPLANTE SUBDERMICO,4,
PUJOL,2024-05-01,5,2024,4,ENFERMERIA,CONTROL TENSION ARTERIAL,135,
PUJOL,2024-05-01,5,2024,4,ENFERMERIA,TEMPERATURA,59,
PUJOL,2024-05-01,5,2024,4,ENFERMERIA,GLUCEMIA,23,
PUJOL,2024-05-01,5,2024,4,ENFERMERIA,NEBULIZACIONES,45,
PUJOL,2024-05-01,5,2024,4,ENFERMERIA,PESO Y TALLA,473,
PUJOL,2024-05-01,5,2024,4,ENFERMERIA,CURACIONES,23,
PUJOL,2024-05-01,5,2024,4,ENFERMERIA,INYECTABLES,104,
PUJOL,2024-05-01,5,2024,4,ENFERMERIA,INMUNIZACIONES,52,
DR. BENJAMIN SERRANO,2024-05-01,5,2024,4,ENFERMERIA,CONTROL TENSION ARTERIAL,293,
DR. BENJAMIN SERRANO,2024-05-01,5,2024,4,ENFERMERIA,TEMPERATURA,67,
DR. BENJAMIN SERRANO,2024-05-01,5,2024,4,ENFERMERIA,GLUCEMIA,32,
DR. BENJAMIN SERRANO,2024-05-01,5,2024,4,ENFERMERIA,PESO Y TALLA,443,
DR. BENJAMIN SERRANO,2024-05-01,5,2024,4,ENFERMERIA,CURACIONES,44,
DR. BENJAMIN SERRANO,2024-05-01,5,2024,4,ENFERMERIA,SUTURAS,2,
DR. BENJAMIN SERRANO,2024-05-01,5,2024,4,ENFERMERIA,INYECTABLES,77,
DR. BENJAMIN SERRANO,2024-05-01,5,2024,4,ENFERMERIA,INMUNIZACIONES,109,
GÜEMES,2024-05-01,5,2024,4,ENFERMERIA,CONTROL SIGNOS VITALES,758,
GÜEMES,2024-05-01,5,2024,4,ENFERMERIA,TEMPERATURA,158,
GÜEMES,2024-05-01,5,2024,4,ENFERMERIA,GLUCEMIA,6,
GÜEMES,2024-05-01,5,2024,4,ENFERMERIA,PESO Y TALLA,8,
GÜEMES,2024-05-01,5,2024,4,ENFERMERIA,NEBULIZACIONES,1190,
GÜEMES,2024-05-01,5,2024,4,ENFERMERIA,CURACIONES,59,
GÜEMES,2024-05-01,5,2024,4,ENFERMERIA,INYECTABLES,78,
GÜEMES,2024-05-01,5,2024,4,ENFERMERIA,INMUNIZACIONES,202,
DR. ALBERTO LIFSCHITZ,2024-05-01,5,2024,4,ENFERMERIA,CONTROL TENSION ARTERIAL,245,
DR. ALBERTO LIFSCHITZ,2024-05-01,5,2024,4,ENFERMERIA,TEMPERATURA,34,
DR. ALBERTO LIFSCHITZ,2024-05-01,5,2024,4,ENFERMERIA,GLUCEMIA,7,
DR. ALBERTO LIFSCHITZ,2024-05-01,5,2024,4,ENFERMERIA,PESO Y TALLA,784,
DR. ALBERTO LIFSCHITZ,2024-05-01,5,2024,4,ENFERMERIA,CURACIONES,18,
DR. ALBERTO LIFSCHITZ,2024-05-01,5,2024,4,ENFERMERIA,INYECTABLES,130,
DR. ALBERTO LIFSCHITZ,2024-05-01,5,2024,4,ENFERMERIA,INMUNIZACIONES,117,
DR. KORIMBLUM,2024-05-01,5,2024,4,ENFERMERIA,CONTROL TENSION ARTERIAL,46,
DR. KORIMBLUM,2024-05-01,5,2024,4,ENFERMERIA,PESO Y TALLA,270,
DR. KORIMBLUM,2024-05-01,5,2024,4,ENFERMERIA,CURACIONES,6,
DR. KORIMBLUM,2024-05-01,5,2024,4,ENFERMERIA,INYECTABLES,15,
DR. KORIMBLUM,2024-05-01,5,2024,4,ENFERMERIA,INMUNIZACIONES,50,
SAPUCAY,2024-05-01,5,2024,4,ENFERMERIA,CONTROL TENSION ARTERIAL,280,
SAPUCAY,2024-05-01,5,2024,4,ENFERMERIA,TEMPERATURA,100,
SAPUCAY,2024-05-01,5,2024,4,ENFERMERIA,GLUCEMIA,90,
SAPUCAY,2024-05-01,5,2024,4,ENFERMERIA,NEBULIZACIONES,15,
SAPUCAY,2024-05-01,5,2024,4,ENFERMERIA,PESO Y TALLA,500,
SAPUCAY,2024-05-01,5,2024,4,ENFERMERIA,CURACIONES,85,
SAPUCAY,2024-05-01,5,2024,4,ENFERMERIA,INYECTABLES,75,
SAPUCAY,2024-05-01,5,2024,4,ENFERMERIA,INMUNIZACIONES,95,
Dr. CALMANASH,2024-05-01,5,2024,4,ENFERMERIA,CONTROL TENSION ARTERIAL,47,
Dr. CALMANASH,2024-05-01,5,2024,4,ENFERMERIA,TEMPERATURA,12,
Dr. CALMANASH,2024-05-01,5,2024,4,ENFERMERIA,NEBULIZACIONES,18,
Dr. CALMANASH,2024-05-01,5,2024,4,ENFERMERIA,PESO Y TALLA,96,
Dr. CALMANASH,2024-05-01,5,2024,4,ENFERMERIA,CURACIONES,20,
Dr. CALMANASH,2024-05-01,5,2024,4,ENFERMERIA,INYECTABLES,87,
Dr. CALMANASH,2024-05-01,5,2024,4,ENFERMERIA,INMUNIZACIONES,61,
ITATI,2024-05-01,5,2024,4,ENFERMERIA,CONTROL TENSION ARTERIAL,400,
ITATI,2024-05-01,5,2024,4,ENFERMERIA,TEMPERATURA,45,
ITATI,2024-05-01,5,2024,4,ENFERMERIA,GLUCEMIA,20,
ITATI,2024-05-01,5,2024,4,ENFERMERIA,NEBULIZACIONES,25,
ITATI,2024-05-01,5,2024,4,ENFERMERIA,PESO Y TALLA,550,
ITATI,2024-05-01,5,2024,4,ENFERMERIA,CURACIONES,30,
ITATI,2024-05-01,5,2024,4,ENFERMERIA,SUTURAS,15,
ITATI,2024-05-01,5,2024,4,ENFERMERIA,INYECTABLES,85,
ITATI,2024-05-01,5,2024,4,ENFERMERIA,INMUNIZACIONES,108,
SANTA MARTA,2024-05-01,5,2024,4,ENFERMERIA,CONTROL TENSION ARTERIAL,95,
SANTA MARTA,2024-05-01,5,2024,4,ENFERMERIA,TEMPERATURA,21,
SANTA MARTA,2024-05-01,5,2024,4,ENFERMERIA,GLUCEMIA,21,
SANTA MARTA,2024-05-01,5,2024,4,ENFERMERIA,PESO Y TALLA,388,
SANTA MARTA,2024-05-01,5,2024,4,ENFERMERIA,CURACIONES,50,
SANTA MARTA,2024-05-01,5,2024,4,ENFERMERIA,INYECTABLES,54,
SANTA MARTA,2024-05-01,5,2024,4,ENFERMERIA,INMUNIZACIONES,194,
QUINTA FERRE,2024-05-01,5,2024,4,ENFERMERIA,CONTROL TENSION ARTERIAL,193,
QUINTA FERRE,2024-05-01,5,2024,4,ENFERMERIA,TEMPERATURA,9,
QUINTA FERRE,2024-05-01,5,2024,4,ENFERMERIA,GLUCEMIA,58,
QUINTA FERRE,2024-05-01,5,2024,4,ENFERMERIA,NEBULIZACIONES,8,
QUINTA FERRE,2024-05-01,5,2024,4,ENFERMERIA,PESO Y TALLA,382,
QUINTA FERRE,2024-05-01,5,2024,4,ENFERMERIA,CURACIONES,85,
QUINTA FERRE,2024-05-01,5,2024,4,ENFERMERIA,INYECTABLES,116,
QUINTA FERRE,2024-05-01,5,2024,4,ENFERMERIA,INMUNIZACIONES,153,
VILLA GARCIA,2024-05-01,5,2024,4,ENFERMERIA,CONTROL TENSION ARTERIAL,99,
VILLA GARCIA,2024-05-01,5,2024,4,ENFERMERIA,TEMPERATURA,25,
VILLA GARCIA,2024-05-01,5,2024,4,ENFERMERIA,GLUCEMIA,6,
VILLA GARCIA,2024-05-01,5,2024,4,ENFERMERIA,NEBULIZACIONES,2,
VILLA GARCIA,2024-05-01,5,2024,4,ENFERMERIA,PESO Y TALLA,382,
VILLA GARCIA,2024-05-01,5,2024,4,ENFERMERIA,CURACIONES,5,
VILLA GARCIA,2024-05-01,5,2024,4,ENFERMERIA,INYECTABLES,47,
VILLA GARCIA,2024-05-01,5,2024,4,ENFERMERIA,INMUNIZACIONES,138,
DR. FLIER,2024-05-01,5,2024,4,ENFERMERIA,CONTROL TENSION ARTERIAL,110,
DR. FLIER,2024-05-01,5,2024,4,ENFERMERIA,TEMPERATURA,115,
DR. FLIER,2024-05-01,5,2024,4,ENFERMERIA,NEBULIZACIONES,100,
DR. FLIER,2024-05-01,5,2024,4,ENFERMERIA,PESO Y TALLA,136,
DR. FLIER,2024-05-01,5,2024,4,ENFERMERIA,CURACIONES,90,
DR. FLIER,2024-05-01,5,2024,4,ENFERMERIA,INYECTABLES,116,
DR. FLIER,2024-05-01,5,2024,4,ENFERMERIA,INMUNIZACIONES,57,
SAN MARCOS,2024-05-01,5,2024,4,ENFERMERIA,CONTROL TENSION ARTERIAL,133,
SAN MARCOS,2024-05-01,5,2024,4,ENFERMERIA,TEMPERATURA,5,
SAN MARCOS,2024-05-01,5,2024,4,ENFERMERIA,GLUCEMIA,11,
SAN MARCOS,2024-05-01,5,2024,4,ENFERMERIA,PESO Y TALLA,444,
SAN MARCOS,2024-05-01,5,2024,4,ENFERMERIA,CURACIONES,14,
SAN MARCOS,2024-05-01,5,2024,4,ENFERMERIA,INYECTABLES,31,
SAN MARCOS,2024-05-01,5,2024,4,ENFERMERIA,INMUNIZACIONES,71,
DR. CHERCOFF,2024-05-01,5,2024,4,ENFERMERIA,CONTROL TENSION ARTERIAL,215,
DR. CHERCOFF,2024-05-01,5,2024,4,ENFERMERIA,TEMPERATURA,182,
DR. CHERCOFF,2024-05-01,5,2024,4,ENFERMERIA,GLUCEMIA,8,
DR. CHERCOFF,2024-05-01,5,2024,4,ENFERMERIA,NEBULIZACIONES,10,
DR. CHERCOFF,2024-05-01,5,2024,4,ENFERMERIA,PESO Y TALLA,200,
DR. CHERCOFF,2024-05-01,5,2024,4,ENFERMERIA,CURACIONES,43,
DR. CHERCOFF,2024-05-01,5,2024,4,ENFERMERIA,INYECTABLES,67,
DR. CHERCOFF,2024-05-01,5,2024,4,ENFERMERIA,INMUNIZACIONES,51,
PASO MARTINEZ,2024-05-01,5,2024,4,ENFERMERIA,CONTROL TENSION ARTERIAL,9,
PASO MARTINEZ,2024-05-01,5,2024,4,ENFERMERIA,PESO Y TALLA,10,
PASO MARTINEZ,2024-05-01,5,2024,4,ENFERMERIA,INYECTABLES,4,
RIO PARANA,2024-06-01,6,2024,4,ENFERMERIA,CONTROL TENSION ARTERIAL,200,
RIO PARANA,2024-06-01,6,2024,4,ENFERMERIA,TEMPERATURA,110,
RIO PARANA,2024-06-01,6,2024,4,ENFERMERIA,GLUCEMIA,15,
RIO PARANA,2024-06-01,6,2024,4,ENFERMERIA,PESO Y TALLA,282,
RIO PARANA,2024-06-01,6,2024,4,ENFERMERIA,CURACIONES,80,
RIO PARANA,2024-06-01,6,2024,4,ENFERMERIA,INYECTABLES,92,
RIO PARANA,2024-06-01,6,2024,4,ENFERMERIA,INMUNIZACIONES,175,
ESPERANZA,2024-06-01,6,2024,4,ENFERMERIA,CONTROL TENSION ARTERIAL,250,
ESPERANZA,2024-06-01,6,2024,4,ENFERMERIA,TEMPERATURA,64,
ESPERANZA,2024-06-01,6,2024,4,ENFERMERIA,GLUCEMIA,5,
ESPERANZA,2024-06-01,6,2024,4,ENFERMERIA,NEBULIZACIONES,14,
ESPERANZA,2024-06-01,6,2024,4,ENFERMERIA,PESO Y TALLA,399,
ESPERANZA,2024-06-01,6,2024,4,ENFERMERIA,CURACIONES,44,
ESPERANZA,2024-06-01,6,2024,4,ENFERMERIA,INYECTABLES,73,
ESPERANZA,2024-06-01,6,2024,4,ENFERMERIA,INMUNIZACIONES,111,
DR. JOSE DE LOS REYES VIDAL,2024-06-01,6,2024,4,ENFERMERIA,CONTROL TENSION ARTERIAL,210,
DR. JOSE DE LOS REYES VIDAL,2024-06-01,6,2024,4,ENFERMERIA,TEMPERATURA,30,
DR. JOSE DE LOS REYES VIDAL,2024-06-01,6,2024,4,ENFERMERIA,GLUCEMIA,230,
DR. JOSE DE LOS REYES VIDAL,2024-06-01,6,2024,4,ENFERMERIA,PESO Y TALLA,565,
DR. JOSE DE LOS REYES VIDAL,2024-06-01,6,2024,4,ENFERMERIA,CURACIONES,30,
DR. JOSE DE LOS REYES VIDAL,2024-06-01,6,2024,4,ENFERMERIA,INYECTABLES,143,
DR. JOSE DE LOS REYES VIDAL,2024-06-01,6,2024,4,ENFERMERIA,INMUNIZACIONES,43,
MARCELINO VERA,2024-06-01,6,2024,4,ENFERMERIA,CONTROL TENSION ARTERIAL,100,
MARCELINO VERA,2024-06-01,6,2024,4,ENFERMERIA,TEMPERATURA,25,
MARCELINO VERA,2024-06-01,6,2024,4,ENFERMERIA,GLUCEMIA,5,
MARCELINO VERA,2024-06-01,6,2024,4,ENFERMERIA,PESO Y TALLA,100,
MARCELINO VERA,2024-06-01,6,2024,4,ENFERMERIA,CURACIONES,10,
MARCELINO VERA,2024-06-01,6,2024,4,ENFERMERIA,INYECTABLES,25,
MARCELINO VERA,2024-06-01,6,2024,4,ENFERMERIA,INMUNIZACIONES,24,
PUJOL,2024-06-01,6,2024,4,ENFERMERIA,CONTROL TENSION ARTERIAL,105,
PUJOL,2024-06-01,6,2024,4,ENFERMERIA,TEMPERATURA,46,
PUJOL,2024-06-01,6,2024,4,ENFERMERIA,GLUCEMIA,19,
PUJOL,2024-06-01,6,2024,4,ENFERMERIA,NEBULIZACIONES,36,
PUJOL,2024-06-01,6,2024,4,ENFERMERIA,PESO Y TALLA,343,
PUJOL,2024-06-01,6,2024,4,ENFERMERIA,CURACIONES,17,
PUJOL,2024-06-01,6,2024,4,ENFERMERIA,INYECTABLES,58,
PUJOL,2024-06-01,6,2024,4,ENFERMERIA,INMUNIZACIONES,54,
Dr. CALMANASH,2024-06-01,6,2024,4,ENFERMERIA,CONTROL TENSION ARTERIAL,122,
Dr. CALMANASH,2024-06-01,6,2024,4,ENFERMERIA,TEMPERATURA,13,
Dr. CALMANASH,2024-06-01,6,2024,4,ENFERMERIA,NEBULIZACIONES,23,
Dr. CALMANASH,2024-06-01,6,2024,4,ENFERMERIA,PESO Y TALLA,138,
Dr. CALMANASH,2024-06-01,6,2024,4,ENFERMERIA,CURACIONES,12,
Dr. CALMANASH,2024-06-01,6,2024,4,ENFERMERIA,INYECTABLES,58,
Dr. CALMANASH,2024-06-01,6,2024,4,ENFERMERIA,INMUNIZACIONES,28,
DR. BENJAMIN SERRANO,2024-06-01,6,2024,4,ENFERMERIA,CONTROL TENSION ARTERIAL,218,
DR. BENJAMIN SERRANO,2024-06-01,6,2024,4,ENFERMERIA,TEMPERATURA,30,
DR. BENJAMIN SERRANO,2024-06-01,6,2024,4,ENFERMERIA,GLUCEMIA,14,
DR. BENJAMIN SERRANO,2024-06-01,6,2024,4,ENFERMERIA,PESO Y TALLA,267,
DR. BENJAMIN SERRANO,2024-06-01,6,2024,4,ENFERMERIA,CURACIONES,32,
DR. BENJAMIN SERRANO,2024-06-01,6,2024,4,ENFERMERIA,INYECTABLES,49,
DR. BENJAMIN SERRANO,2024-06-01,6,2024,4,ENFERMERIA,INMUNIZACIONES,128,
DR. MAURICIO OPEN,2024-06-01,6,2024,4,ENFERMERIA,CONTROL TENSION ARTERIAL,59,
DR. MAURICIO OPEN,2024-06-01,6,2024,4,ENFERMERIA,TEMPERATURA,35,
DR. MAURICIO OPEN,2024-06-01,6,2024,4,ENFERMERIA,GLUCEMIA,7,
DR. MAURICIO OPEN,2024-06-01,6,2024,4,ENFERMERIA,PESO Y TALLA,105,
DR. MAURICIO OPEN,2024-06-01,6,2024,4,ENFERMERIA,CURACIONES,7,
DR. MAURICIO OPEN,2024-06-01,6,2024,4,ENFERMERIA,INYECTABLES,30,
DR. MAURICIO OPEN,2024-06-01,6,2024,4,ENFERMERIA,INMUNIZACIONES,78,
DR. ANIBAL MALVIDO,2024-06-01,6,2024,4,ENFERMERIA,CONTROL TENSION ARTERIAL,559,
DR. ANIBAL MALVIDO,2024-06-01,6,2024,4,ENFERMERIA,TEMPERATURA,108,
DR. ANIBAL MALVIDO,2024-06-01,6,2024,4,ENFERMERIA,NEBULIZACIONES,4,
DR. ANIBAL MALVIDO,2024-06-01,6,2024,4,ENFERMERIA,PESO Y TALLA,1109,
DR. ANIBAL MALVIDO,2024-06-01,6,2024,4,ENFERMERIA,CURACIONES,10,
DR. ANIBAL MALVIDO,2024-06-01,6,2024,4,ENFERMERIA,SUTURAS,1,
DR. ANIBAL MALVIDO,2024-06-01,6,2024,4,ENFERMERIA,INYECTABLES,86,
DR. ANIBAL MALVIDO,2024-06-01,6,2024,4,ENFERMERIA,INMUNIZACIONES,251,
VILLA GARCIA,2024-06-01,6,2024,4,ENFERMERIA,CONTROL TENSION ARTERIAL,62,
VILLA GARCIA,2024-06-01,6,2024,4,ENFERMERIA,TEMPERATURA,51,
VILLA GARCIA,2024-06-01,6,2024,4,ENFERMERIA,GLUCEMIA,28,
VILLA GARCIA,2024-06-01,6,2024,4,ENFERMERIA,PESO Y TALLA,299,
VILLA GARCIA,2024-06-01,6,2024,4,ENFERMERIA,CURACIONES,5,
VILLA GARCIA,2024-06-01,6,2024,4,ENFERMERIA,INYECTABLES,43,
VILLA GARCIA,2024-06-01,6,2024,4,ENFERMERIA,INMUNIZACIONES,90,
ITATI,2024-06-01,6,2024,4,ENFERMERIA,CONTROL TENSION ARTERIAL,178,
ITATI,2024-06-01,6,2024,4,ENFERMERIA,TEMPERATURA,20,
ITATI,2024-06-01,6,2024,4,ENFERMERIA,GLUCEMIA,15,
ITATI,2024-06-01,6,2024,4,ENFERMERIA,NEBULIZACIONES,10,
ITATI,2024-06-01,6,2024,4,ENFERMERIA,PESO Y TALLA,413,
ITATI,2024-06-01,6,2024,4,ENFERMERIA,CURACIONES,16,
ITATI,2024-06-01,6,2024,4,ENFERMERIA,INYECTABLES,35,
ITATI,2024-06-01,6,2024,4,ENFERMERIA,INMUNIZACIONES,70,
ITATI,2024-06-01,6,2024,4,ENFERMERIA,PAP,6,
ITATI,2024-06-01,6,2024,4,ENFERMERIA,IMPLANTE SUBDERMICO,5,
ITATI,2024-06-01,6,2024,4,ENFERMERIA,TEST HPV,6,
DR. PIRCHI,2024-06-01,6,2024,4,ENFERMERIA,PAP,20,
DR. PIRCHI,2024-06-01,6,2024,4,ENFERMERIA,CONTROL TENSION ARTERIAL,347,
DR. PIRCHI,2024-06-01,6,2024,4,ENFERMERIA,TEMPERATURA,49,
DR. PIRCHI,2024-06-01,6,2024,4,ENFERMERIA,GLUCEMIA,30,
DR. PIRCHI,2024-06-01,6,2024,4,ENFERMERIA,NEBULIZACIONES,9,
DR. PIRCHI,2024-06-01,6,2024,4,ENFERMERIA,PESO Y TALLA,249,
DR. PIRCHI,2024-06-01,6,2024,4,ENFERMERIA,CURACIONES,48,
DR. PIRCHI,2024-06-01,6,2024,4,ENFERMERIA,INYECTABLES,57,
DR. PIRCHI,2024-06-01,6,2024,4,ENFERMERIA,INMUNIZACIONES,43,
GÜEMES,2024-06-01,6,2024,4,ENFERMERIA,CONTROL TENSION ARTERIAL,572,
GÜEMES,2024-06-01,6,2024,4,ENFERMERIA,TEMPERATURA,232,
GÜEMES,2024-06-01,6,2024,4,ENFERMERIA,GLUCEMIA,8,
GÜEMES,2024-06-01,6,2024,4,ENFERMERIA,PESO Y TALLA,1069,
GÜEMES,2024-06-01,6,2024,4,ENFERMERIA,CURACIONES,38,
GÜEMES,2024-06-01,6,2024,4,ENFERMERIA,INMUNIZACIONES,144,
DR. KORIMBLUM,2024-06-01,6,2024,4,ENFERMERIA,CONTROL TENSION ARTERIAL,65,
DR. KORIMBLUM,2024-06-01,6,2024,4,ENFERMERIA,GLUCEMIA,14,
DR. KORIMBLUM,2024-06-01,6,2024,4,ENFERMERIA,PESO Y TALLA,267,
DR. KORIMBLUM,2024-06-01,6,2024,4,ENFERMERIA,CURACIONES,9,
DR. KORIMBLUM,2024-06-01,6,2024,4,ENFERMERIA,INYECTABLES,17,
DR. KORIMBLUM,2024-06-01,6,2024,4,ENFERMERIA,INMUNIZACIONES,43,
SANTA MARGARITA,2024-06-01,6,2024,4,ENFERMERIA,CONTROL TENSION ARTERIAL,170,
SANTA MARGARITA,2024-06-01,6,2024,4,ENFERMERIA,TEMPERATURA,35,
SANTA MARGARITA,2024-06-01,6,2024,4,ENFERMERIA,GLUCEMIA,15,
SANTA MARGARITA,2024-06-01,6,2024,4,ENFERMERIA,PESO Y TALLA,185,
SANTA MARGARITA,2024-06-01,6,2024,4,ENFERMERIA,CURACIONES,20,
SANTA MARGARITA,2024-06-01,6,2024,4,ENFERMERIA,INYECTABLES,45,
SANTA MARGARITA,2024-06-01,6,2024,4,ENFERMERIA,INMUNIZACIONES,28,
QUINTA FERRE,2024-06-01,6,2024,4,ENFERMERIA,CONTROL TENSION ARTERIAL,106,
QUINTA FERRE,2024-06-01,6,2024,4,ENFERMERIA,TEMPERATURA,20,
QUINTA FERRE,2024-06-01,6,2024,4,ENFERMERIA,GLUCEMIA,30,
QUINTA FERRE,2024-06-01,6,2024,4,ENFERMERIA,NEBULIZACIONES,8,
QUINTA FERRE,2024-06-01,6,2024,4,ENFERMERIA,PESO Y TALLA,28,
QUINTA FERRE,2024-06-01,6,2024,4,ENFERMERIA,CURACIONES,16,
QUINTA FERRE,2024-06-01,6,2024,4,ENFERMERIA,INYECTABLES,100,
QUINTA FERRE,2024-06-01,6,2024,4,ENFERMERIA,INMUNIZACIONES,67,
SAPUCAY,2024-06-01,6,2024,4,ENFERMERIA,CONTROL TENSION ARTERIAL,350,
SAPUCAY,2024-06-01,6,2024,4,ENFERMERIA,TEMPERATURA,90,
SAPUCAY,2024-06-01,6,2024,4,ENFERMERIA,GLUCEMIA,60,
SAPUCAY,2024-06-01,6,2024,4,ENFERMERIA,NEBULIZACIONES,25,
SAPUCAY,2024-06-01,6,2024,4,ENFERMERIA,PESO Y TALLA,400,
SAPUCAY,2024-06-01,6,2024,4,ENFERMERIA,CURACIONES,70,
SAPUCAY,2024-06-01,6,2024,4,ENFERMERIA,INYECTABLES,70,
SAPUCAY,2024-06-01,6,2024,4,ENFERMERIA,INMUNIZACIONES,59,
Dr. SANTIAGO LORENZO,2024-06-01,6,2024,4,ENFERMERIA,CONTROL TENSION ARTERIAL,327,
Dr. SANTIAGO LORENZO,2024-06-01,6,2024,4,ENFERMERIA,TEMPERATURA,25,
Dr. SANTIAGO LORENZO,2024-06-01,6,2024,4,ENFERMERIA,GLUCEMIA,8,
Dr. SANTIAGO LORENZO,2024-06-01,6,2024,4,ENFERMERIA,NEBULIZACIONES,1,
Dr. SANTIAGO LORENZO,2024-06-01,6,2024,4,ENFERMERIA,PESO Y TALLA,404,
Dr. SANTIAGO LORENZO,2024-06-01,6,2024,4,ENFERMERIA,CURACIONES,9,
Dr. SANTIAGO LORENZO,2024-06-01,6,2024,4,ENFERMERIA,INYECTABLES,43,
Dr. SANTIAGO LORENZO,2024-06-01,6,2024,4,ENFERMERIA,INMUNIZACIONES,131,
DR. CHERCOFF,2024-06-01,6,2024,4,ENFERMERIA,CONTROL TENSION ARTERIAL,227,
DR. CHERCOFF,2024-06-01,6,2024,4,ENFERMERIA,TEMPERATURA,219,
DR. CHERCOFF,2024-06-01,6,2024,4,ENFERMERIA,GLUCEMIA,8,
DR. CHERCOFF,2024-06-01,6,2024,4,ENFERMERIA,NEBULIZACIONES,10,
DR. CHERCOFF,2024-06-01,6,2024,4,ENFERMERIA,PESO Y TALLA,220,
DR. CHERCOFF,2024-06-01,6,2024,4,ENFERMERIA,CURACIONES,39,
DR. CHERCOFF,2024-06-01,6,2024,4,ENFERMERIA,INYECTABLES,70,
DR. CHERCOFF,2024-06-01,6,2024,4,ENFERMERIA,INMUNIZACIONES,21,
DR. FLIER,2024-06-01,6,2024,4,ENFERMERIA,CONTROL TENSION ARTERIAL,163,
DR. FLIER,2024-06-01,6,2024,4,ENFERMERIA,TEMPERATURA,100,
DR. FLIER,2024-06-01,6,2024,4,ENFERMERIA,GLUCEMIA,47,
DR. FLIER,2024-06-01,6,2024,4,ENFERMERIA,NEBULIZACIONES,110,
DR. FLIER,2024-06-01,6,2024,4,ENFERMERIA,PESO Y TALLA,237,
DR. FLIER,2024-06-01,6,2024,4,ENFERMERIA,CURACIONES,70,
DR. FLIER,2024-06-01,6,2024,4,ENFERMERIA,INYECTABLES,90,
DR. FLIER,2024-06-01,6,2024,4,ENFERMERIA,INMUNIZACIONES,51,
SAN MARCOS,2024-06-01,6,2024,4,ENFERMERIA,CONTROL TENSION ARTERIAL,108,
SAN MARCOS,2024-06-01,6,2024,4,ENFERMERIA,TEMPERATURA,29,
SAN MARCOS,2024-06-01,6,2024,4,ENFERMERIA,GLUCEMIA,4,
SAN MARCOS,2024-06-01,6,2024,4,ENFERMERIA,NEBULIZACIONES,3,
SAN MARCOS,2024-06-01,6,2024,4,ENFERMERIA,PESO Y TALLA,365,
SAN MARCOS,2024-06-01,6,2024,4,ENFERMERIA,CURACIONES,13,
SAN MARCOS,2024-06-01,6,2024,4,ENFERMERIA,INYECTABLES,25,
SAN MARCOS,2024-06-01,6,2024,4,ENFERMERIA,INMUNIZACIONES,60,
SANTA MARTA,2024-06-01,6,2024,4,ENFERMERIA,CONTROL TENSION ARTERIAL,94,
SANTA MARTA,2024-06-01,6,2024,4,ENFERMERIA,TEMPERATURA,50,
SANTA MARTA,2024-06-01,6,2024,4,ENFERMERIA,GLUCEMIA,9,
SANTA MARTA,2024-06-01,6,2024,4,ENFERMERIA,PESO Y TALLA,162,
SANTA MARTA,2024-06-01,6,2024,4,ENFERMERIA,CURACIONES,22,
SANTA MARTA,2024-06-01,6,2024,4,ENFERMERIA,INYECTABLES,32,
SANTA MARTA,2024-06-01,6,2024,4,ENFERMERIA,INMUNIZACIONES,125,
DR. ALBERTO LIFSCHITZ,2024-06-01,6,2024,4,ENFERMERIA,CONTROL TENSION ARTERIAL,180,
DR. ALBERTO LIFSCHITZ,2024-06-01,6,2024,4,ENFERMERIA,TEMPERATURA,20,
DR. ALBERTO LIFSCHITZ,2024-06-01,6,2024,4,ENFERMERIA,NEBULIZACIONES,5,
DR. ALBERTO LIFSCHITZ,2024-06-01,6,2024,4,ENFERMERIA,PESO Y TALLA,550,
DR. ALBERTO LIFSCHITZ,2024-06-01,6,2024,4,ENFERMERIA,CURACIONES,13,
DR. ALBERTO LIFSCHITZ,2024-06-01,6,2024,4,ENFERMERIA,INYECTABLES,98,
DR. ALBERTO LIFSCHITZ,2024-06-01,6,2024,4,ENFERMERIA,INMUNIZACIONES,71,
MARCELINO VERA,2024-07-01,7,2024,4,ENFERMERIA,CONTROL TENSION ARTERIAL,100,
MARCELINO VERA,2024-07-01,7,2024,4,ENFERMERIA,TEMPERATURA,25,
MARCELINO VERA,2024-07-01,7,2024,4,ENFERMERIA,GLUCEMIA,10,
MARCELINO VERA,2024-07-01,7,2024,4,ENFERMERIA,PESO Y TALLA,50,
MARCELINO VERA,2024-07-01,7,2024,4,ENFERMERIA,CURACIONES,10,
MARCELINO VERA,2024-07-01,7,2024,4,ENFERMERIA,INYECTABLES,25,
MARCELINO VERA,2024-07-01,7,2024,4,ENFERMERIA,INMUNIZACIONES,16,
GDOR. ELIAS GALVAN,2024-07-01,7,2024,4,ENFERMERIA,CONTROL TENSION ARTERIAL,168,
GDOR. ELIAS GALVAN,2024-07-01,7,2024,4,ENFERMERIA,TEMPERATURA,168,
GDOR. ELIAS GALVAN,2024-07-01,7,2024,4,ENFERMERIA,GLUCEMIA,2,
GDOR. ELIAS GALVAN,2024-07-01,7,2024,4,ENFERMERIA,NEBULIZACIONES,16,
GDOR. ELIAS GALVAN,2024-07-01,7,2024,4,ENFERMERIA,PESO Y TALLA,168,
GDOR. ELIAS GALVAN,2024-07-01,7,2024,4,ENFERMERIA,CURACIONES,31,
GDOR. ELIAS GALVAN,2024-07-01,7,2024,4,ENFERMERIA,INYECTABLES,12,
GDOR. ELIAS GALVAN,2024-07-01,7,2024,4,ENFERMERIA,INMUNIZACIONES,9,
DR. JOSE DE LOS REYES VIDAL,2024-07-01,7,2024,4,ENFERMERIA,CONTROL TENSION ARTERIAL,150,
DR. JOSE DE LOS REYES VIDAL,2024-07-01,7,2024,4,ENFERMERIA,TEMPERATURA,20,
DR. JOSE DE LOS REYES VIDAL,2024-07-01,7,2024,4,ENFERMERIA,GLUCEMIA,100,
DR. JOSE DE LOS REYES VIDAL,2024-07-01,7,2024,4,ENFERMERIA,PESO Y TALLA,235,
DR. JOSE DE LOS REYES VIDAL,2024-07-01,7,2024,4,ENFERMERIA,CURACIONES,30,
DR. JOSE DE LOS REYES VIDAL,2024-07-01,7,2024,4,ENFERMERIA,INYECTABLES,89,
ESPERANZA,2024-07-01,7,2024,4,ENFERMERIA,CONTROL TENSION ARTERIAL,582,
ESPERANZA,2024-07-01,7,2024,4,ENFERMERIA,TEMPERATURA,58,
ESPERANZA,2024-07-01,7,2024,4,ENFERMERIA,GLUCEMIA,48,
ESPERANZA,2024-07-01,7,2024,4,ENFERMERIA,NEBULIZACIONES,72,
ESPERANZA,2024-07-01,7,2024,4,ENFERMERIA,PESO Y TALLA,568,
ESPERANZA,2024-07-01,7,2024,4,ENFERMERIA,CURACIONES,82,
ESPERANZA,2024-07-01,7,2024,4,ENFERMERIA,INYECTABLES,120,
ESPERANZA,2024-07-01,7,2024,4,ENFERMERIA,INMUNIZACIONES,156,
DR. BENJAMIN SERRANO,2024-07-01,7,2024,4,ENFERMERIA,CONTROL TENSION ARTERIAL,236,
DR. BENJAMIN SERRANO,2024-07-01,7,2024,4,ENFERMERIA,TEMPERATURA,26,
DR. BENJAMIN SERRANO,2024-07-01,7,2024,4,ENFERMERIA,GLUCEMIA,13,
DR. BENJAMIN SERRANO,2024-07-01,7,2024,4,ENFERMERIA,PESO Y TALLA,316,
DR. BENJAMIN SERRANO,2024-07-01,7,2024,4,ENFERMERIA,CURACIONES,30,
DR. BENJAMIN SERRANO,2024-07-01,7,2024,4,ENFERMERIA,INYECTABLES,69,
DR. BENJAMIN SERRANO,2024-07-01,7,2024,4,ENFERMERIA,INMUNIZACIONES,110,
PASO MARTINEZ,2024-07-01,7,2024,4,ENFERMERIA,CONTROL TENSION ARTERIAL,12,
PASO MARTINEZ,2024-07-01,7,2024,4,ENFERMERIA,GLUCEMIA,2,
PASO MARTINEZ,2024-07-01,7,2024,4,ENFERMERIA,PESO Y TALLA,7,
PASO MARTINEZ,2024-07-01,7,2024,4,ENFERMERIA,INYECTABLES,3,
PUJOL,2024-07-01,7,2024,4,ENFERMERIA,CONTROL TENSION ARTERIAL,110,
PUJOL,2024-07-01,7,2024,4,ENFERMERIA,TEMPERATURA,28,
PUJOL,2024-07-01,7,2024,4,ENFERMERIA,GLUCEMIA,15,
PUJOL,2024-07-01,7,2024,4,ENFERMERIA,NEBULIZACIONES,19,
PUJOL,2024-07-01,7,2024,4,ENFERMERIA,PESO Y TALLA,130,
PUJOL,2024-07-01,7,2024,4,ENFERMERIA,CURACIONES,10,
PUJOL,2024-07-01,7,2024,4,ENFERMERIA,INYECTABLES,31,
PUJOL,2024-07-01,7,2024,4,ENFERMERIA,INMUNIZACIONES,54,
DR. ANIBAL MALVIDO,2024-07-01,7,2024,4,ENFERMERIA,CONTROL TENSION ARTERIAL,545,
DR. ANIBAL MALVIDO,2024-07-01,7,2024,4,ENFERMERIA,TEMPERATURA,300,
DR. ANIBAL MALVIDO,2024-07-01,7,2024,4,ENFERMERIA,GLUCEMIA,35,
DR. ANIBAL MALVIDO,2024-07-01,7,2024,4,ENFERMERIA,NEBULIZACIONES,3,
DR. ANIBAL MALVIDO,2024-07-01,7,2024,4,ENFERMERIA,PESO Y TALLA,545,
DR. ANIBAL MALVIDO,2024-07-01,7,2024,4,ENFERMERIA,CURACIONES,30,
DR. ANIBAL MALVIDO,2024-07-01,7,2024,4,ENFERMERIA,INYECTABLES,70,
DR. ANIBAL MALVIDO,2024-07-01,7,2024,4,ENFERMERIA,INMUNIZACIONES,238,
GÜEMES,2024-07-01,7,2024,4,ENFERMERIA,CONTROL TENSION ARTERIAL,478,
GÜEMES,2024-07-01,7,2024,4,ENFERMERIA,TEMPERATURA,108,
GÜEMES,2024-07-01,7,2024,4,ENFERMERIA,GLUCEMIA,22,
GÜEMES,2024-07-01,7,2024,4,ENFERMERIA,NEBULIZACIONES,4,
GÜEMES,2024-07-01,7,2024,4,ENFERMERIA,PESO Y TALLA,915,
GÜEMES,2024-07-01,7,2024,4,ENFERMERIA,CURACIONES,37,
GÜEMES,2024-07-01,7,2024,4,ENFERMERIA,INYECTABLES,55,
GÜEMES,2024-07-01,7,2024,4,ENFERMERIA,INMUNIZACIONES,84,
Dr. SANTIAGO LORENZO,2024-07-01,7,2024,4,ENFERMERIA,CONTROL TENSION ARTERIAL,149,
Dr. SANTIAGO LORENZO,2024-07-01,7,2024,4,ENFERMERIA,TEMPERATURA,7,
Dr. SANTIAGO LORENZO,2024-07-01,7,2024,4,ENFERMERIA,GLUCEMIA,13,
Dr. SANTIAGO LORENZO,2024-07-01,7,2024,4,ENFERMERIA,PESO Y TALLA,372,
Dr. SANTIAGO LORENZO,2024-07-01,7,2024,4,ENFERMERIA,CURACIONES,23,
Dr. SANTIAGO LORENZO,2024-07-01,7,2024,4,ENFERMERIA,INYECTABLES,28,
Dr. SANTIAGO LORENZO,2024-07-01,7,2024,4,ENFERMERIA,INMUNIZACIONES,130,
Dr. CALMANASH,2024-07-01,7,2024,4,ENFERMERIA,CONTROL TENSION ARTERIAL,235,
Dr. CALMANASH,2024-07-01,7,2024,4,ENFERMERIA,TEMPERATURA,10,
Dr. CALMANASH,2024-07-01,7,2024,4,ENFERMERIA,NEBULIZACIONES,20,
Dr. CALMANASH,2024-07-01,7,2024,4,ENFERMERIA,PESO Y TALLA,180,
Dr. CALMANASH,2024-07-01,7,2024,4,ENFERMERIA,CURACIONES,15,
Dr. CALMANASH,2024-07-01,7,2024,4,ENFERMERIA,INYECTABLES,135,
Dr. CALMANASH,2024-07-01,7,2024,4,ENFERMERIA,INMUNIZACIONES,39,
SAPUCAY,2024-07-01,7,2024,4,ENFERMERIA,CONTROL TENSION ARTERIAL,180,
SAPUCAY,2024-07-01,7,2024,4,ENFERMERIA,TEMPERATURA,60,
SAPUCAY,2024-07-01,7,2024,4,ENFERMERIA,GLUCEMIA,30,
SAPUCAY,2024-07-01,7,2024,4,ENFERMERIA,NEBULIZACIONES,10,
SAPUCAY,2024-07-01,7,2024,4,ENFERMERIA,PESO Y TALLA,400,
SAPUCAY,2024-07-01,7,2024,4,ENFERMERIA,CURACIONES,30,
SAPUCAY,2024-07-01,7,2024,4,ENFERMERIA,INYECTABLES,50,
SAPUCAY,2024-07-01,7,2024,4,ENFERMERIA,INMUNIZACIONES,60,
RIO PARANA,2024-07-01,7,2024,4,ENFERMERIA,CONTROL TENSION ARTERIAL,265,
RIO PARANA,2024-07-01,7,2024,4,ENFERMERIA,TEMPERATURA,100,
RIO PARANA,2024-07-01,7,2024,4,ENFERMERIA,GLUCEMIA,20,
RIO PARANA,2024-07-01,7,2024,4,ENFERMERIA,PESO Y TALLA,300,
RIO PARANA,2024-07-01,7,2024,4,ENFERMERIA,CURACIONES,62,
RIO PARANA,2024-07-01,7,2024,4,ENFERMERIA,INYECTABLES,99,
RIO PARANA,2024-07-01,7,2024,4,ENFERMERIA,INMUNIZACIONES,128,
DR. PIRCHI,2024-07-01,7,2024,4,ENFERMERIA,CONTROL TENSION ARTERIAL,311,
DR. PIRCHI,2024-07-01,7,2024,4,ENFERMERIA,TEMPERATURA,47,
DR. PIRCHI,2024-07-01,7,2024,4,ENFERMERIA,GLUCEMIA,40,
DR. PIRCHI,2024-07-01,7,2024,4,ENFERMERIA,NEBULIZACIONES,9,
DR. PIRCHI,2024-07-01,7,2024,4,ENFERMERIA,PESO Y TALLA,252,
DR. PIRCHI,2024-07-01,7,2024,4,ENFERMERIA,CURACIONES,39,
DR. PIRCHI,2024-07-01,7,2024,4,ENFERMERIA,INYECTABLES,59,
DR. PIRCHI,2024-07-01,7,2024,4,ENFERMERIA,INMUNIZACIONES,161,
DR. SEMPER,2024-07-01,7,2024,4,ENFERMERIA,CONTROL TENSION ARTERIAL,406,
DR. SEMPER,2024-07-01,7,2024,4,ENFERMERIA,TEMPERATURA,207,
DR. SEMPER,2024-07-01,7,2024,4,ENFERMERIA,GLUCEMIA,130,
DR. SEMPER,2024-07-01,7,2024,4,ENFERMERIA,NEBULIZACIONES,85,
DR. SEMPER,2024-07-01,7,2024,4,ENFERMERIA,PESO Y TALLA,560,
DR. SEMPER,2024-07-01,7,2024,4,ENFERMERIA,CURACIONES,171,
DR. SEMPER,2024-07-01,7,2024,4,ENFERMERIA,SUTURAS,4,
DR. SEMPER,2024-07-01,7,2024,4,ENFERMERIA,INYECTABLES,152,
DR. SEMPER,2024-07-01,7,2024,4,ENFERMERIA,INMUNIZACIONES,65,
DR. MAURICIO OPEN,2024-07-01,7,2024,4,ENFERMERIA,CONTROL TENSION ARTERIAL,59,
DR. MAURICIO OPEN,2024-07-01,7,2024,4,ENFERMERIA,TEMPERATURA,23,
DR. MAURICIO OPEN,2024-07-01,7,2024,4,ENFERMERIA,GLUCEMIA,13,
DR. MAURICIO OPEN,2024-07-01,7,2024,4,ENFERMERIA,NEBULIZACIONES,4,
DR. MAURICIO OPEN,2024-07-01,7,2024,4,ENFERMERIA,PESO Y TALLA,47,
DR. MAURICIO OPEN,2024-07-01,7,2024,4,ENFERMERIA,CURACIONES,23,
DR. MAURICIO OPEN,2024-07-01,7,2024,4,ENFERMERIA,INYECTABLES,17,
DR. MAURICIO OPEN,2024-07-01,7,2024,4,ENFERMERIA,INMUNIZACIONES,106,
SANTA MARTA,2024-07-01,7,2024,4,ENFERMERIA,CONTROL TENSION ARTERIAL,110,
SANTA MARTA,2024-07-01,7,2024,4,ENFERMERIA,TEMPERATURA,101,
SANTA MARTA,2024-07-01,7,2024,4,ENFERMERIA,GLUCEMIA,18,
SANTA MARTA,2024-07-01,7,2024,4,ENFERMERIA,NEBULIZACIONES,3,
SANTA MARTA,2024-07-01,7,2024,4,ENFERMERIA,PESO Y TALLA,350,
SANTA MARTA,2024-07-01,7,2024,4,ENFERMERIA,CURACIONES,42,
SANTA MARTA,2024-07-01,7,2024,4,ENFERMERIA,INYECTABLES,26,
SANTA MARTA,2024-07-01,7,2024,4,ENFERMERIA,INMUNIZACIONES,86,
VILLA GARCIA,2024-07-01,7,2024,4,ENFERMERIA,CONTROL TENSION ARTERIAL,60,
VILLA GARCIA,2024-07-01,7,2024,4,ENFERMERIA,TEMPERATURA,16,
VILLA GARCIA,2024-07-01,7,2024,4,ENFERMERIA,GLUCEMIA,8,
VILLA GARCIA,2024-07-01,7,2024,4,ENFERMERIA,NEBULIZACIONES,2,
VILLA GARCIA,2024-07-01,7,2024,4,ENFERMERIA,PESO Y TALLA,179,
VILLA GARCIA,2024-07-01,7,2024,4,ENFERMERIA,CURACIONES,9,
VILLA GARCIA,2024-07-01,7,2024,4,ENFERMERIA,INYECTABLES,25,
VILLA GARCIA,2024-07-01,7,2024,4,ENFERMERIA,INMUNIZACIONES,68,
DR. KORIMBLUM,2024-07-01,7,2024,4,ENFERMERIA,GLUCEMIA,20,
DR. KORIMBLUM,2024-07-01,7,2024,4,ENFERMERIA,PESO Y TALLA,214,
DR. KORIMBLUM,2024-07-01,7,2024,4,ENFERMERIA,CURACIONES,2,
DR. KORIMBLUM,2024-07-01,7,2024,4,ENFERMERIA,INYECTABLES,11,
DR. KORIMBLUM,2024-07-01,7,2024,4,ENFERMERIA,INMUNIZACIONES,40,
ITATI,2024-07-01,7,2024,4,ENFERMERIA,CONTROL TENSION ARTERIAL,602,
ITATI,2024-07-01,7,2024,4,ENFERMERIA,TEMPERATURA,38,
ITATI,2024-07-01,7,2024,4,ENFERMERIA,GLUCEMIA,20,
ITATI,2024-07-01,7,2024,4,ENFERMERIA,PESO Y TALLA,701,
ITATI,2024-07-01,7,2024,4,ENFERMERIA,CURACIONES,20,
ITATI,2024-07-01,7,2024,4,ENFERMERIA,SUTURAS,15,
ITATI,2024-07-01,7,2024,4,ENFERMERIA,INYECTABLES,51,
ITATI,2024-07-01,7,2024,4,ENFERMERIA,INMUNIZACIONES,61,
ITATI,2024-07-01,7,2024,4,ENFERMERIA,IMPLANTE SUBDERMICO,1,
DR. ALBERTO LIFSCHITZ,2024-07-01,7,2024,4,ENFERMERIA,CONTROL TENSION ARTERIAL,118,
DR. ALBERTO LIFSCHITZ,2024-07-01,7,2024,4,ENFERMERIA,TEMPERATURA,40,
DR. ALBERTO LIFSCHITZ,2024-07-01,7,2024,4,ENFERMERIA,GLUCEMIA,35,
DR. ALBERTO LIFSCHITZ,2024-07-01,7,2024,4,ENFERMERIA,NEBULIZACIONES,13,
DR. ALBERTO LIFSCHITZ,2024-07-01,7,2024,4,ENFERMERIA,PESO Y TALLA,499,
DR. ALBERTO LIFSCHITZ,2024-07-01,7,2024,4,ENFERMERIA,CURACIONES,20,
DR. ALBERTO LIFSCHITZ,2024-07-01,7,2024,4,ENFERMERIA,SUTURAS,10,
DR. ALBERTO LIFSCHITZ,2024-07-01,7,2024,4,ENFERMERIA,INYECTABLES,133,
DR. ALBERTO LIFSCHITZ,2024-07-01,7,2024,4,ENFERMERIA,INMUNIZACIONES,90,
SAN MARCOS,2024-07-01,7,2024,4,ENFERMERIA,CONTROL TENSION ARTERIAL,107,
SAN MARCOS,2024-07-01,7,2024,4,ENFERMERIA,TEMPERATURA,5,
SAN MARCOS,2024-07-01,7,2024,4,ENFERMERIA,GLUCEMIA,11,
SAN MARCOS,2024-07-01,7,2024,4,ENFERMERIA,NEBULIZACIONES,6,
SAN MARCOS,2024-07-01,7,2024,4,ENFERMERIA,PESO Y TALLA,398,
SAN MARCOS,2024-07-01,7,2024,4,ENFERMERIA,CURACIONES,20,
SAN MARCOS,2024-07-01,7,2024,4,ENFERMERIA,INYECTABLES,20,
SAN MARCOS,2024-07-01,7,2024,4,ENFERMERIA,INMUNIZACIONES,137,
DR. FLIER,2024-07-01,7,2024,4,ENFERMERIA,CONTROL TENSION ARTERIAL,100,
DR. FLIER,2024-07-01,7,2024,4,ENFERMERIA,TEMPERATURA,99,
DR. FLIER,2024-07-01,7,2024,4,ENFERMERIA,GLUCEMIA,45,
DR. FLIER,2024-07-01,7,2024,4,ENFERMERIA,NEBULIZACIONES,75,
DR. FLIER,2024-07-01,7,2024,4,ENFERMERIA,PESO Y TALLA,182,
DR. FLIER,2024-07-01,7,2024,4,ENFERMERIA,CURACIONES,68,
DR. FLIER,2024-07-01,7,2024,4,ENFERMERIA,INYECTABLES,102,
DR. FLIER,2024-07-01,7,2024,4,ENFERMERIA,INMUNIZACIONES,40,
MARCELINO VERA,2024-08-01,8,2024,4,ENFERMERIA,CONTROL TENSION ARTERIAL,60,
MARCELINO VERA,2024-08-01,8,2024,4,ENFERMERIA,TEMPERATURA,80,
MARCELINO VERA,2024-08-01,8,2024,4,ENFERMERIA,GLUCEMIA,10,
MARCELINO VERA,2024-08-01,8,2024,4,ENFERMERIA,PESO Y TALLA,80,
MARCELINO VERA,2024-08-01,8,2024,4,ENFERMERIA,CURACIONES,5,
MARCELINO VERA,2024-08-01,8,2024,4,ENFERMERIA,INYECTABLES,25,
MARCELINO VERA,2024-08-01,8,2024,4,ENFERMERIA,INMUNIZACIONES,20,
SANTA MARGARITA,2024-08-01,8,2024,4,ENFERMERIA,CONTROL TENSION ARTERIAL,110,
SANTA MARGARITA,2024-08-01,8,2024,4,ENFERMERIA,TEMPERATURA,20,
SANTA MARGARITA,2024-08-01,8,2024,4,ENFERMERIA,GLUCEMIA,15,
SANTA MARGARITA,2024-08-01,8,2024,4,ENFERMERIA,PESO Y TALLA,150,
SANTA MARGARITA,2024-08-01,8,2024,4,ENFERMERIA,CURACIONES,10,
SANTA MARGARITA,2024-08-01,8,2024,4,ENFERMERIA,INYECTABLES,35,
GDOR. ELIAS GALVAN,2024-08-01,8,2024,4,ENFERMERIA,CONTROL TENSION ARTERIAL,115,
GDOR. ELIAS GALVAN,2024-08-01,8,2024,4,ENFERMERIA,TEMPERATURA,120,
GDOR. ELIAS GALVAN,2024-08-01,8,2024,4,ENFERMERIA,GLUCEMIA,30,
GDOR. ELIAS GALVAN,2024-08-01,8,2024,4,ENFERMERIA,NEBULIZACIONES,10,
GDOR. ELIAS GALVAN,2024-08-01,8,2024,4,ENFERMERIA,PESO Y TALLA,115,
GDOR. ELIAS GALVAN,2024-08-01,8,2024,4,ENFERMERIA,CURACIONES,90,
GDOR. ELIAS GALVAN,2024-08-01,8,2024,4,ENFERMERIA,INYECTABLES,18,
GDOR. ELIAS GALVAN,2024-08-01,8,2024,4,ENFERMERIA,INMUNIZACIONES,15,
DR. JOSE DE LOS REYES VIDAL,2024-08-01,8,2024,4,ENFERMERIA,CONTROL TENSION ARTERIAL,100,
DR. JOSE DE LOS REYES VIDAL,2024-08-01,8,2024,4,ENFERMERIA,TEMPERATURA,10,
DR. JOSE DE LOS REYES VIDAL,2024-08-01,8,2024,4,ENFERMERIA,GLUCEMIA,20,
DR. JOSE DE LOS REYES VIDAL,2024-08-01,8,2024,4,ENFERMERIA,PESO Y TALLA,200,
DR. JOSE DE LOS REYES VIDAL,2024-08-01,8,2024,4,ENFERMERIA,CURACIONES,10,
DR. JOSE DE LOS REYES VIDAL,2024-08-01,8,2024,4,ENFERMERIA,INYECTABLES,150,
DR. ALBERTO LIFSCHITZ,2024-08-01,8,2024,4,ENFERMERIA,CONTROL TENSION ARTERIAL,225,
DR. ALBERTO LIFSCHITZ,2024-08-01,8,2024,4,ENFERMERIA,TEMPERATURA,17,
DR. ALBERTO LIFSCHITZ,2024-08-01,8,2024,4,ENFERMERIA,GLUCEMIA,15,
DR. ALBERTO LIFSCHITZ,2024-08-01,8,2024,4,ENFERMERIA,NEBULIZACIONES,12,
DR. ALBERTO LIFSCHITZ,2024-08-01,8,2024,4,ENFERMERIA,PESO Y TALLA,561,
DR. ALBERTO LIFSCHITZ,2024-08-01,8,2024,4,ENFERMERIA,CURACIONES,25,
DR. ALBERTO LIFSCHITZ,2024-08-01,8,2024,4,ENFERMERIA,SUTURAS,10,
DR. ALBERTO LIFSCHITZ,2024-08-01,8,2024,4,ENFERMERIA,INYECTABLES,183,
DR. ALBERTO LIFSCHITZ,2024-08-01,8,2024,4,ENFERMERIA,INMUNIZACIONES,100,
DR. BENJAMIN SERRANO,2024-08-01,8,2024,4,ENFERMERIA,CONTROL TENSION ARTERIAL,315,
DR. BENJAMIN SERRANO,2024-08-01,8,2024,4,ENFERMERIA,TEMPERATURA,20,
DR. BENJAMIN SERRANO,2024-08-01,8,2024,4,ENFERMERIA,PESO Y TALLA,273,
DR. BENJAMIN SERRANO,2024-08-01,8,2024,4,ENFERMERIA,CURACIONES,14,
DR. BENJAMIN SERRANO,2024-08-01,8,2024,4,ENFERMERIA,INYECTABLES,46,
DR. BENJAMIN SERRANO,2024-08-01,8,2024,4,ENFERMERIA,INMUNIZACIONES,80,
RIO PARANA,2024-08-01,8,2024,4,ENFERMERIA,CONTROL TENSION ARTERIAL,264,
RIO PARANA,2024-08-01,8,2024,4,ENFERMERIA,TEMPERATURA,104,
RIO PARANA,2024-08-01,8,2024,4,ENFERMERIA,GLUCEMIA,20,
RIO PARANA,2024-08-01,8,2024,4,ENFERMERIA,PESO Y TALLA,302,
RIO PARANA,2024-08-01,8,2024,4,ENFERMERIA,CURACIONES,81,
RIO PARANA,2024-08-01,8,2024,4,ENFERMERIA,INYECTABLES,104,
RIO PARANA,2024-08-01,8,2024,4,ENFERMERIA,INMUNIZACIONES,174,
DR. KORIMBLUM,2024-08-01,8,2024,4,ENFERMERIA,CONTROL TENSION ARTERIAL,67,
DR. KORIMBLUM,2024-08-01,8,2024,4,ENFERMERIA,GLUCEMIA,10,
DR. KORIMBLUM,2024-08-01,8,2024,4,ENFERMERIA,PESO Y TALLA,238,
DR. KORIMBLUM,2024-08-01,8,2024,4,ENFERMERIA,CURACIONES,11,
DR. KORIMBLUM,2024-08-01,8,2024,4,ENFERMERIA,INYECTABLES,17,
DR. KORIMBLUM,2024-08-01,8,2024,4,ENFERMERIA,INMUNIZACIONES,75,
RIO PARANA,2024-08-01,8,2024,4,ENFERMERIA,CONTROL TENSION ARTERIAL,264,
RIO PARANA,2024-08-01,8,2024,4,ENFERMERIA,TEMPERATURA,104,
RIO PARANA,2024-08-01,8,2024,4,ENFERMERIA,GLUCEMIA,20,
RIO PARANA,2024-08-01,8,2024,4,ENFERMERIA,PESO Y TALLA,302,
RIO PARANA,2024-08-01,8,2024,4,ENFERMERIA,CURACIONES,81,
RIO PARANA,2024-08-01,8,2024,4,ENFERMERIA,INYECTABLES,104,
RIO PARANA,2024-08-01,8,2024,4,ENFERMERIA,INMUNIZACIONES,174,
PUJOL,2024-08-01,8,2024,4,ENFERMERIA,CONTROL TENSION ARTERIAL,84,
PUJOL,2024-08-01,8,2024,4,ENFERMERIA,TEMPERATURA,44,
PUJOL,2024-08-01,8,2024,4,ENFERMERIA,GLUCEMIA,16,
PUJOL,2024-08-01,8,2024,4,ENFERMERIA,NEBULIZACIONES,8,
PUJOL,2024-08-01,8,2024,4,ENFERMERIA,PESO Y TALLA,151,
PUJOL,2024-08-01,8,2024,4,ENFERMERIA,CURACIONES,26,
PUJOL,2024-08-01,8,2024,4,ENFERMERIA,INYECTABLES,52,
PUJOL,2024-08-01,8,2024,4,ENFERMERIA,INMUNIZACIONES,46,
Dr. SANTIAGO LORENZO,2024-08-01,8,2024,4,ENFERMERIA,CONTROL TENSION ARTERIAL,142,
Dr. SANTIAGO LORENZO,2024-08-01,8,2024,4,ENFERMERIA,TEMPERATURA,8,
Dr. SANTIAGO LORENZO,2024-08-01,8,2024,4,ENFERMERIA,GLUCEMIA,6,
Dr. SANTIAGO LORENZO,2024-08-01,8,2024,4,ENFERMERIA,PESO Y TALLA,505,
Dr. SANTIAGO LORENZO,2024-08-01,8,2024,4,ENFERMERIA,CURACIONES,2,
Dr. SANTIAGO LORENZO,2024-08-01,8,2024,4,ENFERMERIA,INYECTABLES,49,
Dr. SANTIAGO LORENZO,2024-08-01,8,2024,4,ENFERMERIA,INMUNIZACIONES,136,
Dr. SANTIAGO LORENZO,2024-08-01,8,2024,4,ENFERMERIA,DIU,1,
Dr. SANTIAGO LORENZO,2024-08-01,8,2024,4,ENFERMERIA,IMPLANTE SUBDERMICO,4,
Dr. CALMANASH,2024-08-01,8,2024,4,ENFERMERIA,CONTROL TENSION ARTERIAL,153,
Dr. CALMANASH,2024-08-01,8,2024,4,ENFERMERIA,TEMPERATURA,10,
Dr. CALMANASH,2024-08-01,8,2024,4,ENFERMERIA,GLUCEMIA,3,
Dr. CALMANASH,2024-08-01,8,2024,4,ENFERMERIA,NEBULIZACIONES,25,
Dr. CALMANASH,2024-08-01,8,2024,4,ENFERMERIA,PESO Y TALLA,235,
Dr. CALMANASH,2024-08-01,8,2024,4,ENFERMERIA,CURACIONES,8,
Dr. CALMANASH,2024-08-01,8,2024,4,ENFERMERIA,INYECTABLES,219,
Dr. CALMANASH,2024-08-01,8,2024,4,ENFERMERIA,INMUNIZACIONES,66,
Dr. CALMANASH,2024-08-01,8,2024,4,ENFERMERIA,PAP,5,
ESPERANZA,2024-08-01,8,2024,4,ENFERMERIA,INMUNIZACIONES,107,
ESPERANZA,2024-08-01,8,2024,4,ENFERMERIA,PAP,1,
ESPERANZA,2024-08-01,8,2024,4,ENFERMERIA,IMPLANTE SUBDERMICO,5,
DR. MAURICIO OPEN,2024-08-01,8,2024,4,ENFERMERIA,CONTROL TENSION ARTERIAL,52,
DR. MAURICIO OPEN,2024-08-01,8,2024,4,ENFERMERIA,TEMPERATURA,25,
DR. MAURICIO OPEN,2024-08-01,8,2024,4,ENFERMERIA,NEBULIZACIONES,4,
DR. MAURICIO OPEN,2024-08-01,8,2024,4,ENFERMERIA,PESO Y TALLA,108,
DR. MAURICIO OPEN,2024-08-01,8,2024,4,ENFERMERIA,CURACIONES,5,
DR. MAURICIO OPEN,2024-08-01,8,2024,4,ENFERMERIA,INYECTABLES,18,
DR. MAURICIO OPEN,2024-08-01,8,2024,4,ENFERMERIA,INMUNIZACIONES,108,
SANTA MARTA,2024-08-01,8,2024,4,ENFERMERIA,CONTROL TENSION ARTERIAL,112,
SANTA MARTA,2024-08-01,8,2024,4,ENFERMERIA,TEMPERATURA,94,
SANTA MARTA,2024-08-01,8,2024,4,ENFERMERIA,GLUCEMIA,14,
SANTA MARTA,2024-08-01,8,2024,4,ENFERMERIA,PESO Y TALLA,334,
SANTA MARTA,2024-08-01,8,2024,4,ENFERMERIA,CURACIONES,41,
SANTA MARTA,2024-08-01,8,2024,4,ENFERMERIA,INYECTABLES,43,
DR. ANIBAL MALVIDO,2024-08-01,8,2024,4,ENFERMERIA,CONTROL TENSION ARTERIAL,600,
DR. ANIBAL MALVIDO,2024-08-01,8,2024,4,ENFERMERIA,TEMPERATURA,422,
DR. ANIBAL MALVIDO,2024-08-01,8,2024,4,ENFERMERIA,GLUCEMIA,40,
DR. ANIBAL MALVIDO,2024-08-01,8,2024,4,ENFERMERIA,NEBULIZACIONES,4,
DR. ANIBAL MALVIDO,2024-08-01,8,2024,4,ENFERMERIA,PESO Y TALLA,627,
DR. ANIBAL MALVIDO,2024-08-01,8,2024,4,ENFERMERIA,CURACIONES,20,
DR. ANIBAL MALVIDO,2024-08-01,8,2024,4,ENFERMERIA,SUTURAS,1,
DR. ANIBAL MALVIDO,2024-08-01,8,2024,4,ENFERMERIA,INYECTABLES,110,
DR. ANIBAL MALVIDO,2024-08-01,8,2024,4,ENFERMERIA,INMUNIZACIONES,276,
DR. ANIBAL MALVIDO,2024-08-01,8,2024,4,ENFERMERIA,PAP,2,
DR. ANIBAL MALVIDO,2024-08-01,8,2024,4,ENFERMERIA,IMPLANTE SUBDERMICO,5,
ITATI,2024-08-01,8,2024,4,ENFERMERIA,CONTROL TENSION ARTERIAL,213,
ITATI,2024-08-01,8,2024,4,ENFERMERIA,TEMPERATURA,15,
ITATI,2024-08-01,8,2024,4,ENFERMERIA,GLUCEMIA,8,
ITATI,2024-08-01,8,2024,4,ENFERMERIA,NEBULIZACIONES,14,
ITATI,2024-08-01,8,2024,4,ENFERMERIA,PESO Y TALLA,25,
ITATI,2024-08-01,8,2024,4,ENFERMERIA,CURACIONES,18,
ITATI,2024-08-01,8,2024,4,ENFERMERIA,INYECTABLES,45,
ITATI,2024-08-01,8,2024,4,ENFERMERIA,INMUNIZACIONES,49,
SAPUCAY,2024-08-01,8,2024,4,ENFERMERIA,CONTROL TENSION ARTERIAL,275,
SAPUCAY,2024-08-01,8,2024,4,ENFERMERIA,TEMPERATURA,70,
SAPUCAY,2024-08-01,8,2024,4,ENFERMERIA,GLUCEMIA,50,
SAPUCAY,2024-08-01,8,2024,4,ENFERMERIA,PESO Y TALLA,600,
SAPUCAY,2024-08-01,8,2024,4,ENFERMERIA,CURACIONES,65,
SAPUCAY,2024-08-01,8,2024,4,ENFERMERIA,INYECTABLES,70,
SAPUCAY,2024-08-01,8,2024,4,ENFERMERIA,INMUNIZACIONES,44,
VILLA GARCIA,2024-08-01,8,2024,4,ENFERMERIA,CONTROL TENSION ARTERIAL,80,
VILLA GARCIA,2024-08-01,8,2024,4,ENFERMERIA,TEMPERATURA,11,
VILLA GARCIA,2024-08-01,8,2024,4,ENFERMERIA,GLUCEMIA,11,
VILLA GARCIA,2024-08-01,8,2024,4,ENFERMERIA,PESO Y TALLA,204,
VILLA GARCIA,2024-08-01,8,2024,4,ENFERMERIA,CURACIONES,12,
VILLA GARCIA,2024-08-01,8,2024,4,ENFERMERIA,INYECTABLES,30,
VILLA GARCIA,2024-08-01,8,2024,4,ENFERMERIA,INMUNIZACIONES,88,
DR. FLIER,2024-08-01,8,2024,4,ENFERMERIA,CONTROL TENSION ARTERIAL,153,
DR. FLIER,2024-08-01,8,2024,4,ENFERMERIA,TEMPERATURA,100,
DR. FLIER,2024-08-01,8,2024,4,ENFERMERIA,GLUCEMIA,45,
DR. FLIER,2024-08-01,8,2024,4,ENFERMERIA,NEBULIZACIONES,97,
DR. FLIER,2024-08-01,8,2024,4,ENFERMERIA,PESO Y TALLA,134,
DR. FLIER,2024-08-01,8,2024,4,ENFERMERIA,CURACIONES,112,
DR. FLIER,2024-08-01,8,2024,4,ENFERMERIA,INYECTABLES,124,
DR. FLIER,2024-08-01,8,2024,4,ENFERMERIA,INMUNIZACIONES,53,
DR. CHERCOFF,2024-08-01,8,2024,4,ENFERMERIA,CONTROL TENSION ARTERIAL,217,
DR. CHERCOFF,2024-08-01,8,2024,4,ENFERMERIA,TEMPERATURA,190,
DR. CHERCOFF,2024-08-01,8,2024,4,ENFERMERIA,GLUCEMIA,7,
DR. CHERCOFF,2024-08-01,8,2024,4,ENFERMERIA,NEBULIZACIONES,8,
DR. CHERCOFF,2024-08-01,8,2024,4,ENFERMERIA,PESO Y TALLA,198,
DR. CHERCOFF,2024-08-01,8,2024,4,ENFERMERIA,CURACIONES,42,
DR. CHERCOFF,2024-08-01,8,2024,4,ENFERMERIA,INYECTABLES,37,
DR. CHERCOFF,2024-08-01,8,2024,4,ENFERMERIA,INMUNIZACIONES,4,
DR. PIRCHI,2024-08-01,8,2024,4,ENFERMERIA,CONTROL TENSION ARTERIAL,311,
DR. PIRCHI,2024-08-01,8,2024,4,ENFERMERIA,TEMPERATURA,45,
DR. PIRCHI,2024-08-01,8,2024,4,ENFERMERIA,GLUCEMIA,40,
DR. PIRCHI,2024-08-01,8,2024,4,ENFERMERIA,NEBULIZACIONES,7,
DR. PIRCHI,2024-08-01,8,2024,4,ENFERMERIA,PESO Y TALLA,321,
DR. PIRCHI,2024-08-01,8,2024,4,ENFERMERIA,CURACIONES,39,
DR. PIRCHI,2024-08-01,8,2024,4,ENFERMERIA,INYECTABLES,49,
DR. PIRCHI,2024-08-01,8,2024,4,ENFERMERIA,INMUNIZACIONES,117,
DR. PIRCHI,2024-08-01,8,2024,4,ENFERMERIA,PAP,6,
SAN MARCOS,2024-08-01,8,2024,4,ENFERMERIA,CONTROL TENSION ARTERIAL,110,
SAN MARCOS,2024-08-01,8,2024,4,ENFERMERIA,TEMPERATURA,20,
SAN MARCOS,2024-08-01,8,2024,4,ENFERMERIA,GLUCEMIA,14,
SAN MARCOS,2024-08-01,8,2024,4,ENFERMERIA,NEBULIZACIONES,3,
SAN MARCOS,2024-08-01,8,2024,4,ENFERMERIA,PESO Y TALLA,390,
SAN MARCOS,2024-08-01,8,2024,4,ENFERMERIA,CURACIONES,12,
SAN MARCOS,2024-08-01,8,2024,4,ENFERMERIA,INYECTABLES,37,
SAN MARCOS,2024-08-01,8,2024,4,ENFERMERIA,INMUNIZACIONES,142,
ESPERANZA,2024-09-01,9,2024,4,ENFERMERIA,CONTROL TENSION ARTERIAL,237,
ESPERANZA,2024-09-01,9,2024,4,ENFERMERIA,TEMPERATURA,70,
ESPERANZA,2024-09-01,9,2024,4,ENFERMERIA,GLUCEMIA,13,
ESPERANZA,2024-09-01,9,2024,4,ENFERMERIA,NEBULIZACIONES,14,
ESPERANZA,2024-09-01,9,2024,4,ENFERMERIA,PESO Y TALLA,393,
ESPERANZA,2024-09-01,9,2024,4,ENFERMERIA,CURACIONES,31,
ESPERANZA,2024-09-01,9,2024,4,ENFERMERIA,INYECTABLES,60,
ESPERANZA,2024-09-01,9,2024,4,ENFERMERIA,INMUNIZACIONES,154,
DR. JOSE DE LOS REYES VIDAL,2024-09-01,9,2024,4,ENFERMERIA,CONTROL TENSION ARTERIAL,150,
DR. JOSE DE LOS REYES VIDAL,2024-09-01,9,2024,4,ENFERMERIA,TEMPERATURA,10,
DR. JOSE DE LOS REYES VIDAL,2024-09-01,9,2024,4,ENFERMERIA,GLUCEMIA,80,
DR. JOSE DE LOS REYES VIDAL,2024-09-01,9,2024,4,ENFERMERIA,PESO Y TALLA,180,
DR. JOSE DE LOS REYES VIDAL,2024-09-01,9,2024,4,ENFERMERIA,CURACIONES,10,
DR. JOSE DE LOS REYES VIDAL,2024-09-01,9,2024,4,ENFERMERIA,INYECTABLES,150,
MARCELINO VERA,2024-09-01,9,2024,4,ENFERMERIA,CONTROL TENSION ARTERIAL,80,
MARCELINO VERA,2024-09-01,9,2024,4,ENFERMERIA,TEMPERATURA,20,
MARCELINO VERA,2024-09-01,9,2024,4,ENFERMERIA,GLUCEMIA,10,
MARCELINO VERA,2024-09-01,9,2024,4,ENFERMERIA,PESO Y TALLA,80,
MARCELINO VERA,2024-09-01,9,2024,4,ENFERMERIA,CURACIONES,5,
MARCELINO VERA,2024-09-01,9,2024,4,ENFERMERIA,INYECTABLES,25,
MARCELINO VERA,2024-09-01,9,2024,4,ENFERMERIA,INMUNIZACIONES,33,
SANTA MARGARITA,2024-09-01,9,2024,4,ENFERMERIA,CONTROL TENSION ARTERIAL,57,
SANTA MARGARITA,2024-09-01,9,2024,4,ENFERMERIA,TEMPERATURA,20,
SANTA MARGARITA,2024-09-01,9,2024,4,ENFERMERIA,GLUCEMIA,15,
SANTA MARGARITA,2024-09-01,9,2024,4,ENFERMERIA,PESO Y TALLA,115,
SANTA MARGARITA,2024-09-01,9,2024,4,ENFERMERIA,CURACIONES,10,
SANTA MARGARITA,2024-09-01,9,2024,4,ENFERMERIA,INYECTABLES,45,
SANTA MARGARITA,2024-09-01,9,2024,4,ENFERMERIA,INMUNIZACIONES,41,
SAPUCAY,2024-09-01,9,2024,4,ENFERMERIA,CONTROL TENSION ARTERIAL,300,
SAPUCAY,2024-09-01,9,2024,4,ENFERMERIA,TEMPERATURA,20,
SAPUCAY,2024-09-01,9,2024,4,ENFERMERIA,GLUCEMIA,30,
SAPUCAY,2024-09-01,9,2024,4,ENFERMERIA,NEBULIZACIONES,10,
SAPUCAY,2024-09-01,9,2024,4,ENFERMERIA,PESO Y TALLA,200,
SAPUCAY,2024-09-01,9,2024,4,ENFERMERIA,CURACIONES,70,
SAPUCAY,2024-09-01,9,2024,4,ENFERMERIA,INYECTABLES,50,
SAPUCAY,2024-09-01,9,2024,4,ENFERMERIA,INMUNIZACIONES,33,
DR. ALBERTO LIFSCHITZ,2024-09-01,9,2024,4,ENFERMERIA,CONTROL TENSION ARTERIAL,200,
DR. ALBERTO LIFSCHITZ,2024-09-01,9,2024,4,ENFERMERIA,TEMPERATURA,25,
DR. ALBERTO LIFSCHITZ,2024-09-01,9,2024,4,ENFERMERIA,GLUCEMIA,7,
DR. ALBERTO LIFSCHITZ,2024-09-01,9,2024,4,ENFERMERIA,NEBULIZACIONES,9,
DR. ALBERTO LIFSCHITZ,2024-09-01,9,2024,4,ENFERMERIA,PESO Y TALLA,586,
DR. ALBERTO LIFSCHITZ,2024-09-01,9,2024,4,ENFERMERIA,CURACIONES,10,
DR. ALBERTO LIFSCHITZ,2024-09-01,9,2024,4,ENFERMERIA,INYECTABLES,119,
DR. ALBERTO LIFSCHITZ,2024-09-01,9,2024,4,ENFERMERIA,INMUNIZACIONES,78,
SANTA MARTA,2024-09-01,9,2024,4,ENFERMERIA,CONTROL TENSION ARTERIAL,108,
SANTA MARTA,2024-09-01,9,2024,4,ENFERMERIA,TEMPERATURA,148,
SANTA MARTA,2024-09-01,9,2024,4,ENFERMERIA,GLUCEMIA,26,
SANTA MARTA,2024-09-01,9,2024,4,ENFERMERIA,NEBULIZACIONES,2,
SANTA MARTA,2024-09-01,9,2024,4,ENFERMERIA,PESO Y TALLA,362,
SANTA MARTA,2024-09-01,9,2024,4,ENFERMERIA,CURACIONES,33,
SANTA MARTA,2024-09-01,9,2024,4,ENFERMERIA,INYECTABLES,51,
SANTA MARTA,2024-09-01,9,2024,4,ENFERMERIA,INMUNIZACIONES,117,
GDOR. ELIAS GALVAN,2024-09-01,9,2024,4,ENFERMERIA,CONTROL TENSION ARTERIAL,205,
GDOR. ELIAS GALVAN,2024-09-01,9,2024,4,ENFERMERIA,TEMPERATURA,170,
GDOR. ELIAS GALVAN,2024-09-01,9,2024,4,ENFERMERIA,GLUCEMIA,70,
GDOR. ELIAS GALVAN,2024-09-01,9,2024,4,ENFERMERIA,NEBULIZACIONES,20,
GDOR. ELIAS GALVAN,2024-09-01,9,2024,4,ENFERMERIA,PESO Y TALLA,200,
GDOR. ELIAS GALVAN,2024-09-01,9,2024,4,ENFERMERIA,CURACIONES,57,
GDOR. ELIAS GALVAN,2024-09-01,9,2024,4,ENFERMERIA,INYECTABLES,80,
GDOR. ELIAS GALVAN,2024-09-01,9,2024,4,ENFERMERIA,INMUNIZACIONES,16,
DR. MAURICIO OPEN,2024-09-01,9,2024,4,ENFERMERIA,CONTROL TENSION ARTERIAL,48,
DR. MAURICIO OPEN,2024-09-01,9,2024,4,ENFERMERIA,TEMPERATURA,2,
DR. MAURICIO OPEN,2024-09-01,9,2024,4,ENFERMERIA,PESO Y TALLA,46,
DR. MAURICIO OPEN,2024-09-01,9,2024,4,ENFERMERIA,CURACIONES,9,
DR. MAURICIO OPEN,2024-09-01,9,2024,4,ENFERMERIA,INYECTABLES,5,
DR. MAURICIO OPEN,2024-09-01,9,2024,4,ENFERMERIA,INMUNIZACIONES,32,
DR. ANIBAL MALVIDO,2024-09-01,9,2024,4,ENFERMERIA,CONTROL TENSION ARTERIAL,418,
DR. ANIBAL MALVIDO,2024-09-01,9,2024,4,ENFERMERIA,TEMPERATURA,50,
DR. ANIBAL MALVIDO,2024-09-01,9,2024,4,ENFERMERIA,GLUCEMIA,14,
DR. ANIBAL MALVIDO,2024-09-01,9,2024,4,ENFERMERIA,NEBULIZACIONES,20,
DR. ANIBAL MALVIDO,2024-09-01,9,2024,4,ENFERMERIA,PESO Y TALLA,560,
DR. ANIBAL MALVIDO,2024-09-01,9,2024,4,ENFERMERIA,CURACIONES,20,
DR. ANIBAL MALVIDO,2024-09-01,9,2024,4,ENFERMERIA,SUTURAS,3,
DR. ANIBAL MALVIDO,2024-09-01,9,2024,4,ENFERMERIA,INYECTABLES,150,
DR. ANIBAL MALVIDO,2024-09-01,9,2024,4,ENFERMERIA,INMUNIZACIONES,271,
Dr. CALMANASH,2024-09-01,9,2024,4,ENFERMERIA,CONTROL TENSION ARTERIAL,218,
Dr. CALMANASH,2024-09-01,9,2024,4,ENFERMERIA,TEMPERATURA,15,
Dr. CALMANASH,2024-09-01,9,2024,4,ENFERMERIA,GLUCEMIA,2,
Dr. CALMANASH,2024-09-01,9,2024,4,ENFERMERIA,NEBULIZACIONES,25,
Dr. CALMANASH,2024-09-01,9,2024,4,ENFERMERIA,PESO Y TALLA,207,
Dr. CALMANASH,2024-09-01,9,2024,4,ENFERMERIA,CURACIONES,20,
Dr. CALMANASH,2024-09-01,9,2024,4,ENFERMERIA,INYECTABLES,180,
Dr. CALMANASH,2024-09-01,9,2024,4,ENFERMERIA,INMUNIZACIONES,21,
ITATI,2024-09-01,9,2024,4,ENFERMERIA,CONTROL TENSION ARTERIAL,580,
ITATI,2024-09-01,9,2024,4,ENFERMERIA,TEMPERATURA,71,
ITATI,2024-09-01,9,2024,4,ENFERMERIA,GLUCEMIA,50,
ITATI,2024-09-01,9,2024,4,ENFERMERIA,NEBULIZACIONES,30,
ITATI,2024-09-01,9,2024,4,ENFERMERIA,PESO Y TALLA,600,
ITATI,2024-09-01,9,2024,4,ENFERMERIA,CURACIONES,45,
ITATI,2024-09-01,9,2024,4,ENFERMERIA,SUTURAS,32,
ITATI,2024-09-01,9,2024,4,ENFERMERIA,INYECTABLES,81,
ITATI,2024-09-01,9,2024,4,ENFERMERIA,INMUNIZACIONES,48,
DR. KORIMBLUM,2024-09-01,9,2024,4,ENFERMERIA,CONTROL TENSION ARTERIAL,72,
DR. KORIMBLUM,2024-09-01,9,2024,4,ENFERMERIA,GLUCEMIA,12,
DR. KORIMBLUM,2024-09-01,9,2024,4,ENFERMERIA,PESO Y TALLA,281,
DR. KORIMBLUM,2024-09-01,9,2024,4,ENFERMERIA,CURACIONES,7,
DR. KORIMBLUM,2024-09-01,9,2024,4,ENFERMERIA,INYECTABLES,26,
RIO PARANA,2024-09-01,9,2024,4,ENFERMERIA,CONTROL TENSION ARTERIAL,269,
RIO PARANA,2024-09-01,9,2024,4,ENFERMERIA,TEMPERATURA,103,
RIO PARANA,2024-09-01,9,2024,4,ENFERMERIA,GLUCEMIA,22,
RIO PARANA,2024-09-01,9,2024,4,ENFERMERIA,PESO Y TALLA,300,
RIO PARANA,2024-09-01,9,2024,4,ENFERMERIA,CURACIONES,88,
RIO PARANA,2024-09-01,9,2024,4,ENFERMERIA,SUTURAS,1,
RIO PARANA,2024-09-01,9,2024,4,ENFERMERIA,INYECTABLES,127,
RIO PARANA,2024-09-01,9,2024,4,ENFERMERIA,INMUNIZACIONES,178,
Dr. SANTIAGO LORENZO,2024-09-01,9,2024,4,ENFERMERIA,CONTROL TENSION ARTERIAL,166,
Dr. SANTIAGO LORENZO,2024-09-01,9,2024,4,ENFERMERIA,TEMPERATURA,9,
Dr. SANTIAGO LORENZO,2024-09-01,9,2024,4,ENFERMERIA,GLUCEMIA,3,
Dr. SANTIAGO LORENZO,2024-09-01,9,2024,4,ENFERMERIA,PESO Y TALLA,432,
Dr. SANTIAGO LORENZO,2024-09-01,9,2024,4,ENFERMERIA,CURACIONES,11,
Dr. SANTIAGO LORENZO,2024-09-01,9,2024,4,ENFERMERIA,INYECTABLES,40,
Dr. SANTIAGO LORENZO,2024-09-01,9,2024,4,ENFERMERIA,INMUNIZACIONES,170,
SAN MARCOS,2024-09-01,9,2024,4,ENFERMERIA,CONTROL TENSION ARTERIAL,169,
SAN MARCOS,2024-09-01,9,2024,4,ENFERMERIA,TEMPERATURA,7,
SAN MARCOS,2024-09-01,9,2024,4,ENFERMERIA,GLUCEMIA,43,
SAN MARCOS,2024-09-01,9,2024,4,ENFERMERIA,NEBULIZACIONES,6,
SAN MARCOS,2024-09-01,9,2024,4,ENFERMERIA,PESO Y TALLA,446,
SAN MARCOS,2024-09-01,9,2024,4,ENFERMERIA,CURACIONES,20,
SAN MARCOS,2024-09-01,9,2024,4,ENFERMERIA,INYECTABLES,48,
SAN MARCOS,2024-09-01,9,2024,4,ENFERMERIA,INMUNIZACIONES,175,
VILLA GARCIA,2024-09-01,9,2024,4,ENFERMERIA,CONTROL TENSION ARTERIAL,92,
VILLA GARCIA,2024-09-01,9,2024,4,ENFERMERIA,TEMPERATURA,11,
VILLA GARCIA,2024-09-01,9,2024,4,ENFERMERIA,GLUCEMIA,11,
VILLA GARCIA,2024-09-01,9,2024,4,ENFERMERIA,PESO Y TALLA,55,
VILLA GARCIA,2024-09-01,9,2024,4,ENFERMERIA,CURACIONES,8,
VILLA GARCIA,2024-09-01,9,2024,4,ENFERMERIA,INYECTABLES,41,
VILLA GARCIA,2024-09-01,9,2024,4,ENFERMERIA,INMUNIZACIONES,84,
DR. PIRCHI,2024-09-01,9,2024,4,ENFERMERIA,CONTROL TENSION ARTERIAL,299,
DR. PIRCHI,2024-09-01,9,2024,4,ENFERMERIA,TEMPERATURA,4,
DR. PIRCHI,2024-09-01,9,2024,4,ENFERMERIA,GLUCEMIA,50,
DR. PIRCHI,2024-09-01,9,2024,4,ENFERMERIA,NEBULIZACIONES,17,
DR. PIRCHI,2024-09-01,9,2024,4,ENFERMERIA,PESO Y TALLA,315,
DR. PIRCHI,2024-09-01,9,2024,4,ENFERMERIA,CURACIONES,38,
DR. PIRCHI,2024-09-01,9,2024,4,ENFERMERIA,INYECTABLES,59,
DR. PIRCHI,2024-09-01,9,2024,4,ENFERMERIA,INMUNIZACIONES,156,
DR. CHERCOFF,2024-09-01,9,2024,4,ENFERMERIA,CONTROL TENSION ARTERIAL,223,
DR. CHERCOFF,2024-09-01,9,2024,4,ENFERMERIA,TEMPERATURA,200,
DR. CHERCOFF,2024-09-01,9,2024,4,ENFERMERIA,GLUCEMIA,10,
DR. CHERCOFF,2024-09-01,9,2024,4,ENFERMERIA,NEBULIZACIONES,10,
DR. CHERCOFF,2024-09-01,9,2024,4,ENFERMERIA,PESO Y TALLA,230,
DR. CHERCOFF,2024-09-01,9,2024,4,ENFERMERIA,CURACIONES,56,
DR. CHERCOFF,2024-09-01,9,2024,4,ENFERMERIA,INYECTABLES,64,
DR. CHERCOFF,2024-09-01,9,2024,4,ENFERMERIA,INMUNIZACIONES,7,
DR. FLIER,2024-09-01,9,2024,4,ENFERMERIA,CONTROL TENSION ARTERIAL,112,
DR. FLIER,2024-09-01,9,2024,4,ENFERMERIA,TEMPERATURA,105,
DR. FLIER,2024-09-01,9,2024,4,ENFERMERIA,GLUCEMIA,56,
DR. FLIER,2024-09-01,9,2024,4,ENFERMERIA,NEBULIZACIONES,40,
DR. FLIER,2024-09-01,9,2024,4,ENFERMERIA,PESO Y TALLA,176,
DR. FLIER,2024-09-01,9,2024,4,ENFERMERIA,CURACIONES,89,
DR. FLIER,2024-09-01,9,2024,4,ENFERMERIA,INYECTABLES,97,
DR. FLIER,2024-09-01,9,2024,4,ENFERMERIA,INMUNIZACIONES,35,
DR. JOSE DE LOS REYES VIDAL,2024-10-01,10,2024,4,ENFERMERIA,CONTROL TENSION ARTERIAL,150,
DR. JOSE DE LOS REYES VIDAL,2024-10-01,10,2024,4,ENFERMERIA,TEMPERATURA,10,
DR. JOSE DE LOS REYES VIDAL,2024-10-01,10,2024,4,ENFERMERIA,GLUCEMIA,86,
DR. JOSE DE LOS REYES VIDAL,2024-10-01,10,2024,4,ENFERMERIA,PESO Y TALLA,105,
DR. JOSE DE LOS REYES VIDAL,2024-10-01,10,2024,4,ENFERMERIA,CURACIONES,20,
DR. JOSE DE LOS REYES VIDAL,2024-10-01,10,2024,4,ENFERMERIA,INYECTABLES,100,
DR. MAURICIO OPEN,2024-10-01,10,2024,4,ENFERMERIA,CONTROL TENSION ARTERIAL,105,
DR. MAURICIO OPEN,2024-10-01,10,2024,4,ENFERMERIA,TEMPERATURA,28,
DR. MAURICIO OPEN,2024-10-01,10,2024,4,ENFERMERIA,PESO Y TALLA,186,
DR. MAURICIO OPEN,2024-10-01,10,2024,4,ENFERMERIA,CURACIONES,7,
DR. MAURICIO OPEN,2024-10-01,10,2024,4,ENFERMERIA,INYECTABLES,27,
DR. MAURICIO OPEN,2024-10-01,10,2024,4,ENFERMERIA,INMUNIZACIONES,54,
MARCELINO VERA,2024-10-01,10,2024,4,ENFERMERIA,CONTROL TENSION ARTERIAL,105,
MARCELINO VERA,2024-10-01,10,2024,4,ENFERMERIA,TEMPERATURA,35,
MARCELINO VERA,2024-10-01,10,2024,4,ENFERMERIA,GLUCEMIA,5,
MARCELINO VERA,2024-10-01,10,2024,4,ENFERMERIA,PESO Y TALLA,100,
MARCELINO VERA,2024-10-01,10,2024,4,ENFERMERIA,CURACIONES,10,
MARCELINO VERA,2024-10-01,10,2024,4,ENFERMERIA,INYECTABLES,25,
MARCELINO VERA,2024-10-01,10,2024,4,ENFERMERIA,INMUNIZACIONES,15,
SANTA MARGARITA,2024-10-01,10,2024,4,ENFERMERIA,CONTROL TENSION ARTERIAL,157,
SANTA MARGARITA,2024-10-01,10,2024,4,ENFERMERIA,TEMPERATURA,30,
SANTA MARGARITA,2024-10-01,10,2024,4,ENFERMERIA,GLUCEMIA,10,
SANTA MARGARITA,2024-10-01,10,2024,4,ENFERMERIA,PESO Y TALLA,235,
SANTA MARGARITA,2024-10-01,10,2024,4,ENFERMERIA,CURACIONES,15,
SANTA MARGARITA,2024-10-01,10,2024,4,ENFERMERIA,INYECTABLES,50,
SANTA MARGARITA,2024-10-01,10,2024,4,ENFERMERIA,INMUNIZACIONES,46,
GDOR. ELIAS GALVAN,2024-10-01,10,2024,4,ENFERMERIA,CONTROL TENSION ARTERIAL,270,
GDOR. ELIAS GALVAN,2024-10-01,10,2024,4,ENFERMERIA,TEMPERATURA,300,
GDOR. ELIAS GALVAN,2024-10-01,10,2024,4,ENFERMERIA,GLUCEMIA,20,
GDOR. ELIAS GALVAN,2024-10-01,10,2024,4,ENFERMERIA,NEBULIZACIONES,7,
GDOR. ELIAS GALVAN,2024-10-01,10,2024,4,ENFERMERIA,PESO Y TALLA,280,
GDOR. ELIAS GALVAN,2024-10-01,10,2024,4,ENFERMERIA,CURACIONES,70,
GDOR. ELIAS GALVAN,2024-10-01,10,2024,4,ENFERMERIA,INYECTABLES,29,
GDOR. ELIAS GALVAN,2024-10-01,10,2024,4,ENFERMERIA,INMUNIZACIONES,68,
DR. ALBERTO LIFSCHITZ,2024-10-01,10,2024,4,ENFERMERIA,CONTROL TENSION ARTERIAL,330,
DR. ALBERTO LIFSCHITZ,2024-10-01,10,2024,4,ENFERMERIA,TEMPERATURA,50,
DR. ALBERTO LIFSCHITZ,2024-10-01,10,2024,4,ENFERMERIA,GLUCEMIA,30,
DR. ALBERTO LIFSCHITZ,2024-10-01,10,2024,4,ENFERMERIA,NEBULIZACIONES,28,
DR. ALBERTO LIFSCHITZ,2024-10-01,10,2024,4,ENFERMERIA,PESO Y TALLA,1015,
DR. ALBERTO LIFSCHITZ,2024-10-01,10,2024,4,ENFERMERIA,CURACIONES,28,
DR. ALBERTO LIFSCHITZ,2024-10-01,10,2024,4,ENFERMERIA,INYECTABLES,258,
ESPERANZA,2024-10-01,10,2024,4,ENFERMERIA,CONTROL TENSION ARTERIAL,232,
ESPERANZA,2024-10-01,10,2024,4,ENFERMERIA,TEMPERATURA,83,
ESPERANZA,2024-10-01,10,2024,4,ENFERMERIA,GLUCEMIA,12,
ESPERANZA,2024-10-01,10,2024,4,ENFERMERIA,NEBULIZACIONES,10,
ESPERANZA,2024-10-01,10,2024,4,ENFERMERIA,PESO Y TALLA,326,
ESPERANZA,2024-10-01,10,2024,4,ENFERMERIA,CURACIONES,12,
ESPERANZA,2024-10-01,10,2024,4,ENFERMERIA,INYECTABLES,70,
ESPERANZA,2024-10-01,10,2024,4,ENFERMERIA,INMUNIZACIONES,179,
ESPERANZA,2024-10-01,10,2024,4,ENFERMERIA,PAP,6,
ESPERANZA,2024-10-01,10,2024,4,ENFERMERIA,ECOGRAFIAS,20,
ESPERANZA,2024-10-01,10,2024,4,ENFERMERIA,IMPLANTE SUBDERMICO,4,
PUJOL,2024-10-01,10,2024,4,ENFERMERIA,CONTROL TENSION ARTERIAL,74,
PUJOL,2024-10-01,10,2024,4,ENFERMERIA,TEMPERATURA,16,
PUJOL,2024-10-01,10,2024,4,ENFERMERIA,GLUCEMIA,23,
PUJOL,2024-10-01,10,2024,4,ENFERMERIA,PESO Y TALLA,48,
PUJOL,2024-10-01,10,2024,4,ENFERMERIA,CURACIONES,12,
PUJOL,2024-10-01,10,2024,4,ENFERMERIA,INYECTABLES,38,
PUJOL,2024-10-01,10,2024,4,ENFERMERIA,INMUNIZACIONES,46,
SAN MARCOS,2024-10-01,10,2024,4,ENFERMERIA,CONTROL TENSION ARTERIAL,144,
SAN MARCOS,2024-10-01,10,2024,4,ENFERMERIA,TEMPERATURA,20,
SAN MARCOS,2024-10-01,10,2024,4,ENFERMERIA,GLUCEMIA,29,
SAN MARCOS,2024-10-01,10,2024,4,ENFERMERIA,PESO Y TALLA,444,
SAN MARCOS,2024-10-01,10,2024,4,ENFERMERIA,CURACIONES,26,
SAN MARCOS,2024-10-01,10,2024,4,ENFERMERIA,INYECTABLES,31,
SAN MARCOS,2024-10-01,10,2024,4,ENFERMERIA,INMUNIZACIONES,240,
RIO PARANA,2024-10-01,10,2024,4,ENFERMERIA,CONTROL TENSION ARTERIAL,272,
RIO PARANA,2024-10-01,10,2024,4,ENFERMERIA,TEMPERATURA,112,
RIO PARANA,2024-10-01,10,2024,4,ENFERMERIA,GLUCEMIA,20,
RIO PARANA,2024-10-01,10,2024,4,ENFERMERIA,PESO Y TALLA,300,
RIO PARANA,2024-10-01,10,2024,4,ENFERMERIA,CURACIONES,89,
RIO PARANA,2024-10-01,10,2024,4,ENFERMERIA,INYECTABLES,87,
RIO PARANA,2024-10-01,10,2024,4,ENFERMERIA,INMUNIZACIONES,156,
ITATI,2024-10-01,10,2024,4,ENFERMERIA,CONTROL TENSION ARTERIAL,215,
ITATI,2024-10-01,10,2024,4,ENFERMERIA,TEMPERATURA,100,
ITATI,2024-10-01,10,2024,4,ENFERMERIA,GLUCEMIA,25,
ITATI,2024-10-01,10,2024,4,ENFERMERIA,NEBULIZACIONES,15,
ITATI,2024-10-01,10,2024,4,ENFERMERIA,PESO Y TALLA,330,
ITATI,2024-10-01,10,2024,4,ENFERMERIA,CURACIONES,30,
ITATI,2024-10-01,10,2024,4,ENFERMERIA,INYECTABLES,60,
ITATI,2024-10-01,10,2024,4,ENFERMERIA,INMUNIZACIONES,77,
ITATI,2024-10-01,10,2024,4,ENFERMERIA,PAP,3,
ITATI,2024-10-01,10,2024,4,ENFERMERIA,COLPOSCOPIA,3,
ITATI,2024-10-01,10,2024,4,ENFERMERIA,IMPLANTE SUBDERMICO,3,
ITATI,2024-10-01,10,2024,4,ENFERMERIA,TEST HPV,2,
SANTA MARTA,2024-10-01,10,2024,4,ENFERMERIA,CONTROL TENSION ARTERIAL,113,
SANTA MARTA,2024-10-01,10,2024,4,ENFERMERIA,TEMPERATURA,193,
SANTA MARTA,2024-10-01,10,2024,4,ENFERMERIA,GLUCEMIA,7,
SANTA MARTA,2024-10-01,10,2024,4,ENFERMERIA,PESO Y TALLA,486,
SANTA MARTA,2024-10-01,10,2024,4,ENFERMERIA,CURACIONES,17,
SANTA MARTA,2024-10-01,10,2024,4,ENFERMERIA,INYECTABLES,41,
SANTA MARTA,2024-10-01,10,2024,4,ENFERMERIA,INMUNIZACIONES,121,
Dr. CALMANASH,2024-10-01,10,2024,4,ENFERMERIA,CONTROL TENSION ARTERIAL,150,
Dr. CALMANASH,2024-10-01,10,2024,4,ENFERMERIA,TEMPERATURA,15,
Dr. CALMANASH,2024-10-01,10,2024,4,ENFERMERIA,NEBULIZACIONES,21,
Dr. CALMANASH,2024-10-01,10,2024,4,ENFERMERIA,PESO Y TALLA,137,
Dr. CALMANASH,2024-10-01,10,2024,4,ENFERMERIA,CURACIONES,9,
Dr. CALMANASH,2024-10-01,10,2024,4,ENFERMERIA,INYECTABLES,89,
Dr. CALMANASH,2024-10-01,10,2024,4,ENFERMERIA,INMUNIZACIONES,53,
Dr. CALMANASH,2024-10-01,10,2024,4,ENFERMERIA,PAP,10,
DR. ANIBAL MALVIDO,2024-10-01,10,2024,4,ENFERMERIA,CONTROL TENSION ARTERIAL,351,
DR. ANIBAL MALVIDO,2024-10-01,10,2024,4,ENFERMERIA,TEMPERATURA,62,
DR. ANIBAL MALVIDO,2024-10-01,10,2024,4,ENFERMERIA,GLUCEMIA,20,
DR. ANIBAL MALVIDO,2024-10-01,10,2024,4,ENFERMERIA,PESO Y TALLA,33,
DR. ANIBAL MALVIDO,2024-10-01,10,2024,4,ENFERMERIA,CURACIONES,10,
DR. ANIBAL MALVIDO,2024-10-01,10,2024,4,ENFERMERIA,INYECTABLES,50,
DR. ANIBAL MALVIDO,2024-10-01,10,2024,4,ENFERMERIA,INMUNIZACIONES,226,
DR. ANIBAL MALVIDO,2024-10-01,10,2024,4,ENFERMERIA,PAP,4,
VILLA GARCIA,2024-10-01,10,2024,4,ENFERMERIA,CONTROL TENSION ARTERIAL,119,
VILLA GARCIA,2024-10-01,10,2024,4,ENFERMERIA,TEMPERATURA,42,
VILLA GARCIA,2024-10-01,10,2024,4,ENFERMERIA,GLUCEMIA,25,
VILLA GARCIA,2024-10-01,10,2024,4,ENFERMERIA,PESO Y TALLA,199,
VILLA GARCIA,2024-10-01,10,2024,4,ENFERMERIA,CURACIONES,5,
VILLA GARCIA,2024-10-01,10,2024,4,ENFERMERIA,INYECTABLES,64,
VILLA GARCIA,2024-10-01,10,2024,4,ENFERMERIA,INMUNIZACIONES,87,
Dr. SANTIAGO LORENZO,2024-10-01,10,2024,4,ENFERMERIA,CONTROL TENSION ARTERIAL,184,
Dr. SANTIAGO LORENZO,2024-10-01,10,2024,4,ENFERMERIA,TEMPERATURA,12,
Dr. SANTIAGO LORENZO,2024-10-01,10,2024,4,ENFERMERIA,GLUCEMIA,8,
Dr. SANTIAGO LORENZO,2024-10-01,10,2024,4,ENFERMERIA,PESO Y TALLA,513,
Dr. SANTIAGO LORENZO,2024-10-01,10,2024,4,ENFERMERIA,CURACIONES,10,
Dr. SANTIAGO LORENZO,2024-10-01,10,2024,4,ENFERMERIA,INYECTABLES,37,
Dr. SANTIAGO LORENZO,2024-10-01,10,2024,4,ENFERMERIA,INMUNIZACIONES,140,
Dr. SANTIAGO LORENZO,2024-10-01,10,2024,4,ENFERMERIA,PAP,2,
DR. CHERCOFF,2024-10-01,10,2024,4,ENFERMERIA,CONTROL TENSION ARTERIAL,214,
DR. CHERCOFF,2024-10-01,10,2024,4,ENFERMERIA,TEMPERATURA,3,
DR. CHERCOFF,2024-10-01,10,2024,4,ENFERMERIA,GLUCEMIA,10,
DR. CHERCOFF,2024-10-01,10,2024,4,ENFERMERIA,NEBULIZACIONES,5,
DR. CHERCOFF,2024-10-01,10,2024,4,ENFERMERIA,PESO Y TALLA,223,
DR. CHERCOFF,2024-10-01,10,2024,4,ENFERMERIA,CURACIONES,67,
DR. CHERCOFF,2024-10-01,10,2024,4,ENFERMERIA,INYECTABLES,51,
DR. CHERCOFF,2024-10-01,10,2024,4,ENFERMERIA,INMUNIZACIONES,8,
DR. PIRCHI,2024-10-01,10,2024,4,ENFERMERIA,CONTROL TENSION ARTERIAL,305,
DR. PIRCHI,2024-10-01,10,2024,4,ENFERMERIA,TEMPERATURA,11,
DR. PIRCHI,2024-10-01,10,2024,4,ENFERMERIA,GLUCEMIA,51,
DR. PIRCHI,2024-10-01,10,2024,4,ENFERMERIA,NEBULIZACIONES,12,
DR. PIRCHI,2024-10-01,10,2024,4,ENFERMERIA,PESO Y TALLA,327,
DR. PIRCHI,2024-10-01,10,2024,4,ENFERMERIA,CURACIONES,39,
DR. PIRCHI,2024-10-01,10,2024,4,ENFERMERIA,INYECTABLES,59,
DR. PIRCHI,2024-10-01,10,2024,4,ENFERMERIA,INMUNIZACIONES,154,
DR. BENJAMIN SERRANO,2024-10-01,10,2024,4,ENFERMERIA,CONTROL TENSION ARTERIAL,295,
DR. BENJAMIN SERRANO,2024-10-01,10,2024,4,ENFERMERIA,TEMPERATURA,17,
DR. BENJAMIN SERRANO,2024-10-01,10,2024,4,ENFERMERIA,GLUCEMIA,19,
DR. BENJAMIN SERRANO,2024-10-01,10,2024,4,ENFERMERIA,NEBULIZACIONES,3,
DR. BENJAMIN SERRANO,2024-10-01,10,2024,4,ENFERMERIA,PESO Y TALLA,288,
DR. BENJAMIN SERRANO,2024-10-01,10,2024,4,ENFERMERIA,CURACIONES,27,
DR. BENJAMIN SERRANO,2024-10-01,10,2024,4,ENFERMERIA,INYECTABLES,56,
DR. BENJAMIN SERRANO,2024-10-01,10,2024,4,ENFERMERIA,INMUNIZACIONES,58,
DR. BENJAMIN SERRANO,2024-09-01,9,2024,4,ENFERMERIA,CONTROL TENSION ARTERIAL,364,
DR. BENJAMIN SERRANO,2024-09-01,9,2024,4,ENFERMERIA,TEMPERATURA,17,
DR. BENJAMIN SERRANO,2024-09-01,9,2024,4,ENFERMERIA,GLUCEMIA,9,
DR. BENJAMIN SERRANO,2024-09-01,9,2024,4,ENFERMERIA,NEBULIZACIONES,1,
DR. BENJAMIN SERRANO,2024-09-01,9,2024,4,ENFERMERIA,PESO Y TALLA,303,
DR. BENJAMIN SERRANO,2024-09-01,9,2024,4,ENFERMERIA,CURACIONES,9,
DR. BENJAMIN SERRANO,2024-09-01,9,2024,4,ENFERMERIA,SUTURAS,1,
DR. BENJAMIN SERRANO,2024-09-01,9,2024,4,ENFERMERIA,INYECTABLES,44,
DR. BENJAMIN SERRANO,2024-09-01,9,2024,4,ENFERMERIA,INMUNIZACIONES,129,
MARCELINO VERA,2024-11-01,11,2024,4,ENFERMERIA,CONTROL TENSION ARTERIAL,80,
MARCELINO VERA,2024-11-01,11,2024,4,ENFERMERIA,TEMPERATURA,15,
MARCELINO VERA,2024-11-01,11,2024,4,ENFERMERIA,GLUCEMIA,5,
MARCELINO VERA,2024-11-01,11,2024,4,ENFERMERIA,PESO Y TALLA,80,
MARCELINO VERA,2024-11-01,11,2024,4,ENFERMERIA,CURACIONES,10,
MARCELINO VERA,2024-11-01,11,2024,4,ENFERMERIA,INYECTABLES,25,
MARCELINO VERA,2024-11-01,11,2024,4,ENFERMERIA,INMUNIZACIONES,33,
DR. MAURICIO OPEN,2024-11-01,11,2024,4,ENFERMERIA,CONTROL TENSION ARTERIAL,58,
DR. MAURICIO OPEN,2024-11-01,11,2024,4,ENFERMERIA,TEMPERATURA,24,
DR. MAURICIO OPEN,2024-11-01,11,2024,4,ENFERMERIA,PESO Y TALLA,82,
DR. MAURICIO OPEN,2024-11-01,11,2024,4,ENFERMERIA,CURACIONES,12,
DR. MAURICIO OPEN,2024-11-01,11,2024,4,ENFERMERIA,INYECTABLES,12,
DR. MAURICIO OPEN,2024-11-01,11,2024,4,ENFERMERIA,INMUNIZACIONES,45,
DR. JOSE DE LOS REYES VIDAL,2024-11-01,11,2024,4,ENFERMERIA,CONTROL TENSION ARTERIAL,150,
DR. JOSE DE LOS REYES VIDAL,2024-11-01,11,2024,4,ENFERMERIA,GLUCEMIA,135,
DR. JOSE DE LOS REYES VIDAL,2024-11-01,11,2024,4,ENFERMERIA,PESO Y TALLA,199,
DR. JOSE DE LOS REYES VIDAL,2024-11-01,11,2024,4,ENFERMERIA,CURACIONES,20,
DR. JOSE DE LOS REYES VIDAL,2024-11-01,11,2024,4,ENFERMERIA,INYECTABLES,180,
GDOR. ELIAS GALVAN,2024-11-01,11,2024,4,ENFERMERIA,CONTROL TENSION ARTERIAL,176,
GDOR. ELIAS GALVAN,2024-11-01,11,2024,4,ENFERMERIA,TEMPERATURA,112,
GDOR. ELIAS GALVAN,2024-11-01,11,2024,4,ENFERMERIA,GLUCEMIA,36,
GDOR. ELIAS GALVAN,2024-11-01,11,2024,4,ENFERMERIA,NEBULIZACIONES,187,
GDOR. ELIAS GALVAN,2024-11-01,11,2024,4,ENFERMERIA,PESO Y TALLA,162,
GDOR. ELIAS GALVAN,2024-11-01,11,2024,4,ENFERMERIA,CURACIONES,59,
GDOR. ELIAS GALVAN,2024-11-01,11,2024,4,ENFERMERIA,INYECTABLES,35,
GDOR. ELIAS GALVAN,2024-11-01,11,2024,4,ENFERMERIA,INMUNIZACIONES,81,
RIO PARANA,2024-11-01,11,2024,4,ENFERMERIA,CONTROL TENSION ARTERIAL,270,
RIO PARANA,2024-11-01,11,2024,4,ENFERMERIA,TEMPERATURA,102,
RIO PARANA,2024-11-01,11,2024,4,ENFERMERIA,GLUCEMIA,20,
RIO PARANA,2024-11-01,11,2024,4,ENFERMERIA,PESO Y TALLA,245,
RIO PARANA,2024-11-01,11,2024,4,ENFERMERIA,CURACIONES,75,
RIO PARANA,2024-11-01,11,2024,4,ENFERMERIA,INYECTABLES,90,
RIO PARANA,2024-11-01,11,2024,4,ENFERMERIA,INMUNIZACIONES,128,
SANTA MARGARITA,2024-11-01,11,2024,4,ENFERMERIA,CONTROL TENSION ARTERIAL,56,
SANTA MARGARITA,2024-11-01,11,2024,4,ENFERMERIA,TEMPERATURA,18,
SANTA MARGARITA,2024-11-01,11,2024,4,ENFERMERIA,GLUCEMIA,12,
SANTA MARGARITA,2024-11-01,11,2024,4,ENFERMERIA,CURACIONES,17,
SANTA MARGARITA,2024-11-01,11,2024,4,ENFERMERIA,INYECTABLES,60,
Dr. CALMANASH,2024-11-01,11,2024,4,ENFERMERIA,CONTROL TENSION ARTERIAL,72,
Dr. CALMANASH,2024-11-01,11,2024,4,ENFERMERIA,TEMPERATURA,12,
Dr. CALMANASH,2024-11-01,11,2024,4,ENFERMERIA,GLUCEMIA,3,
Dr. CALMANASH,2024-11-01,11,2024,4,ENFERMERIA,NEBULIZACIONES,15,
Dr. CALMANASH,2024-11-01,11,2024,4,ENFERMERIA,PESO Y TALLA,106,
Dr. CALMANASH,2024-11-01,11,2024,4,ENFERMERIA,CURACIONES,10,
Dr. CALMANASH,2024-11-01,11,2024,4,ENFERMERIA,INYECTABLES,152,
Dr. CALMANASH,2024-11-01,11,2024,4,ENFERMERIA,INMUNIZACIONES,58,
Dr. CALMANASH,2024-11-01,11,2024,4,ENFERMERIA,PAP,5,
PUJOL,2024-11-01,11,2024,4,ENFERMERIA,CONTROL TENSION ARTERIAL,90,
PUJOL,2024-11-01,11,2024,4,ENFERMERIA,TEMPERATURA,15,
PUJOL,2024-11-01,11,2024,4,ENFERMERIA,GLUCEMIA,10,
PUJOL,2024-11-01,11,2024,4,ENFERMERIA,NEBULIZACIONES,10,
PUJOL,2024-11-01,11,2024,4,ENFERMERIA,PESO Y TALLA,130,
PUJOL,2024-11-01,11,2024,4,ENFERMERIA,CURACIONES,20,
PUJOL,2024-11-01,11,2024,4,ENFERMERIA,INYECTABLES,25,
PUJOL,2024-11-01,11,2024,4,ENFERMERIA,INMUNIZACIONES,31,
VILLA GARCIA,2024-11-01,11,2024,4,ENFERMERIA,CONTROL TENSION ARTERIAL,65,
VILLA GARCIA,2024-11-01,11,2024,4,ENFERMERIA,TEMPERATURA,11,
VILLA GARCIA,2024-11-01,11,2024,4,ENFERMERIA,GLUCEMIA,9,
VILLA GARCIA,2024-11-01,11,2024,4,ENFERMERIA,PESO Y TALLA,168,
VILLA GARCIA,2024-11-01,11,2024,4,ENFERMERIA,CURACIONES,6,
VILLA GARCIA,2024-11-01,11,2024,4,ENFERMERIA,INYECTABLES,20,
VILLA GARCIA,2024-11-01,11,2024,4,ENFERMERIA,INMUNIZACIONES,71,
VILLA GARCIA,2024-11-01,11,2024,4,ENFERMERIA,PAP,2,
ESPERANZA,2024-11-01,11,2024,4,ENFERMERIA,CONTROL TENSION ARTERIAL,309,
ESPERANZA,2024-11-01,11,2024,4,ENFERMERIA,TEMPERATURA,10,
ESPERANZA,2024-11-01,11,2024,4,ENFERMERIA,GLUCEMIA,7,
ESPERANZA,2024-11-01,11,2024,4,ENFERMERIA,NEBULIZACIONES,6,
ESPERANZA,2024-11-01,11,2024,4,ENFERMERIA,PESO Y TALLA,368,
ESPERANZA,2024-11-01,11,2024,4,ENFERMERIA,CURACIONES,22,
ESPERANZA,2024-11-01,11,2024,4,ENFERMERIA,INYECTABLES,50,
ESPERANZA,2024-11-01,11,2024,4,ENFERMERIA,INMUNIZACIONES,117,
ESPERANZA,2024-11-01,11,2024,4,ENFERMERIA,PAP,2,
DR. PIRCHI,2024-11-01,11,2024,4,ENFERMERIA,CONTROL TENSION ARTERIAL,211,
DR. PIRCHI,2024-11-01,11,2024,4,ENFERMERIA,TEMPERATURA,52,
DR. PIRCHI,2024-11-01,11,2024,4,ENFERMERIA,GLUCEMIA,65,
DR. PIRCHI,2024-11-01,11,2024,4,ENFERMERIA,NEBULIZACIONES,11,
DR. PIRCHI,2024-11-01,11,2024,4,ENFERMERIA,PESO Y TALLA,192,
DR. PIRCHI,2024-11-01,11,2024,4,ENFERMERIA,CURACIONES,71,
DR. PIRCHI,2024-11-01,11,2024,4,ENFERMERIA,INYECTABLES,84,
DR. PIRCHI,2024-11-01,11,2024,4,ENFERMERIA,INMUNIZACIONES,97,
DR. PIRCHI,2024-11-01,11,2024,4,ENFERMERIA,ECOGRAFIAS,19,
DR. ALBERTO LIFSCHITZ,2024-11-01,11,2024,4,ENFERMERIA,CONTROL TENSION ARTERIAL,218,
DR. ALBERTO LIFSCHITZ,2024-11-01,11,2024,4,ENFERMERIA,TEMPERATURA,28,
DR. ALBERTO LIFSCHITZ,2024-11-01,11,2024,4,ENFERMERIA,GLUCEMIA,16,
DR. ALBERTO LIFSCHITZ,2024-11-01,11,2024,4,ENFERMERIA,NEBULIZACIONES,8,
DR. ALBERTO LIFSCHITZ,2024-11-01,11,2024,4,ENFERMERIA,PESO Y TALLA,591,
DR. ALBERTO LIFSCHITZ,2024-11-01,11,2024,4,ENFERMERIA,CURACIONES,17,
DR. ALBERTO LIFSCHITZ,2024-11-01,11,2024,4,ENFERMERIA,SUTURAS,4,
DR. ALBERTO LIFSCHITZ,2024-11-01,11,2024,4,ENFERMERIA,INYECTABLES,116,
DR. ALBERTO LIFSCHITZ,2024-11-01,11,2024,4,ENFERMERIA,INMUNIZACIONES,35,
ITATI,2024-11-01,11,2024,4,ENFERMERIA,CONTROL TENSION ARTERIAL,390,
ITATI,2024-11-01,11,2024,4,ENFERMERIA,TEMPERATURA,40,
ITATI,2024-11-01,11,2024,4,ENFERMERIA,GLUCEMIA,10,
ITATI,2024-11-01,11,2024,4,ENFERMERIA,NEBULIZACIONES,10,
ITATI,2024-11-01,11,2024,4,ENFERMERIA,PESO Y TALLA,392,
ITATI,2024-11-01,11,2024,4,ENFERMERIA,CURACIONES,30,
ITATI,2024-11-01,11,2024,4,ENFERMERIA,SUTURAS,5,
ITATI,2024-11-01,11,2024,4,ENFERMERIA,INYECTABLES,49,
ITATI,2024-11-01,11,2024,4,ENFERMERIA,INMUNIZACIONES,47,
ITATI,2024-11-01,11,2024,4,ENFERMERIA,IMPLANTE SUBDERMICO,2,
SANTA MARTA,2024-11-01,11,2024,4,ENFERMERIA,CONTROL TENSION ARTERIAL,105,
SANTA MARTA,2024-11-01,11,2024,4,ENFERMERIA,TEMPERATURA,112,
SANTA MARTA,2024-11-01,11,2024,4,ENFERMERIA,GLUCEMIA,8,
SANTA MARTA,2024-11-01,11,2024,4,ENFERMERIA,PESO Y TALLA,149,
SANTA MARTA,2024-11-01,11,2024,4,ENFERMERIA,CURACIONES,16,
SANTA MARTA,2024-11-01,11,2024,4,ENFERMERIA,INYECTABLES,31,
SANTA MARTA,2024-11-01,11,2024,4,ENFERMERIA,INMUNIZACIONES,82,
SAPUCAY,2024-11-01,11,2024,4,ENFERMERIA,CONTROL TENSION ARTERIAL,300,
SAPUCAY,2024-11-01,11,2024,4,ENFERMERIA,TEMPERATURA,80,
SAPUCAY,2024-11-01,11,2024,4,ENFERMERIA,GLUCEMIA,78,
SAPUCAY,2024-11-01,11,2024,4,ENFERMERIA,NEBULIZACIONES,10,
SAPUCAY,2024-11-01,11,2024,4,ENFERMERIA,PESO Y TALLA,400,
SAPUCAY,2024-11-01,11,2024,4,ENFERMERIA,CURACIONES,60,
SAPUCAY,2024-11-01,11,2024,4,ENFERMERIA,INYECTABLES,50,
SAPUCAY,2024-11-01,11,2024,4,ENFERMERIA,INMUNIZACIONES,40,
SAN MARCOS,2024-11-01,11,2024,4,ENFERMERIA,CONTROL TENSION ARTERIAL,142,
SAN MARCOS,2024-11-01,11,2024,4,ENFERMERIA,TEMPERATURA,5,
SAN MARCOS,2024-11-01,11,2024,4,ENFERMERIA,GLUCEMIA,33,
SAN MARCOS,2024-11-01,11,2024,4,ENFERMERIA,NEBULIZACIONES,2,
SAN MARCOS,2024-11-01,11,2024,4,ENFERMERIA,PESO Y TALLA,357,
SAN MARCOS,2024-11-01,11,2024,4,ENFERMERIA,CURACIONES,32,
SAN MARCOS,2024-11-01,11,2024,4,ENFERMERIA,INYECTABLES,28,
SAN MARCOS,2024-11-01,11,2024,4,ENFERMERIA,INMUNIZACIONES,100,
DR. CHERCOFF,2024-11-01,11,2024,4,ENFERMERIA,CONTROL TENSION ARTERIAL,220,
DR. CHERCOFF,2024-11-01,11,2024,4,ENFERMERIA,TEMPERATURA,200,
DR. CHERCOFF,2024-11-01,11,2024,4,ENFERMERIA,GLUCEMIA,12,
DR. CHERCOFF,2024-11-01,11,2024,4,ENFERMERIA,NEBULIZACIONES,7,
DR. CHERCOFF,2024-11-01,11,2024,4,ENFERMERIA,PESO Y TALLA,239,
DR. CHERCOFF,2024-11-01,11,2024,4,ENFERMERIA,CURACIONES,40,
DR. CHERCOFF,2024-11-01,11,2024,4,ENFERMERIA,INYECTABLES,38,
DR. CHERCOFF,2024-11-01,11,2024,4,ENFERMERIA,INMUNIZACIONES,4,
DR. ANIBAL MALVIDO,2024-11-01,11,2024,4,ENFERMERIA,CONTROL TENSION ARTERIAL,348,
DR. ANIBAL MALVIDO,2024-11-01,11,2024,4,ENFERMERIA,TEMPERATURA,42,
DR. ANIBAL MALVIDO,2024-11-01,11,2024,4,ENFERMERIA,GLUCEMIA,20,
DR. ANIBAL MALVIDO,2024-11-01,11,2024,4,ENFERMERIA,PESO Y TALLA,402,
DR. ANIBAL MALVIDO,2024-11-01,11,2024,4,ENFERMERIA,CURACIONES,8,
DR. ANIBAL MALVIDO,2024-11-01,11,2024,4,ENFERMERIA,INYECTABLES,54,
DR. ANIBAL MALVIDO,2024-11-01,11,2024,4,ENFERMERIA,INMUNIZACIONES,274,
DR. BENJAMIN SERRANO,2024-11-01,11,2024,4,ENFERMERIA,CONTROL TENSION ARTERIAL,275,
DR. BENJAMIN SERRANO,2024-11-01,11,2024,4,ENFERMERIA,TEMPERATURA,26,
DR. BENJAMIN SERRANO,2024-11-01,11,2024,4,ENFERMERIA,GLUCEMIA,12,
DR. BENJAMIN SERRANO,2024-11-01,11,2024,4,ENFERMERIA,PESO Y TALLA,189,
DR. BENJAMIN SERRANO,2024-11-01,11,2024,4,ENFERMERIA,CURACIONES,13,
DR. BENJAMIN SERRANO,2024-11-01,11,2024,4,ENFERMERIA,INYECTABLES,20,
DR. BENJAMIN SERRANO,2024-11-01,11,2024,4,ENFERMERIA,INMUNIZACIONES,84,
DR. FLIER,2024-10-01,10,2024,4,ENFERMERIA,CONTROL TENSION ARTERIAL,117,
DR. FLIER,2024-10-01,10,2024,4,ENFERMERIA,TEMPERATURA,96,
DR. FLIER,2024-10-01,10,2024,4,ENFERMERIA,GLUCEMIA,74,
DR. FLIER,2024-10-01,10,2024,4,ENFERMERIA,NEBULIZACIONES,60,
DR. FLIER,2024-10-01,10,2024,4,ENFERMERIA,PESO Y TALLA,163,
DR. FLIER,2024-10-01,10,2024,4,ENFERMERIA,CURACIONES,70,
DR. FLIER,2024-10-01,10,2024,4,ENFERMERIA,INYECTABLES,110,
DR. FLIER,2024-11-01,11,2024,4,ENFERMERIA,CONTROL TENSION ARTERIAL,127,
DR. FLIER,2024-11-01,11,2024,4,ENFERMERIA,TEMPERATURA,90,
DR. FLIER,2024-11-01,11,2024,4,ENFERMERIA,NEBULIZACIONES,75,
DR. FLIER,2024-11-01,11,2024,4,ENFERMERIA,PESO Y TALLA,137,
DR. FLIER,2024-11-01,11,2024,4,ENFERMERIA,CURACIONES,63,
DR. FLIER,2024-11-01,11,2024,4,ENFERMERIA,INYECTABLES,110,
DR. ANIBAL MALVIDO,2024-12-01,12,2024,4,ENFERMERIA,CONTROL TENSION ARTERIAL,456,
DR. ANIBAL MALVIDO,2024-12-01,12,2024,4,ENFERMERIA,TEMPERATURA,60,
DR. ANIBAL MALVIDO,2024-12-01,12,2024,4,ENFERMERIA,GLUCEMIA,10,
DR. ANIBAL MALVIDO,2024-12-01,12,2024,4,ENFERMERIA,NEBULIZACIONES,3,
DR. ANIBAL MALVIDO,2024-12-01,12,2024,4,ENFERMERIA,PESO Y TALLA,934,
DR. ANIBAL MALVIDO,2024-12-01,12,2024,4,ENFERMERIA,CURACIONES,5,
DR. ANIBAL MALVIDO,2024-12-01,12,2024,4,ENFERMERIA,SUTURAS,1,
DR. ANIBAL MALVIDO,2024-12-01,12,2024,4,ENFERMERIA,INYECTABLES,32,
DR. ANIBAL MALVIDO,2024-12-01,12,2024,4,ENFERMERIA,INMUNIZACIONES,213,
DR. MAURICIO OPEN,2024-12-01,12,2024,4,ENFERMERIA,CONTROL TENSION ARTERIAL,18,
DR. MAURICIO OPEN,2024-12-01,12,2024,4,ENFERMERIA,TEMPERATURA,6,
DR. MAURICIO OPEN,2024-12-01,12,2024,4,ENFERMERIA,PESO Y TALLA,57,
DR. MAURICIO OPEN,2024-12-01,12,2024,4,ENFERMERIA,CURACIONES,8,
DR. MAURICIO OPEN,2024-12-01,12,2024,4,ENFERMERIA,INMUNIZACIONES,43,
SANTA MARGARITA,2024-12-01,12,2024,4,ENFERMERIA,CONTROL TENSION ARTERIAL,147,
SANTA MARGARITA,2024-12-01,12,2024,4,ENFERMERIA,TEMPERATURA,10,
SANTA MARGARITA,2024-12-01,12,2024,4,ENFERMERIA,GLUCEMIA,15,
SANTA MARGARITA,2024-12-01,12,2024,4,ENFERMERIA,PESO Y TALLA,250,
SANTA MARGARITA,2024-12-01,12,2024,4,ENFERMERIA,CURACIONES,30,
SANTA MARGARITA,2024-12-01,12,2024,4,ENFERMERIA,INYECTABLES,45,
DR. JOSE DE LOS REYES VIDAL,2024-12-01,12,2024,4,ENFERMERIA,CONTROL TENSION ARTERIAL,150,
DR. JOSE DE LOS REYES VIDAL,2024-12-01,12,2024,4,ENFERMERIA,TEMPERATURA,10,
DR. JOSE DE LOS REYES VIDAL,2024-12-01,12,2024,4,ENFERMERIA,GLUCEMIA,100,
DR. JOSE DE LOS REYES VIDAL,2024-12-01,12,2024,4,ENFERMERIA,CURACIONES,10,
DR. JOSE DE LOS REYES VIDAL,2024-12-01,12,2024,4,ENFERMERIA,INYECTABLES,130,
MARCELINO VERA,2024-12-01,12,2024,4,ENFERMERIA,CONTROL TENSION ARTERIAL,40,
MARCELINO VERA,2024-12-01,12,2024,4,ENFERMERIA,TEMPERATURA,10,
MARCELINO VERA,2024-12-01,12,2024,4,ENFERMERIA,GLUCEMIA,5,
MARCELINO VERA,2024-12-01,12,2024,4,ENFERMERIA,PESO Y TALLA,30,
MARCELINO VERA,2024-12-01,12,2024,4,ENFERMERIA,CURACIONES,5,
MARCELINO VERA,2024-12-01,12,2024,4,ENFERMERIA,INYECTABLES,15,
MARCELINO VERA,2024-12-01,12,2024,4,ENFERMERIA,INMUNIZACIONES,32,
ESPERANZA,2024-12-01,12,2024,4,ENFERMERIA,CONTROL TENSION ARTERIAL,510,
ESPERANZA,2024-12-01,12,2024,4,ENFERMERIA,TEMPERATURA,20,
ESPERANZA,2024-12-01,12,2024,4,ENFERMERIA,NEBULIZACIONES,9,
ESPERANZA,2024-12-01,12,2024,4,ENFERMERIA,PESO Y TALLA,724,
ESPERANZA,2024-12-01,12,2024,4,ENFERMERIA,CURACIONES,22,
ESPERANZA,2024-12-01,12,2024,4,ENFERMERIA,INYECTABLES,45,
ESPERANZA,2024-12-01,12,2024,4,ENFERMERIA,INMUNIZACIONES,123,
GDOR. ELIAS GALVAN,2024-12-01,12,2024,4,ENFERMERIA,CONTROL TENSION ARTERIAL,316,
GDOR. ELIAS GALVAN,2024-12-01,12,2024,4,ENFERMERIA,TEMPERATURA,287,
GDOR. ELIAS GALVAN,2024-12-01,12,2024,4,ENFERMERIA,GLUCEMIA,9,
GDOR. ELIAS GALVAN,2024-12-01,12,2024,4,ENFERMERIA,NEBULIZACIONES,15,
GDOR. ELIAS GALVAN,2024-12-01,12,2024,4,ENFERMERIA,PESO Y TALLA,300,
GDOR. ELIAS GALVAN,2024-12-01,12,2024,4,ENFERMERIA,CURACIONES,54,
GDOR. ELIAS GALVAN,2024-12-01,12,2024,4,ENFERMERIA,INYECTABLES,30,
GDOR. ELIAS GALVAN,2024-12-01,12,2024,4,ENFERMERIA,INMUNIZACIONES,11,
SAPUCAY,2024-12-01,12,2024,4,ENFERMERIA,CONTROL TENSION ARTERIAL,200,
SAPUCAY,2024-12-01,12,2024,4,ENFERMERIA,TEMPERATURA,30,
SAPUCAY,2024-12-01,12,2024,4,ENFERMERIA,GLUCEMIA,50,
SAPUCAY,2024-12-01,12,2024,4,ENFERMERIA,NEBULIZACIONES,10,
SAPUCAY,2024-12-01,12,2024,4,ENFERMERIA,PESO Y TALLA,200,
SAPUCAY,2024-12-01,12,2024,4,ENFERMERIA,CURACIONES,40,
SAPUCAY,2024-12-01,12,2024,4,ENFERMERIA,INYECTABLES,35,
SAPUCAY,2024-12-01,12,2024,4,ENFERMERIA,INMUNIZACIONES,25,
PUJOL,2024-12-01,12,2024,4,ENFERMERIA,CONTROL TENSION ARTERIAL,80,
PUJOL,2024-12-01,12,2024,4,ENFERMERIA,TEMPERATURA,10,
PUJOL,2024-12-01,12,2024,4,ENFERMERIA,GLUCEMIA,10,
PUJOL,2024-12-01,12,2024,4,ENFERMERIA,NEBULIZACIONES,5,
PUJOL,2024-12-01,12,2024,4,ENFERMERIA,PESO Y TALLA,150,
PUJOL,2024-12-01,12,2024,4,ENFERMERIA,CURACIONES,25,
PUJOL,2024-12-01,12,2024,4,ENFERMERIA,INYECTABLES,30,
PUJOL,2024-12-01,12,2024,4,ENFERMERIA,INMUNIZACIONES,34,
DR. CHERCOFF,2024-12-01,12,2024,4,ENFERMERIA,CONTROL TENSION ARTERIAL,197,
DR. CHERCOFF,2024-12-01,12,2024,4,ENFERMERIA,TEMPERATURA,173,
DR. CHERCOFF,2024-12-01,12,2024,4,ENFERMERIA,GLUCEMIA,10,
DR. CHERCOFF,2024-12-01,12,2024,4,ENFERMERIA,PESO Y TALLA,180,
DR. CHERCOFF,2024-12-01,12,2024,4,ENFERMERIA,CURACIONES,50,
DR. CHERCOFF,2024-12-01,12,2024,4,ENFERMERIA,INYECTABLES,47,
DR. CHERCOFF,2024-12-01,12,2024,4,ENFERMERIA,INMUNIZACIONES,16,
VILLA GARCIA,2024-12-01,12,2024,4,ENFERMERIA,CONTROL TENSION ARTERIAL,50,
VILLA GARCIA,2024-12-01,12,2024,4,ENFERMERIA,TEMPERATURA,15,
VILLA GARCIA,2024-12-01,12,2024,4,ENFERMERIA,GLUCEMIA,18,
VILLA GARCIA,2024-12-01,12,2024,4,ENFERMERIA,PESO Y TALLA,89,
VILLA GARCIA,2024-12-01,12,2024,4,ENFERMERIA,CURACIONES,10,
VILLA GARCIA,2024-12-01,12,2024,4,ENFERMERIA,INYECTABLES,30,
VILLA GARCIA,2024-12-01,12,2024,4,ENFERMERIA,INMUNIZACIONES,31,
Dr. CALMANASH,2024-12-01,12,2024,4,ENFERMERIA,CONTROL TENSION ARTERIAL,82,
Dr. CALMANASH,2024-12-01,12,2024,4,ENFERMERIA,TEMPERATURA,5,
Dr. CALMANASH,2024-12-01,12,2024,4,ENFERMERIA,NEBULIZACIONES,12,
Dr. CALMANASH,2024-12-01,12,2024,4,ENFERMERIA,PESO Y TALLA,145,
Dr. CALMANASH,2024-12-01,12,2024,4,ENFERMERIA,CURACIONES,2,
Dr. CALMANASH,2024-12-01,12,2024,4,ENFERMERIA,INYECTABLES,85,
Dr. CALMANASH,2024-12-01,12,2024,4,ENFERMERIA,INMUNIZACIONES,23,
RIO PARANA,2024-12-01,12,2024,4,ENFERMERIA,CONTROL TENSION ARTERIAL,199,
RIO PARANA,2024-12-01,12,2024,4,ENFERMERIA,TEMPERATURA,78,
RIO PARANA,2024-12-01,12,2024,4,ENFERMERIA,GLUCEMIA,15,
RIO PARANA,2024-12-01,12,2024,4,ENFERMERIA,PESO Y TALLA,238,
RIO PARANA,2024-12-01,12,2024,4,ENFERMERIA,CURACIONES,147,
RIO PARANA,2024-12-01,12,2024,4,ENFERMERIA,INYECTABLES,97,
RIO PARANA,2024-12-01,12,2024,4,ENFERMERIA,INMUNIZACIONES,123,
Dr. SANTIAGO LORENZO,2024-11-01,11,2024,4,ENFERMERIA,CONTROL TENSION ARTERIAL,130,
Dr. SANTIAGO LORENZO,2024-11-01,11,2024,4,ENFERMERIA,GLUCEMIA,5,
Dr. SANTIAGO LORENZO,2024-11-01,11,2024,4,ENFERMERIA,PESO Y TALLA,274,
Dr. SANTIAGO LORENZO,2024-11-01,11,2024,4,ENFERMERIA,CURACIONES,9,
Dr. SANTIAGO LORENZO,2024-11-01,11,2024,4,ENFERMERIA,INYECTABLES,31,
Dr. SANTIAGO LORENZO,2024-11-01,11,2024,4,ENFERMERIA,INMUNIZACIONES,76,
Dr. SANTIAGO LORENZO,2024-12-01,12,2024,4,ENFERMERIA,CONTROL TENSION ARTERIAL,44,
Dr. SANTIAGO LORENZO,2024-12-01,12,2024,4,ENFERMERIA,GLUCEMIA,6,
Dr. SANTIAGO LORENZO,2024-12-01,12,2024,4,ENFERMERIA,PESO Y TALLA,222,
Dr. SANTIAGO LORENZO,2024-12-01,12,2024,4,ENFERMERIA,INYECTABLES,9,
Dr. SANTIAGO LORENZO,2024-12-01,12,2024,4,ENFERMERIA,INMUNIZACIONES,25,
Dr. SANTIAGO LORENZO,2024-12-01,12,2024,4,ENFERMERIA,INMUNIZACIONES,123,
DR. KORIMBLUM,2024-12-01,12,2024,4,ENFERMERIA,CONTROL TENSION ARTERIAL,62,
DR. KORIMBLUM,2024-12-01,12,2024,4,ENFERMERIA,TEMPERATURA,1,
DR. KORIMBLUM,2024-12-01,12,2024,4,ENFERMERIA,GLUCEMIA,4,
DR. KORIMBLUM,2024-12-01,12,2024,4,ENFERMERIA,PESO Y TALLA,93,
DR. KORIMBLUM,2024-12-01,12,2024,4,ENFERMERIA,CURACIONES,9,
DR. KORIMBLUM,2024-12-01,12,2024,4,ENFERMERIA,INYECTABLES,19,
DR. KORIMBLUM,2024-12-01,12,2024,4,ENFERMERIA,INMUNIZACIONES,44,
SAN MARCOS,2024-12-01,12,2024,4,ENFERMERIA,CONTROL TENSION ARTERIAL,93,
SAN MARCOS,2024-12-01,12,2024,4,ENFERMERIA,TEMPERATURA,7,
SAN MARCOS,2024-12-01,12,2024,4,ENFERMERIA,GLUCEMIA,20,
SAN MARCOS,2024-12-01,12,2024,4,ENFERMERIA,NEBULIZACIONES,8,
SAN MARCOS,2024-12-01,12,2024,4,ENFERMERIA,PESO Y TALLA,330,
SAN MARCOS,2024-12-01,12,2024,4,ENFERMERIA,CURACIONES,9,
SAN MARCOS,2024-12-01,12,2024,4,ENFERMERIA,INYECTABLES,15,
SAN MARCOS,2024-12-01,12,2024,4,ENFERMERIA,INMUNIZACIONES,60,
DR. PIRCHI,2024-12-01,12,2024,4,ENFERMERIA,CONTROL TENSION ARTERIAL,129,
DR. PIRCHI,2024-12-01,12,2024,4,ENFERMERIA,TEMPERATURA,11,
DR. PIRCHI,2024-12-01,12,2024,4,ENFERMERIA,GLUCEMIA,31,
DR. PIRCHI,2024-12-01,12,2024,4,ENFERMERIA,NEBULIZACIONES,2,
DR. PIRCHI,2024-12-01,12,2024,4,ENFERMERIA,PESO Y TALLA,102,
DR. PIRCHI,2024-12-01,12,2024,4,ENFERMERIA,CURACIONES,32,
DR. PIRCHI,2024-12-01,12,2024,4,ENFERMERIA,INYECTABLES,59,
DR. PIRCHI,2024-12-01,12,2024,4,ENFERMERIA,INMUNIZACIONES,92,
DR. MAURICIO OPEN,2025-01-01,1,2025,4,ENFERMERIA,CONTROL TENSION ARTERIAL,25,
DR. MAURICIO OPEN,2025-01-01,1,2025,4,ENFERMERIA,TEMPERATURA,3,
DR. MAURICIO OPEN,2025-01-01,1,2025,4,ENFERMERIA,GLUCEMIA,4,
DR. MAURICIO OPEN,2025-01-01,1,2025,4,ENFERMERIA,PESO Y TALLA,274,
DR. MAURICIO OPEN,2025-01-01,1,2025,4,ENFERMERIA,CURACIONES,14,
DR. MAURICIO OPEN,2025-01-01,1,2025,4,ENFERMERIA,INYECTABLES,13,
DR. MAURICIO OPEN,2025-01-01,1,2025,4,ENFERMERIA,INMUNIZACIONES,53,
GDOR. ELIAS GALVAN,2025-01-01,1,2025,4,ENFERMERIA,CONTROL TENSION ARTERIAL,252,
GDOR. ELIAS GALVAN,2025-01-01,1,2025,4,ENFERMERIA,TEMPERATURA,208,
GDOR. ELIAS GALVAN,2025-01-01,1,2025,4,ENFERMERIA,GLUCEMIA,39,
GDOR. ELIAS GALVAN,2025-01-01,1,2025,4,ENFERMERIA,NEBULIZACIONES,16,
GDOR. ELIAS GALVAN,2025-01-01,1,2025,4,ENFERMERIA,PESO Y TALLA,203,
GDOR. ELIAS GALVAN,2025-01-01,1,2025,4,ENFERMERIA,CURACIONES,72,
GDOR. ELIAS GALVAN,2025-01-01,1,2025,4,ENFERMERIA,INYECTABLES,22,
GDOR. ELIAS GALVAN,2025-01-01,1,2025,4,ENFERMERIA,INMUNIZACIONES,26,
MARCELINO VERA,2025-01-01,1,2025,4,ENFERMERIA,CONTROL TENSION ARTERIAL,80,
MARCELINO VERA,2025-01-01,1,2025,4,ENFERMERIA,TEMPERATURA,20,
MARCELINO VERA,2025-01-01,1,2025,4,ENFERMERIA,GLUCEMIA,5,
MARCELINO VERA,2025-01-01,1,2025,4,ENFERMERIA,PESO Y TALLA,78,
MARCELINO VERA,2025-01-01,1,2025,4,ENFERMERIA,CURACIONES,10,
MARCELINO VERA,2025-01-01,1,2025,4,ENFERMERIA,INYECTABLES,25,
MARCELINO VERA,2025-01-01,1,2025,4,ENFERMERIA,INMUNIZACIONES,20,
ESPERANZA,2025-01-01,1,2025,4,ENFERMERIA,CONTROL TENSION ARTERIAL,179,
ESPERANZA,2025-01-01,1,2025,4,ENFERMERIA,TEMPERATURA,15,
ESPERANZA,2025-01-01,1,2025,4,ENFERMERIA,GLUCEMIA,6,
ESPERANZA,2025-01-01,1,2025,4,ENFERMERIA,NEBULIZACIONES,12,
ESPERANZA,2025-01-01,1,2025,4,ENFERMERIA,PESO Y TALLA,444,
ESPERANZA,2025-01-01,1,2025,4,ENFERMERIA,CURACIONES,19,
ESPERANZA,2025-01-01,1,2025,4,ENFERMERIA,INYECTABLES,30,
ESPERANZA,2025-01-01,1,2025,4,ENFERMERIA,INMUNIZACIONES,141,
SAN MARCOS,2025-01-01,1,2025,4,ENFERMERIA,CONTROL TENSION ARTERIAL,83,
SAN MARCOS,2025-01-01,1,2025,4,ENFERMERIA,TEMPERATURA,4,
SAN MARCOS,2025-01-01,1,2025,4,ENFERMERIA,GLUCEMIA,5,
SAN MARCOS,2025-01-01,1,2025,4,ENFERMERIA,PESO Y TALLA,206,
SAN MARCOS,2025-01-01,1,2025,4,ENFERMERIA,CURACIONES,8,
SAN MARCOS,2025-01-01,1,2025,4,ENFERMERIA,INYECTABLES,6,
SAN MARCOS,2025-01-01,1,2025,4,ENFERMERIA,INMUNIZACIONES,63,
DR. ANIBAL MALVIDO,2025-01-01,1,2025,4,ENFERMERIA,CONTROL TENSION ARTERIAL,192,
DR. ANIBAL MALVIDO,2025-01-01,1,2025,4,ENFERMERIA,GLUCEMIA,15,
DR. ANIBAL MALVIDO,2025-01-01,1,2025,4,ENFERMERIA,PESO Y TALLA,248,
DR. ANIBAL MALVIDO,2025-01-01,1,2025,4,ENFERMERIA,CURACIONES,7,
DR. ANIBAL MALVIDO,2025-01-01,1,2025,4,ENFERMERIA,SUTURAS,1,
DR. ANIBAL MALVIDO,2025-01-01,1,2025,4,ENFERMERIA,INYECTABLES,54,
DR. ANIBAL MALVIDO,2025-01-01,1,2025,4,ENFERMERIA,INMUNIZACIONES,168,
DR. KORIMBLUM,2025-01-01,1,2025,4,ENFERMERIA,CONTROL TENSION ARTERIAL,53,
DR. KORIMBLUM,2025-01-01,1,2025,4,ENFERMERIA,GLUCEMIA,4,
DR. KORIMBLUM,2025-01-01,1,2025,4,ENFERMERIA,PESO Y TALLA,164,
DR. KORIMBLUM,2025-01-01,1,2025,4,ENFERMERIA,CURACIONES,4,
DR. KORIMBLUM,2025-01-01,1,2025,4,ENFERMERIA,INYECTABLES,12,
DR. JOSE DE LOS REYES VIDAL,2025-01-01,1,2025,4,ENFERMERIA,CONTROL TENSION ARTERIAL,160,
DR. JOSE DE LOS REYES VIDAL,2025-01-01,1,2025,4,ENFERMERIA,GLUCEMIA,80,
DR. JOSE DE LOS REYES VIDAL,2025-01-01,1,2025,4,ENFERMERIA,CURACIONES,40,
DR. JOSE DE LOS REYES VIDAL,2025-01-01,1,2025,4,ENFERMERIA,INYECTABLES,120,
Dr. SANTIAGO LORENZO,2025-01-01,1,2025,4,ENFERMERIA,CONTROL TENSION ARTERIAL,68,
Dr. SANTIAGO LORENZO,2025-01-01,1,2025,4,ENFERMERIA,GLUCEMIA,5,
Dr. SANTIAGO LORENZO,2025-01-01,1,2025,4,ENFERMERIA,PESO Y TALLA,125,
Dr. SANTIAGO LORENZO,2025-01-01,1,2025,4,ENFERMERIA,CURACIONES,12,
Dr. SANTIAGO LORENZO,2025-01-01,1,2025,4,ENFERMERIA,INYECTABLES,18,
Dr. SANTIAGO LORENZO,2025-01-01,1,2025,4,ENFERMERIA,INMUNIZACIONES,81,
SANTA MARGARITA,2025-01-01,1,2025,4,ENFERMERIA,CONTROL TENSION ARTERIAL,110,
SANTA MARGARITA,2025-01-01,1,2025,4,ENFERMERIA,TEMPERATURA,20,
SANTA MARGARITA,2025-01-01,1,2025,4,ENFERMERIA,GLUCEMIA,15,
SANTA MARGARITA,2025-01-01,1,2025,4,ENFERMERIA,PESO Y TALLA,80,
SANTA MARGARITA,2025-01-01,1,2025,4,ENFERMERIA,CURACIONES,25,
SANTA MARGARITA,2025-01-01,1,2025,4,ENFERMERIA,INYECTABLES,35,
SANTA MARTA,2025-01-01,1,2025,4,ENFERMERIA,CONTROL TENSION ARTERIAL,78,
SANTA MARTA,2025-01-01,1,2025,4,ENFERMERIA,TEMPERATURA,12,
SANTA MARTA,2025-01-01,1,2025,4,ENFERMERIA,PESO Y TALLA,178,
SANTA MARTA,2025-01-01,1,2025,4,ENFERMERIA,CURACIONES,36,
SANTA MARTA,2025-01-01,1,2025,4,ENFERMERIA,INYECTABLES,27,
SANTA MARTA,2025-01-01,1,2025,4,ENFERMERIA,INMUNIZACIONES,73,
Dr. CALMANASH,2025-01-01,1,2025,4,ENFERMERIA,CONTROL TENSION ARTERIAL,187,
Dr. CALMANASH,2025-01-01,1,2025,4,ENFERMERIA,TEMPERATURA,5,
Dr. CALMANASH,2025-01-01,1,2025,4,ENFERMERIA,GLUCEMIA,3,
Dr. CALMANASH,2025-01-01,1,2025,4,ENFERMERIA,NEBULIZACIONES,11,
Dr. CALMANASH,2025-01-01,1,2025,4,ENFERMERIA,PESO Y TALLA,157,
Dr. CALMANASH,2025-01-01,1,2025,4,ENFERMERIA,CURACIONES,23,
Dr. CALMANASH,2025-01-01,1,2025,4,ENFERMERIA,INYECTABLES,83,
Dr. CALMANASH,2025-01-01,1,2025,4,ENFERMERIA,INMUNIZACIONES,48,
Dr. CALMANASH,2025-01-01,1,2025,4,ENFERMERIA,PAP,5,
PUJOL,2025-01-01,1,2025,4,ENFERMERIA,CONTROL TENSION ARTERIAL,150,
PUJOL,2025-01-01,1,2025,4,ENFERMERIA,TEMPERATURA,15,
PUJOL,2025-01-01,1,2025,4,ENFERMERIA,GLUCEMIA,30,
PUJOL,2025-01-01,1,2025,4,ENFERMERIA,NEBULIZACIONES,10,
PUJOL,2025-01-01,1,2025,4,ENFERMERIA,PESO Y TALLA,140,
PUJOL,2025-01-01,1,2025,4,ENFERMERIA,CURACIONES,20,
PUJOL,2025-01-01,1,2025,4,ENFERMERIA,INYECTABLES,60,
PUJOL,2025-01-01,1,2025,4,ENFERMERIA,INMUNIZACIONES,51,
DR. CHERCOFF,2025-01-01,1,2025,4,ENFERMERIA,CONTROL TENSION ARTERIAL,217,
DR. CHERCOFF,2025-01-01,1,2025,4,ENFERMERIA,TEMPERATURA,180,
DR. CHERCOFF,2025-01-01,1,2025,4,ENFERMERIA,GLUCEMIA,11,
DR. CHERCOFF,2025-01-01,1,2025,4,ENFERMERIA,PESO Y TALLA,200,
DR. CHERCOFF,2025-01-01,1,2025,4,ENFERMERIA,CURACIONES,68,
DR. CHERCOFF,2025-01-01,1,2025,4,ENFERMERIA,INYECTABLES,53,
DR. CHERCOFF,2025-01-01,1,2025,4,ENFERMERIA,INMUNIZACIONES,5,
ITATI,2024-12-01,12,2024,4,ENFERMERIA,CONTROL TENSION ARTERIAL,101,
ITATI,2024-12-01,12,2024,4,ENFERMERIA,TEMPERATURA,15,
ITATI,2024-12-01,12,2024,4,ENFERMERIA,GLUCEMIA,10,
ITATI,2024-12-01,12,2024,4,ENFERMERIA,NEBULIZACIONES,3,
ITATI,2024-12-01,12,2024,4,ENFERMERIA,PESO Y TALLA,86,
ITATI,2024-12-01,12,2024,4,ENFERMERIA,CURACIONES,20,
ITATI,2024-12-01,12,2024,4,ENFERMERIA,INYECTABLES,41,
ITATI,2024-12-01,12,2024,4,ENFERMERIA,INMUNIZACIONES,43,
ITATI,2025-01-01,1,2025,4,ENFERMERIA,CONTROL TENSION ARTERIAL,322,
ITATI,2025-01-01,1,2025,4,ENFERMERIA,TEMPERATURA,32,
ITATI,2025-01-01,1,2025,4,ENFERMERIA,GLUCEMIA,15,
ITATI,2025-01-01,1,2025,4,ENFERMERIA,PESO Y TALLA,322,
ITATI,2025-01-01,1,2025,4,ENFERMERIA,CURACIONES,20,
ITATI,2025-01-01,1,2025,4,ENFERMERIA,SUTURAS,15,
ITATI,2025-01-01,1,2025,4,ENFERMERIA,INYECTABLES,40,
ITATI,2025-01-01,1,2025,4,ENFERMERIA,INMUNIZACIONES,41,
DR. PIRCHI,2025-01-01,1,2025,4,ENFERMERIA,CONTROL TENSION ARTERIAL,78,
DR. PIRCHI,2025-01-01,1,2025,4,ENFERMERIA,TEMPERATURA,43,
DR. PIRCHI,2025-01-01,1,2025,4,ENFERMERIA,GLUCEMIA,27,
DR. PIRCHI,2025-01-01,1,2025,4,ENFERMERIA,NEBULIZACIONES,5,
DR. PIRCHI,2025-01-01,1,2025,4,ENFERMERIA,PESO Y TALLA,177,
DR. PIRCHI,2025-01-01,1,2025,4,ENFERMERIA,CURACIONES,64,
DR. PIRCHI,2025-01-01,1,2025,4,ENFERMERIA,INYECTABLES,65,
DR. PIRCHI,2025-01-01,1,2025,4,ENFERMERIA,INMUNIZACIONES,96,
VILLA GARCIA,2025-01-01,1,2025,4,ENFERMERIA,CONTROL TENSION ARTERIAL,45,
VILLA GARCIA,2025-01-01,1,2025,4,ENFERMERIA,TEMPERATURA,15,
VILLA GARCIA,2025-01-01,1,2025,4,ENFERMERIA,GLUCEMIA,10,
VILLA GARCIA,2025-01-01,1,2025,4,ENFERMERIA,PESO Y TALLA,74,
VILLA GARCIA,2025-01-01,1,2025,4,ENFERMERIA,CURACIONES,10,
VILLA GARCIA,2025-01-01,1,2025,4,ENFERMERIA,INYECTABLES,15,
VILLA GARCIA,2025-01-01,1,2025,4,ENFERMERIA,INMUNIZACIONES,13,
DR. BENJAMIN SERRANO,2024-12-01,12,2024,4,ENFERMERIA,CONTROL TENSION ARTERIAL,220,
DR. BENJAMIN SERRANO,2024-12-01,12,2024,4,ENFERMERIA,TEMPERATURA,8,
DR. BENJAMIN SERRANO,2024-12-01,12,2024,4,ENFERMERIA,GLUCEMIA,4,
DR. BENJAMIN SERRANO,2024-12-01,12,2024,4,ENFERMERIA,PESO Y TALLA,246,
DR. BENJAMIN SERRANO,2024-12-01,12,2024,4,ENFERMERIA,CURACIONES,5,
DR. BENJAMIN SERRANO,2024-12-01,12,2024,4,ENFERMERIA,INYECTABLES,34,
DR. BENJAMIN SERRANO,2024-12-01,12,2024,4,ENFERMERIA,INMUNIZACIONES,73,
DR. ALBERTO LIFSCHITZ,2025-01-01,1,2025,4,ENFERMERIA,CONTROL TENSION ARTERIAL,87,
DR. ALBERTO LIFSCHITZ,2025-01-01,1,2025,4,ENFERMERIA,TEMPERATURA,8,
DR. ALBERTO LIFSCHITZ,2025-01-01,1,2025,4,ENFERMERIA,GLUCEMIA,1,
DR. ALBERTO LIFSCHITZ,2025-01-01,1,2025,4,ENFERMERIA,NEBULIZACIONES,31,
DR. ALBERTO LIFSCHITZ,2025-01-01,1,2025,4,ENFERMERIA,PESO Y TALLA,255,
DR. ALBERTO LIFSCHITZ,2025-01-01,1,2025,4,ENFERMERIA,CURACIONES,16,
DR. ALBERTO LIFSCHITZ,2025-01-01,1,2025,4,ENFERMERIA,INYECTABLES,56,
DR. ALBERTO LIFSCHITZ,2025-01-01,1,2025,4,ENFERMERIA,INMUNIZACIONES,11,
SAPUCAY,2025-01-01,1,2025,4,ENFERMERIA,CONTROL TENSION ARTERIAL,300,
SAPUCAY,2025-01-01,1,2025,4,ENFERMERIA,TEMPERATURA,20,
SAPUCAY,2025-01-01,1,2025,4,ENFERMERIA,GLUCEMIA,60,
SAPUCAY,2025-01-01,1,2025,4,ENFERMERIA,NEBULIZACIONES,15,
SAPUCAY,2025-01-01,1,2025,4,ENFERMERIA,PESO Y TALLA,300,
SAPUCAY,2025-01-01,1,2025,4,ENFERMERIA,CURACIONES,80,
SAPUCAY,2025-01-01,1,2025,4,ENFERMERIA,INYECTABLES,35,
SAPUCAY,2025-01-01,1,2025,4,ENFERMERIA,INMUNIZACIONES,45,
DR. MAURICIO OPEN,2025-02-01,2,2025,4,ENFERMERIA,CONTROL TENSION ARTERIAL,44,
DR. MAURICIO OPEN,2025-02-01,2,2025,4,ENFERMERIA,TEMPERATURA,3,
DR. MAURICIO OPEN,2025-02-01,2,2025,4,ENFERMERIA,GLUCEMIA,3,
DR. MAURICIO OPEN,2025-02-01,2,2025,4,ENFERMERIA,PESO Y TALLA,52,
DR. MAURICIO OPEN,2025-02-01,2,2025,4,ENFERMERIA,CURACIONES,14,
DR. MAURICIO OPEN,2025-02-01,2,2025,4,ENFERMERIA,INYECTABLES,7,
DR. MAURICIO OPEN,2025-02-01,2,2025,4,ENFERMERIA,INMUNIZACIONES,39,
DR. KORIMBLUM,2025-02-01,2,2025,4,ENFERMERIA,CONTROL TENSION ARTERIAL,78,
DR. KORIMBLUM,2025-02-01,2,2025,4,ENFERMERIA,TEMPERATURA,2,
DR. KORIMBLUM,2025-02-01,2,2025,4,ENFERMERIA,GLUCEMIA,7,
DR. KORIMBLUM,2025-02-01,2,2025,4,ENFERMERIA,PESO Y TALLA,179,
DR. KORIMBLUM,2025-02-01,2,2025,4,ENFERMERIA,CURACIONES,10,
DR. KORIMBLUM,2025-02-01,2,2025,4,ENFERMERIA,INYECTABLES,20,
DR. KORIMBLUM,2025-02-01,2,2025,4,ENFERMERIA,IMPLANTE SUBDERMICO,7,
DR. ANIBAL MALVIDO,2025-02-01,2,2025,4,ENFERMERIA,CONTROL TENSION ARTERIAL,538,
DR. ANIBAL MALVIDO,2025-02-01,2,2025,4,ENFERMERIA,GLUCEMIA,12,
DR. ANIBAL MALVIDO,2025-02-01,2,2025,4,ENFERMERIA,NEBULIZACIONES,5,
DR. ANIBAL MALVIDO,2025-02-01,2,2025,4,ENFERMERIA,PESO Y TALLA,713,
DR. ANIBAL MALVIDO,2025-02-01,2,2025,4,ENFERMERIA,CURACIONES,21,
DR. ANIBAL MALVIDO,2025-02-01,2,2025,4,ENFERMERIA,INYECTABLES,105,
DR. ANIBAL MALVIDO,2025-02-01,2,2025,4,ENFERMERIA,INMUNIZACIONES,253,
DR. ANIBAL MALVIDO,2025-02-01,2,2025,4,ENFERMERIA,PAP,2,
DR. JOSE DE LOS REYES VIDAL,2025-02-01,2,2025,4,ENFERMERIA,CONTROL TENSION ARTERIAL,98,
DR. JOSE DE LOS REYES VIDAL,2025-02-01,2,2025,4,ENFERMERIA,GLUCEMIA,46,
DR. JOSE DE LOS REYES VIDAL,2025-02-01,2,2025,4,ENFERMERIA,PESO Y TALLA,52,
DR. JOSE DE LOS REYES VIDAL,2025-02-01,2,2025,4,ENFERMERIA,CURACIONES,15,
DR. JOSE DE LOS REYES VIDAL,2025-02-01,2,2025,4,ENFERMERIA,INYECTABLES,75,
MARCELINO VERA,2025-02-01,2,2025,4,ENFERMERIA,CONTROL TENSION ARTERIAL,70,
MARCELINO VERA,2025-02-01,2,2025,4,ENFERMERIA,TEMPERATURA,25,
MARCELINO VERA,2025-02-01,2,2025,4,ENFERMERIA,GLUCEMIA,10,
MARCELINO VERA,2025-02-01,2,2025,4,ENFERMERIA,PESO Y TALLA,70,
MARCELINO VERA,2025-02-01,2,2025,4,ENFERMERIA,CURACIONES,10,
MARCELINO VERA,2025-02-01,2,2025,4,ENFERMERIA,INYECTABLES,25,
MARCELINO VERA,2025-02-01,2,2025,4,ENFERMERIA,INMUNIZACIONES,7,
SANTA MARGARITA,2025-02-01,2,2025,4,ENFERMERIA,CONTROL TENSION ARTERIAL,350,
SANTA MARGARITA,2025-02-01,2,2025,4,ENFERMERIA,TEMPERATURA,25,
SANTA MARGARITA,2025-02-01,2,2025,4,ENFERMERIA,GLUCEMIA,10,
SANTA MARGARITA,2025-02-01,2,2025,4,ENFERMERIA,PESO Y TALLA,220,
SANTA MARGARITA,2025-02-01,2,2025,4,ENFERMERIA,CURACIONES,15,
SANTA MARGARITA,2025-02-01,2,2025,4,ENFERMERIA,INYECTABLES,50,
GDOR. ELIAS GALVAN,2025-02-01,2,2025,4,ENFERMERIA,CONTROL TENSION ARTERIAL,280,
GDOR. ELIAS GALVAN,2025-02-01,2,2025,4,ENFERMERIA,TEMPERATURA,290,
GDOR. ELIAS GALVAN,2025-02-01,2,2025,4,ENFERMERIA,GLUCEMIA,15,
GDOR. ELIAS GALVAN,2025-02-01,2,2025,4,ENFERMERIA,PESO Y TALLA,280,
GDOR. ELIAS GALVAN,2025-02-01,2,2025,4,ENFERMERIA,CURACIONES,80,
GDOR. ELIAS GALVAN,2025-02-01,2,2025,4,ENFERMERIA,INYECTABLES,30,
DR. BENJAMIN SERRANO,2025-01-01,1,2025,4,ENFERMERIA,CONTROL TENSION ARTERIAL,235,
DR. BENJAMIN SERRANO,2025-01-01,1,2025,4,ENFERMERIA,TEMPERATURA,12,
DR. BENJAMIN SERRANO,2025-01-01,1,2025,4,ENFERMERIA,GLUCEMIA,13,
DR. BENJAMIN SERRANO,2025-01-01,1,2025,4,ENFERMERIA,PESO Y TALLA,331,
DR. BENJAMIN SERRANO,2025-01-01,1,2025,4,ENFERMERIA,CURACIONES,10,
DR. BENJAMIN SERRANO,2025-01-01,1,2025,4,ENFERMERIA,INYECTABLES,45,
RIO PARANA,2025-02-01,2,2025,4,ENFERMERIA,CONTROL TENSION ARTERIAL,272,
RIO PARANA,2025-02-01,2,2025,4,ENFERMERIA,TEMPERATURA,105,
RIO PARANA,2025-02-01,2,2025,4,ENFERMERIA,GLUCEMIA,15,
RIO PARANA,2025-02-01,2,2025,4,ENFERMERIA,PESO Y TALLA,299,
RIO PARANA,2025-02-01,2,2025,4,ENFERMERIA,CURACIONES,92,
RIO PARANA,2025-02-01,2,2025,4,ENFERMERIA,INYECTABLES,125,
RIO PARANA,2025-02-01,2,2025,4,ENFERMERIA,INMUNIZACIONES,107,
PUJOL,2025-02-01,2,2025,4,ENFERMERIA,CONTROL TENSION ARTERIAL,138,
PUJOL,2025-02-01,2,2025,4,ENFERMERIA,TEMPERATURA,10,
PUJOL,2025-02-01,2,2025,4,ENFERMERIA,GLUCEMIA,25,
PUJOL,2025-02-01,2,2025,4,ENFERMERIA,NEBULIZACIONES,5,
PUJOL,2025-02-01,2,2025,4,ENFERMERIA,PESO Y TALLA,220,
PUJOL,2025-02-01,2,2025,4,ENFERMERIA,CURACIONES,10,
PUJOL,2025-02-01,2,2025,4,ENFERMERIA,INYECTABLES,50,
PUJOL,2025-02-01,2,2025,4,ENFERMERIA,INMUNIZACIONES,46,
SANTA MARTA,2025-02-01,2,2025,4,ENFERMERIA,CONTROL TENSION ARTERIAL,180,
SANTA MARTA,2025-02-01,2,2025,4,ENFERMERIA,TEMPERATURA,28,
SANTA MARTA,2025-02-01,2,2025,4,ENFERMERIA,PESO Y TALLA,432,
SANTA MARTA,2025-02-01,2,2025,4,ENFERMERIA,CURACIONES,46,
SANTA MARTA,2025-02-01,2,2025,4,ENFERMERIA,INYECTABLES,45,
SANTA MARTA,2025-02-01,2,2025,4,ENFERMERIA,INMUNIZACIONES,83,
SANTA MARTA,2025-02-01,2,2025,4,ENFERMERIA,PAP,10,
SANTA MARTA,2025-02-01,2,2025,4,ENFERMERIA,DIU,3,
SANTA MARTA,2025-02-01,2,2025,4,ENFERMERIA,IMPLANTE SUBDERMICO,14,
DR. ALBERTO LIFSCHITZ,2025-02-01,2,2025,4,ENFERMERIA,CONTROL TENSION ARTERIAL,64,
DR. ALBERTO LIFSCHITZ,2025-02-01,2,2025,4,ENFERMERIA,TEMPERATURA,5,
DR. ALBERTO LIFSCHITZ,2025-02-01,2,2025,4,ENFERMERIA,GLUCEMIA,5,
DR. ALBERTO LIFSCHITZ,2025-02-01,2,2025,4,ENFERMERIA,PESO Y TALLA,145,
DR. ALBERTO LIFSCHITZ,2025-02-01,2,2025,4,ENFERMERIA,CURACIONES,6,
DR. ALBERTO LIFSCHITZ,2025-02-01,2,2025,4,ENFERMERIA,INYECTABLES,31,
DR. ALBERTO LIFSCHITZ,2025-02-01,2,2025,4,ENFERMERIA,INMUNIZACIONES,45,
ESPERANZA,2025-02-01,2,2025,4,ENFERMERIA,CONTROL TENSION ARTERIAL,193,
ESPERANZA,2025-02-01,2,2025,4,ENFERMERIA,TEMPERATURA,19,
ESPERANZA,2025-02-01,2,2025,4,ENFERMERIA,GLUCEMIA,14,
ESPERANZA,2025-02-01,2,2025,4,ENFERMERIA,NEBULIZACIONES,27,
ESPERANZA,2025-02-01,2,2025,4,ENFERMERIA,PESO Y TALLA,334,
ESPERANZA,2025-02-01,2,2025,4,ENFERMERIA,CURACIONES,48,
ESPERANZA,2025-02-01,2,2025,4,ENFERMERIA,INYECTABLES,48,
ESPERANZA,2025-02-01,2,2025,4,ENFERMERIA,INMUNIZACIONES,170,
DR. PIRCHI,2025-02-01,2,2025,4,ENFERMERIA,CONTROL TENSION ARTERIAL,123,
DR. PIRCHI,2025-02-01,2,2025,4,ENFERMERIA,TEMPERATURA,64,
DR. PIRCHI,2025-02-01,2,2025,4,ENFERMERIA,GLUCEMIA,62,
DR. PIRCHI,2025-02-01,2,2025,4,ENFERMERIA,NEBULIZACIONES,2,
DR. PIRCHI,2025-02-01,2,2025,4,ENFERMERIA,PESO Y TALLA,152,
DR. PIRCHI,2025-02-01,2,2025,4,ENFERMERIA,CURACIONES,89,
DR. PIRCHI,2025-02-01,2,2025,4,ENFERMERIA,INYECTABLES,98,
DR. PIRCHI,2025-02-01,2,2025,4,ENFERMERIA,INMUNIZACIONES,93,
DR. BENJAMIN SERRANO,2025-02-01,2,2025,4,ENFERMERIA,TEMPERATURA,5,
DR. BENJAMIN SERRANO,2025-02-01,2,2025,4,ENFERMERIA,GLUCEMIA,17,
DR. BENJAMIN SERRANO,2025-02-01,2,2025,4,ENFERMERIA,PESO Y TALLA,235,
DR. BENJAMIN SERRANO,2025-02-01,2,2025,4,ENFERMERIA,CURACIONES,25,
DR. BENJAMIN SERRANO,2025-02-01,2,2025,4,ENFERMERIA,INYECTABLES,33,
DR. BENJAMIN SERRANO,2025-02-01,2,2025,4,ENFERMERIA,INMUNIZACIONES,93,
ITATI,2025-02-01,2,2025,4,ENFERMERIA,CONTROL TENSION ARTERIAL,205,
ITATI,2025-02-01,2,2025,4,ENFERMERIA,TEMPERATURA,20,
ITATI,2025-02-01,2,2025,4,ENFERMERIA,GLUCEMIA,13,
ITATI,2025-02-01,2,2025,4,ENFERMERIA,NEBULIZACIONES,10,
ITATI,2025-02-01,2,2025,4,ENFERMERIA,PESO Y TALLA,170,
ITATI,2025-02-01,2,2025,4,ENFERMERIA,CURACIONES,13,
ITATI,2025-02-01,2,2025,4,ENFERMERIA,INYECTABLES,30,
ITATI,2025-02-01,2,2025,4,ENFERMERIA,INMUNIZACIONES,58,
ITATI,2025-02-01,2,2025,4,ENFERMERIA,PAP,3,
ITATI,2025-02-01,2,2025,4,ENFERMERIA,IMPLANTE SUBDERMICO,3,
ITATI,2025-02-01,2,2025,4,ENFERMERIA,TEST HPV,3,
SAPUCAY,2025-02-01,2,2025,4,ENFERMERIA,CONTROL TENSION ARTERIAL,350,
SAPUCAY,2025-02-01,2,2025,4,ENFERMERIA,TEMPERATURA,70,
SAPUCAY,2025-02-01,2,2025,4,ENFERMERIA,GLUCEMIA,90,
SAPUCAY,2025-02-01,2,2025,4,ENFERMERIA,NEBULIZACIONES,10,
SAPUCAY,2025-02-01,2,2025,4,ENFERMERIA,PESO Y TALLA,400,
SAPUCAY,2025-02-01,2,2025,4,ENFERMERIA,CURACIONES,66,
SAPUCAY,2025-02-01,2,2025,4,ENFERMERIA,INYECTABLES,45,
SAPUCAY,2025-02-01,2,2025,4,ENFERMERIA,INMUNIZACIONES,58,
VILLA GARCIA,2025-02-01,2,2025,4,ENFERMERIA,CONTROL TENSION ARTERIAL,103,
VILLA GARCIA,2025-02-01,2,2025,4,ENFERMERIA,TEMPERATURA,20,
VILLA GARCIA,2025-02-01,2,2025,4,ENFERMERIA,GLUCEMIA,20,
VILLA GARCIA,2025-02-01,2,2025,4,ENFERMERIA,PESO Y TALLA,148,
VILLA GARCIA,2025-02-01,2,2025,4,ENFERMERIA,CURACIONES,5,
VILLA GARCIA,2025-02-01,2,2025,4,ENFERMERIA,INYECTABLES,25,
SAN MARCOS,2025-02-01,2,2025,4,ENFERMERIA,CONTROL TENSION ARTERIAL,158,
SAN MARCOS,2025-02-01,2,2025,4,ENFERMERIA,TEMPERATURA,3,
SAN MARCOS,2025-02-01,2,2025,4,ENFERMERIA,GLUCEMIA,28,
SAN MARCOS,2025-02-01,2,2025,4,ENFERMERIA,PESO Y TALLA,386,
SAN MARCOS,2025-02-01,2,2025,4,ENFERMERIA,CURACIONES,18,
SAN MARCOS,2025-02-01,2,2025,4,ENFERMERIA,INYECTABLES,23,
SAN MARCOS,2025-02-01,2,2025,4,ENFERMERIA,INMUNIZACIONES,63,
Dr. CALMANASH,2025-02-01,2,2025,4,ENFERMERIA,CONTROL TENSION ARTERIAL,182,
Dr. CALMANASH,2025-02-01,2,2025,4,ENFERMERIA,TEMPERATURA,7,
Dr. CALMANASH,2025-02-01,2,2025,4,ENFERMERIA,GLUCEMIA,5,
Dr. CALMANASH,2025-02-01,2,2025,4,ENFERMERIA,NEBULIZACIONES,28,
Dr. CALMANASH,2025-02-01,2,2025,4,ENFERMERIA,PESO Y TALLA,192,
Dr. CALMANASH,2025-02-01,2,2025,4,ENFERMERIA,CURACIONES,5,
Dr. CALMANASH,2025-02-01,2,2025,4,ENFERMERIA,INYECTABLES,78,
Dr. CALMANASH,2025-02-01,2,2025,4,ENFERMERIA,INMUNIZACIONES,23,
DR. CHERCOFF,2025-02-01,2,2025,4,ENFERMERIA,CONTROL TENSION ARTERIAL,227,
DR. CHERCOFF,2025-02-01,2,2025,4,ENFERMERIA,TEMPERATURA,123,
DR. CHERCOFF,2025-02-01,2,2025,4,ENFERMERIA,GLUCEMIA,12,
DR. CHERCOFF,2025-02-01,2,2025,4,ENFERMERIA,PESO Y TALLA,220,
DR. CHERCOFF,2025-02-01,2,2025,4,ENFERMERIA,CURACIONES,51,
DR. CHERCOFF,2025-02-01,2,2025,4,ENFERMERIA,INYECTABLES,62,
DR. FLIER,2025-01-01,1,2025,4,ENFERMERIA,CONTROL TENSION ARTERIAL,128,
DR. FLIER,2025-01-01,1,2025,4,ENFERMERIA,TEMPERATURA,100,
DR. FLIER,2025-01-01,1,2025,4,ENFERMERIA,NEBULIZACIONES,73,
DR. FLIER,2025-01-01,1,2025,4,ENFERMERIA,PESO Y TALLA,154,
DR. FLIER,2025-01-01,1,2025,4,ENFERMERIA,CURACIONES,96,
DR. FLIER,2025-01-01,1,2025,4,ENFERMERIA,INYECTABLES,126,
DR. FLIER,2025-01-01,1,2025,4,ENFERMERIA,INMUNIZACIONES,26,
DR. FLIER,2025-02-01,2,2025,4,ENFERMERIA,CONTROL TENSION ARTERIAL,149,
DR. FLIER,2025-02-01,2,2025,4,ENFERMERIA,TEMPERATURA,100,
DR. FLIER,2025-02-01,2,2025,4,ENFERMERIA,NEBULIZACIONES,67,
DR. FLIER,2025-02-01,2,2025,4,ENFERMERIA,PESO Y TALLA,150,
DR. FLIER,2025-02-01,2,2025,4,ENFERMERIA,CURACIONES,94,
DR. FLIER,2025-02-01,2,2025,4,ENFERMERIA,INYECTABLES,123,
DR. FLIER,2025-02-01,2,2025,4,ENFERMERIA,INMUNIZACIONES,40,
Dr. SANTIAGO LORENZO,2025-02-01,2,2025,4,ENFERMERIA,CONTROL TENSION ARTERIAL,160,
Dr. SANTIAGO LORENZO,2025-02-01,2,2025,4,ENFERMERIA,TEMPERATURA,19,
Dr. SANTIAGO LORENZO,2025-02-01,2,2025,4,ENFERMERIA,GLUCEMIA,4,
Dr. SANTIAGO LORENZO,2025-02-01,2,2025,4,ENFERMERIA,PESO Y TALLA,281,
Dr. SANTIAGO LORENZO,2025-02-01,2,2025,4,ENFERMERIA,CURACIONES,16,
Dr. SANTIAGO LORENZO,2025-02-01,2,2025,4,ENFERMERIA,INYECTABLES,13,
Dr. SANTIAGO LORENZO,2025-02-01,2,2025,4,ENFERMERIA,INMUNIZACIONES,88,
MARCELINO VERA,2025-03-01,3,2025,4,ENFERMERIA,TEMPERATURA,20,
MARCELINO VERA,2025-03-01,3,2025,4,ENFERMERIA,GLUCEMIA,10,
MARCELINO VERA,2025-03-01,3,2025,4,ENFERMERIA,PESO Y TALLA,150,
MARCELINO VERA,2025-03-01,3,2025,4,ENFERMERIA,CURACIONES,20,
MARCELINO VERA,2025-03-01,3,2025,4,ENFERMERIA,INYECTABLES,25,
MARCELINO VERA,2025-03-01,3,2025,4,ENFERMERIA,INMUNIZACIONES,17,
GDOR. ELIAS GALVAN,2025-03-01,3,2025,4,ENFERMERIA,CONTROL TENSION ARTERIAL,520,
GDOR. ELIAS GALVAN,2025-03-01,3,2025,4,ENFERMERIA,TEMPERATURA,419,
GDOR. ELIAS GALVAN,2025-03-01,3,2025,4,ENFERMERIA,GLUCEMIA,30,
GDOR. ELIAS GALVAN,2025-03-01,3,2025,4,ENFERMERIA,NEBULIZACIONES,28,
GDOR. ELIAS GALVAN,2025-03-01,3,2025,4,ENFERMERIA,PESO Y TALLA,416,
GDOR. ELIAS GALVAN,2025-03-01,3,2025,4,ENFERMERIA,CURACIONES,42,
GDOR. ELIAS GALVAN,2025-03-01,3,2025,4,ENFERMERIA,INYECTABLES,18,
GDOR. ELIAS GALVAN,2025-03-01,3,2025,4,ENFERMERIA,INMUNIZACIONES,15,
DR. JOSE DE LOS REYES VIDAL,2025-03-01,3,2025,4,ENFERMERIA,CONTROL TENSION ARTERIAL,100,
DR. JOSE DE LOS REYES VIDAL,2025-03-01,3,2025,4,ENFERMERIA,GLUCEMIA,56,
DR. JOSE DE LOS REYES VIDAL,2025-03-01,3,2025,4,ENFERMERIA,PESO Y TALLA,150,
DR. JOSE DE LOS REYES VIDAL,2025-03-01,3,2025,4,ENFERMERIA,CURACIONES,30,
DR. JOSE DE LOS REYES VIDAL,2025-03-01,3,2025,4,ENFERMERIA,INMUNIZACIONES,86,
PASO MARTINEZ,2025-03-01,3,2025,4,ENFERMERIA,CONTROL TENSION ARTERIAL,12,
PASO MARTINEZ,2025-03-01,3,2025,4,ENFERMERIA,PESO Y TALLA,46,
PASO MARTINEZ,2025-03-01,3,2025,4,ENFERMERIA,PAP,5,
PASO MARTINEZ,2025-03-01,3,2025,4,ENFERMERIA,IMPLANTE SUBDERMICO,2,
SANTA MARGARITA,2025-03-01,3,2025,4,ENFERMERIA,CONTROL TENSION ARTERIAL,158,
SANTA MARGARITA,2025-03-01,3,2025,4,ENFERMERIA,TEMPERATURA,10,
SANTA MARGARITA,2025-03-01,3,2025,4,ENFERMERIA,GLUCEMIA,15,
SANTA MARGARITA,2025-03-01,3,2025,4,ENFERMERIA,PESO Y TALLA,287,
SANTA MARGARITA,2025-03-01,3,2025,4,ENFERMERIA,CURACIONES,20,
SANTA MARGARITA,2025-03-01,3,2025,4,ENFERMERIA,INYECTABLES,45,
SANTA MARGARITA,2025-03-01,3,2025,4,ENFERMERIA,INMUNIZACIONES,43,
ESPERANZA,2025-03-01,3,2025,4,ENFERMERIA,CONTROL TENSION ARTERIAL,150,
ESPERANZA,2025-03-01,3,2025,4,ENFERMERIA,TEMPERATURA,65,
ESPERANZA,2025-03-01,3,2025,4,ENFERMERIA,GLUCEMIA,10,
ESPERANZA,2025-03-01,3,2025,4,ENFERMERIA,NEBULIZACIONES,10,
ESPERANZA,2025-03-01,3,2025,4,ENFERMERIA,PESO Y TALLA,430,
ESPERANZA,2025-03-01,3,2025,4,ENFERMERIA,CURACIONES,45,
ESPERANZA,2025-03-01,3,2025,4,ENFERMERIA,INYECTABLES,97,
ESPERANZA,2025-03-01,3,2025,4,ENFERMERIA,INMUNIZACIONES,189,
DR. ANIBAL MALVIDO,2025-03-01,3,2025,4,ENFERMERIA,CONTROL TENSION ARTERIAL,536,
DR. ANIBAL MALVIDO,2025-03-01,3,2025,4,ENFERMERIA,TEMPERATURA,2,
DR. ANIBAL MALVIDO,2025-03-01,3,2025,4,ENFERMERIA,GLUCEMIA,10,
DR. ANIBAL MALVIDO,2025-03-01,3,2025,4,ENFERMERIA,PESO Y TALLA,634,
DR. ANIBAL MALVIDO,2025-03-01,3,2025,4,ENFERMERIA,CURACIONES,21,
DR. ANIBAL MALVIDO,2025-03-01,3,2025,4,ENFERMERIA,SUTURAS,2,
DR. ANIBAL MALVIDO,2025-03-01,3,2025,4,ENFERMERIA,INYECTABLES,47,
DR. ANIBAL MALVIDO,2025-03-01,3,2025,4,ENFERMERIA,INMUNIZACIONES,197,
DR. ANIBAL MALVIDO,2025-03-01,3,2025,4,ENFERMERIA,PAP,7,
PUJOL,2025-03-01,3,2025,4,ENFERMERIA,CONTROL TENSION ARTERIAL,100,
PUJOL,2025-03-01,3,2025,4,ENFERMERIA,TEMPERATURA,5,
PUJOL,2025-03-01,3,2025,4,ENFERMERIA,GLUCEMIA,20,
PUJOL,2025-03-01,3,2025,4,ENFERMERIA,PESO Y TALLA,110,
PUJOL,2025-03-01,3,2025,4,ENFERMERIA,CURACIONES,20,
PUJOL,2025-03-01,3,2025,4,ENFERMERIA,INYECTABLES,50,
PUJOL,2025-03-01,3,2025,4,ENFERMERIA,INMUNIZACIONES,37,
PUJOL,2025-03-01,3,2025,4,ENFERMERIA,PAP,2,
PUJOL,2025-03-01,3,2025,4,ENFERMERIA,IMPLANTE SUBDERMICO,3,
RIO PARANA,2025-03-01,3,2025,4,ENFERMERIA,CONTROL TENSION ARTERIAL,259,
RIO PARANA,2025-03-01,3,2025,4,ENFERMERIA,TEMPERATURA,115,
RIO PARANA,2025-03-01,3,2025,4,ENFERMERIA,GLUCEMIA,15,
RIO PARANA,2025-03-01,3,2025,4,ENFERMERIA,PESO Y TALLA,302,
RIO PARANA,2025-03-01,3,2025,4,ENFERMERIA,CURACIONES,116,
RIO PARANA,2025-03-01,3,2025,4,ENFERMERIA,INYECTABLES,140,
RIO PARANA,2025-03-01,3,2025,4,ENFERMERIA,INMUNIZACIONES,180,
SANTA MARTA,2025-03-01,3,2025,4,ENFERMERIA,CONTROL TENSION ARTERIAL,222,
SANTA MARTA,2025-03-01,3,2025,4,ENFERMERIA,TEMPERATURA,23,
SANTA MARTA,2025-03-01,3,2025,4,ENFERMERIA,GLUCEMIA,5,
SANTA MARTA,2025-03-01,3,2025,4,ENFERMERIA,PESO Y TALLA,720,
SANTA MARTA,2025-03-01,3,2025,4,ENFERMERIA,CURACIONES,23,
SANTA MARTA,2025-03-01,3,2025,4,ENFERMERIA,INYECTABLES,39,
SANTA MARTA,2025-03-01,3,2025,4,ENFERMERIA,INMUNIZACIONES,176,
Dr. SANTIAGO LORENZO,2025-03-01,3,2025,4,ENFERMERIA,CONTROL TENSION ARTERIAL,185,
Dr. SANTIAGO LORENZO,2025-03-01,3,2025,4,ENFERMERIA,TEMPERATURA,2,
Dr. SANTIAGO LORENZO,2025-03-01,3,2025,4,ENFERMERIA,GLUCEMIA,3,
Dr. SANTIAGO LORENZO,2025-03-01,3,2025,4,ENFERMERIA,NEBULIZACIONES,2,
Dr. SANTIAGO LORENZO,2025-03-01,3,2025,4,ENFERMERIA,PESO Y TALLA,339,
Dr. SANTIAGO LORENZO,2025-03-01,3,2025,4,ENFERMERIA,CURACIONES,15,
Dr. SANTIAGO LORENZO,2025-03-01,3,2025,4,ENFERMERIA,INYECTABLES,37,
Dr. SANTIAGO LORENZO,2025-03-01,3,2025,4,ENFERMERIA,INMUNIZACIONES,148,
Dr. SANTIAGO LORENZO,2025-03-01,3,2025,4,ENFERMERIA,PAP,1,
SAN MARCOS,2025-03-01,3,2025,4,ENFERMERIA,CONTROL TENSION ARTERIAL,268,
SAN MARCOS,2025-03-01,3,2025,4,ENFERMERIA,TEMPERATURA,7,
SAN MARCOS,2025-03-01,3,2025,4,ENFERMERIA,GLUCEMIA,37,
SAN MARCOS,2025-03-01,3,2025,4,ENFERMERIA,PESO Y TALLA,555,
SAN MARCOS,2025-03-01,3,2025,4,ENFERMERIA,CURACIONES,18,
SAN MARCOS,2025-03-01,3,2025,4,ENFERMERIA,INYECTABLES,20,
SAN MARCOS,2025-03-01,3,2025,4,ENFERMERIA,INMUNIZACIONES,107,
Dr. CALMANASH,2025-03-01,3,2025,4,ENFERMERIA,CONTROL TENSION ARTERIAL,380,
Dr. CALMANASH,2025-03-01,3,2025,4,ENFERMERIA,TEMPERATURA,12,
Dr. CALMANASH,2025-03-01,3,2025,4,ENFERMERIA,GLUCEMIA,3,
Dr. CALMANASH,2025-03-01,3,2025,4,ENFERMERIA,NEBULIZACIONES,8,
Dr. CALMANASH,2025-03-01,3,2025,4,ENFERMERIA,PESO Y TALLA,390,
Dr. CALMANASH,2025-03-01,3,2025,4,ENFERMERIA,CURACIONES,7,
Dr. CALMANASH,2025-03-01,3,2025,4,ENFERMERIA,INYECTABLES,270,
Dr. CALMANASH,2025-03-01,3,2025,4,ENFERMERIA,INMUNIZACIONES,38,
VILLA GARCIA,2025-03-01,3,2025,4,ENFERMERIA,CONTROL TENSION ARTERIAL,89,
VILLA GARCIA,2025-03-01,3,2025,4,ENFERMERIA,TEMPERATURA,20,
VILLA GARCIA,2025-03-01,3,2025,4,ENFERMERIA,GLUCEMIA,15,
VILLA GARCIA,2025-03-01,3,2025,4,ENFERMERIA,PESO Y TALLA,215,
VILLA GARCIA,2025-03-01,3,2025,4,ENFERMERIA,CURACIONES,20,
VILLA GARCIA,2025-03-01,3,2025,4,ENFERMERIA,INYECTABLES,25,
VILLA GARCIA,2025-03-01,3,2025,4,ENFERMERIA,INMUNIZACIONES,53,
SAPUCAY,2025-03-01,3,2025,4,ENFERMERIA,CONTROL TENSION ARTERIAL,290,
SAPUCAY,2025-03-01,3,2025,4,ENFERMERIA,TEMPERATURA,40,
SAPUCAY,2025-03-01,3,2025,4,ENFERMERIA,GLUCEMIA,70,
SAPUCAY,2025-03-01,3,2025,4,ENFERMERIA,NEBULIZACIONES,8,
SAPUCAY,2025-03-01,3,2025,4,ENFERMERIA,PESO Y TALLA,320,
SAPUCAY,2025-03-01,3,2025,4,ENFERMERIA,CURACIONES,60,
SAPUCAY,2025-03-01,3,2025,4,ENFERMERIA,INYECTABLES,50,
SAPUCAY,2025-03-01,3,2025,4,ENFERMERIA,INMUNIZACIONES,84,
ITATI,2025-03-01,3,2025,4,ENFERMERIA,CONTROL TENSION ARTERIAL,490,
ITATI,2025-03-01,3,2025,4,ENFERMERIA,TEMPERATURA,25,
ITATI,2025-03-01,3,2025,4,ENFERMERIA,GLUCEMIA,28,
ITATI,2025-03-01,3,2025,4,ENFERMERIA,PESO Y TALLA,490,
ITATI,2025-03-01,3,2025,4,ENFERMERIA,CURACIONES,30,
ITATI,2025-03-01,3,2025,4,ENFERMERIA,SUTURAS,2,
ITATI,2025-03-01,3,2025,4,ENFERMERIA,INYECTABLES,57,
ITATI,2025-03-01,3,2025,4,ENFERMERIA,INMUNIZACIONES,68,
ITATI,2025-03-01,3,2025,4,ENFERMERIA,PAP,3,
ITATI,2025-03-01,3,2025,4,ENFERMERIA,IMPLANTE SUBDERMICO,9,
ITATI,2025-03-01,3,2025,4,ENFERMERIA,TEST HPV,3,
DR. FLIER,2025-03-01,3,2025,4,ENFERMERIA,CONTROL TENSION ARTERIAL,116,
DR. FLIER,2025-03-01,3,2025,4,ENFERMERIA,TEMPERATURA,100,
DR. FLIER,2025-03-01,3,2025,4,ENFERMERIA,GLUCEMIA,76,
DR. FLIER,2025-03-01,3,2025,4,ENFERMERIA,NEBULIZACIONES,70,
DR. FLIER,2025-03-01,3,2025,4,ENFERMERIA,PESO Y TALLA,236,
DR. FLIER,2025-03-01,3,2025,4,ENFERMERIA,CURACIONES,73,
DR. FLIER,2025-03-01,3,2025,4,ENFERMERIA,INYECTABLES,117,
DR. FLIER,2025-03-01,3,2025,4,ENFERMERIA,INMUNIZACIONES,51,
DR. ALBERTO LIFSCHITZ,2025-03-01,3,2025,4,ENFERMERIA,CONTROL TENSION ARTERIAL,287,
DR. ALBERTO LIFSCHITZ,2025-03-01,3,2025,4,ENFERMERIA,TEMPERATURA,20,
DR. ALBERTO LIFSCHITZ,2025-03-01,3,2025,4,ENFERMERIA,GLUCEMIA,14,
DR. ALBERTO LIFSCHITZ,2025-03-01,3,2025,4,ENFERMERIA,PESO Y TALLA,1987,
DR. ALBERTO LIFSCHITZ,2025-03-01,3,2025,4,ENFERMERIA,CURACIONES,7,
DR. ALBERTO LIFSCHITZ,2025-03-01,3,2025,4,ENFERMERIA,INYECTABLES,70,
DR. ALBERTO LIFSCHITZ,2025-03-01,3,2025,4,ENFERMERIA,INMUNIZACIONES,75,
DR. PIRCHI,2025-03-01,3,2025,4,ENFERMERIA,CONTROL TENSION ARTERIAL,192,
DR. PIRCHI,2025-03-01,3,2025,4,ENFERMERIA,TEMPERATURA,13,
DR. PIRCHI,2025-03-01,3,2025,4,ENFERMERIA,GLUCEMIA,74,
DR. PIRCHI,2025-03-01,3,2025,4,ENFERMERIA,NEBULIZACIONES,4,
DR. PIRCHI,2025-03-01,3,2025,4,ENFERMERIA,PESO Y TALLA,175,
DR. PIRCHI,2025-03-01,3,2025,4,ENFERMERIA,CURACIONES,77,
DR. PIRCHI,2025-03-01,3,2025,4,ENFERMERIA,INYECTABLES,104,
DR. PIRCHI,2025-03-01,3,2025,4,ENFERMERIA,INMUNIZACIONES,185,
DR. BENJAMIN SERRANO,2025-03-01,3,2025,4,ENFERMERIA,TEMPERATURA,13,
DR. BENJAMIN SERRANO,2025-03-01,3,2025,4,ENFERMERIA,GLUCEMIA,13,
DR. BENJAMIN SERRANO,2025-03-01,3,2025,4,ENFERMERIA,PESO Y TALLA,398,
DR. BENJAMIN SERRANO,2025-03-01,3,2025,4,ENFERMERIA,CURACIONES,13,
DR. BENJAMIN SERRANO,2025-03-01,3,2025,4,ENFERMERIA,INYECTABLES,33,
DR. BENJAMIN SERRANO,2025-03-01,3,2025,4,ENFERMERIA,INMUNIZACIONES,115,
DR. MAURICIO OPEN,2025-04-01,4,2025,4,ENFERMERIA,CONTROL TENSION ARTERIAL,71,
DR. MAURICIO OPEN,2025-04-01,4,2025,4,ENFERMERIA,TEMPERATURA,5,
DR. MAURICIO OPEN,2025-04-01,4,2025,4,ENFERMERIA,NEBULIZACIONES,1,
DR. MAURICIO OPEN,2025-04-01,4,2025,4,ENFERMERIA,PESO Y TALLA,97,
DR. MAURICIO OPEN,2025-04-01,4,2025,4,ENFERMERIA,CURACIONES,11,
DR. MAURICIO OPEN,2025-04-01,4,2025,4,ENFERMERIA,INYECTABLES,13,
DR. MAURICIO OPEN,2025-04-01,4,2025,4,ENFERMERIA,INMUNIZACIONES,113,
ESPERANZA,2025-04-01,4,2025,4,ENFERMERIA,CONTROL TENSION ARTERIAL,262,
ESPERANZA,2025-04-01,4,2025,4,ENFERMERIA,TEMPERATURA,34,
ESPERANZA,2025-04-01,4,2025,4,ENFERMERIA,GLUCEMIA,13,
ESPERANZA,2025-04-01,4,2025,4,ENFERMERIA,NEBULIZACIONES,2,
ESPERANZA,2025-04-01,4,2025,4,ENFERMERIA,PESO Y TALLA,369,
ESPERANZA,2025-04-01,4,2025,4,ENFERMERIA,CURACIONES,24,
ESPERANZA,2025-04-01,4,2025,4,ENFERMERIA,INYECTABLES,54,
ESPERANZA,2025-04-01,4,2025,4,ENFERMERIA,INMUNIZACIONES,157,
RIO PARANA,2025-04-01,4,2025,4,ENFERMERIA,CONTROL TENSION ARTERIAL,560,
RIO PARANA,2025-04-01,4,2025,4,ENFERMERIA,TEMPERATURA,160,
RIO PARANA,2025-04-01,4,2025,4,ENFERMERIA,GLUCEMIA,15,
RIO PARANA,2025-04-01,4,2025,4,ENFERMERIA,NEBULIZACIONES,3,
RIO PARANA,2025-04-01,4,2025,4,ENFERMERIA,PESO Y TALLA,485,
RIO PARANA,2025-04-01,4,2025,4,ENFERMERIA,CURACIONES,77,
RIO PARANA,2025-04-01,4,2025,4,ENFERMERIA,INYECTABLES,99,
RIO PARANA,2025-04-01,4,2025,4,ENFERMERIA,INMUNIZACIONES,190,
GDOR. ELIAS GALVAN,2025-04-01,4,2025,4,ENFERMERIA,CONTROL TENSION ARTERIAL,193,
GDOR. ELIAS GALVAN,2025-04-01,4,2025,4,ENFERMERIA,TEMPERATURA,224,
GDOR. ELIAS GALVAN,2025-04-01,4,2025,4,ENFERMERIA,GLUCEMIA,3,
GDOR. ELIAS GALVAN,2025-04-01,4,2025,4,ENFERMERIA,NEBULIZACIONES,6,
GDOR. ELIAS GALVAN,2025-04-01,4,2025,4,ENFERMERIA,PESO Y TALLA,224,
GDOR. ELIAS GALVAN,2025-04-01,4,2025,4,ENFERMERIA,CURACIONES,39,
GDOR. ELIAS GALVAN,2025-04-01,4,2025,4,ENFERMERIA,SUTURAS,163,
GDOR. ELIAS GALVAN,2025-04-01,4,2025,4,ENFERMERIA,INYECTABLES,17,
GDOR. ELIAS GALVAN,2025-04-01,4,2025,4,ENFERMERIA,INMUNIZACIONES,83,
SANTA MARGARITA,2025-04-01,4,2025,4,ENFERMERIA,CONTROL TENSION ARTERIAL,25,
SANTA MARGARITA,2025-04-01,4,2025,4,ENFERMERIA,TEMPERATURA,10,
SANTA MARGARITA,2025-04-01,4,2025,4,ENFERMERIA,PESO Y TALLA,65,
SANTA MARGARITA,2025-04-01,4,2025,4,ENFERMERIA,CURACIONES,1,
SANTA MARGARITA,2025-04-01,4,2025,4,ENFERMERIA,INYECTABLES,10,
SANTA MARGARITA,2025-04-01,4,2025,4,ENFERMERIA,INMUNIZACIONES,11,
MARCELINO VERA,2025-04-01,4,2025,4,ENFERMERIA,CONTROL TENSION ARTERIAL,100,
MARCELINO VERA,2025-04-01,4,2025,4,ENFERMERIA,TEMPERATURA,25,
MARCELINO VERA,2025-04-01,4,2025,4,ENFERMERIA,GLUCEMIA,5,
MARCELINO VERA,2025-04-01,4,2025,4,ENFERMERIA,PESO Y TALLA,100,
MARCELINO VERA,2025-04-01,4,2025,4,ENFERMERIA,CURACIONES,10,
MARCELINO VERA,2025-04-01,4,2025,4,ENFERMERIA,INYECTABLES,25,
MARCELINO VERA,2025-04-01,4,2025,4,ENFERMERIA,INMUNIZACIONES,59,
PASO MARTINEZ,2025-04-01,4,2025,4,ENFERMERIA,CONTROL TENSION ARTERIAL,9,
PASO MARTINEZ,2025-04-01,4,2025,4,ENFERMERIA,PESO Y TALLA,5,
PASO MARTINEZ,2025-04-01,4,2025,4,ENFERMERIA,INYECTABLES,1,
DR. JOSE DE LOS REYES VIDAL,2025-04-01,4,2025,4,ENFERMERIA,CONTROL TENSION ARTERIAL,150,
DR. JOSE DE LOS REYES VIDAL,2025-04-01,4,2025,4,ENFERMERIA,TEMPERATURA,20,
DR. JOSE DE LOS REYES VIDAL,2025-04-01,4,2025,4,ENFERMERIA,GLUCEMIA,86,
DR. JOSE DE LOS REYES VIDAL,2025-04-01,4,2025,4,ENFERMERIA,PESO Y TALLA,200,
DR. JOSE DE LOS REYES VIDAL,2025-04-01,4,2025,4,ENFERMERIA,CURACIONES,30,
DR. JOSE DE LOS REYES VIDAL,2025-04-01,4,2025,4,ENFERMERIA,INYECTABLES,180,
ITATI,2025-04-01,4,2025,4,ENFERMERIA,CONTROL TENSION ARTERIAL,240,
ITATI,2025-04-01,4,2025,4,ENFERMERIA,TEMPERATURA,30,
ITATI,2025-04-01,4,2025,4,ENFERMERIA,GLUCEMIA,51,
ITATI,2025-04-01,4,2025,4,ENFERMERIA,NEBULIZACIONES,15,
ITATI,2025-04-01,4,2025,4,ENFERMERIA,PESO Y TALLA,500,
ITATI,2025-04-01,4,2025,4,ENFERMERIA,CURACIONES,32,
ITATI,2025-04-01,4,2025,4,ENFERMERIA,INYECTABLES,60,
ITATI,2025-04-01,4,2025,4,ENFERMERIA,INMUNIZACIONES,115,
ITATI,2025-04-01,4,2025,4,ENFERMERIA,PAP,3,
ITATI,2025-04-01,4,2025,4,ENFERMERIA,IMPLANTE SUBDERMICO,3,
SAPUCAY,2025-04-01,4,2025,4,ENFERMERIA,CONTROL TENSION ARTERIAL,400,
SAPUCAY,2025-04-01,4,2025,4,ENFERMERIA,TEMPERATURA,60,
SAPUCAY,2025-04-01,4,2025,4,ENFERMERIA,GLUCEMIA,46,
SAPUCAY,2025-04-01,4,2025,4,ENFERMERIA,NEBULIZACIONES,20,
SAPUCAY,2025-04-01,4,2025,4,ENFERMERIA,CURACIONES,40,
SAPUCAY,2025-04-01,4,2025,4,ENFERMERIA,INYECTABLES,60,
SAPUCAY,2025-04-01,4,2025,4,ENFERMERIA,INMUNIZACIONES,92,
VILLA GARCIA,2025-04-01,4,2025,4,ENFERMERIA,CONTROL TENSION ARTERIAL,87,
VILLA GARCIA,2025-04-01,4,2025,4,ENFERMERIA,TEMPERATURA,20,
VILLA GARCIA,2025-04-01,4,2025,4,ENFERMERIA,GLUCEMIA,15,
VILLA GARCIA,2025-04-01,4,2025,4,ENFERMERIA,PESO Y TALLA,215,
VILLA GARCIA,2025-04-01,4,2025,4,ENFERMERIA,CURACIONES,10,
VILLA GARCIA,2025-04-01,4,2025,4,ENFERMERIA,INYECTABLES,33,
VILLA GARCIA,2025-04-01,4,2025,4,ENFERMERIA,INMUNIZACIONES,72,
DR. ALBERTO LIFSCHITZ,2025-04-01,4,2025,4,ENFERMERIA,CONTROL TENSION ARTERIAL,263,
DR. ALBERTO LIFSCHITZ,2025-04-01,4,2025,4,ENFERMERIA,TEMPERATURA,4,
DR. ALBERTO LIFSCHITZ,2025-04-01,4,2025,4,ENFERMERIA,GLUCEMIA,2,
DR. ALBERTO LIFSCHITZ,2025-04-01,4,2025,4,ENFERMERIA,NEBULIZACIONES,4,
DR. ALBERTO LIFSCHITZ,2025-04-01,4,2025,4,ENFERMERIA,PESO Y TALLA,618,
DR. ALBERTO LIFSCHITZ,2025-04-01,4,2025,4,ENFERMERIA,CURACIONES,7,
DR. ALBERTO LIFSCHITZ,2025-04-01,4,2025,4,ENFERMERIA,INYECTABLES,74,
DR. ALBERTO LIFSCHITZ,2025-04-01,4,2025,4,ENFERMERIA,INMUNIZACIONES,91,
DR. ALBERTO LIFSCHITZ,2025-04-01,4,2025,4,ENFERMERIA,PAP,3,
SANTA MARTA,2025-04-01,4,2025,4,ENFERMERIA,CONTROL TENSION ARTERIAL,170,
SANTA MARTA,2025-04-01,4,2025,4,ENFERMERIA,TEMPERATURA,58,
SANTA MARTA,2025-04-01,4,2025,4,ENFERMERIA,GLUCEMIA,7,
SANTA MARTA,2025-04-01,4,2025,4,ENFERMERIA,PESO Y TALLA,266,
SANTA MARTA,2025-04-01,4,2025,4,ENFERMERIA,CURACIONES,24,
SANTA MARTA,2025-04-01,4,2025,4,ENFERMERIA,INYECTABLES,18,
SANTA MARTA,2025-04-01,4,2025,4,ENFERMERIA,INMUNIZACIONES,172,
SANTA MARTA,2025-04-01,4,2025,4,ENFERMERIA,PAP,5,
DR. ANIBAL MALVIDO,2025-04-01,4,2025,4,ENFERMERIA,CONTROL TENSION ARTERIAL,584,
DR. ANIBAL MALVIDO,2025-04-01,4,2025,4,ENFERMERIA,PESO Y TALLA,,
DR. ANIBAL MALVIDO,2025-04-01,4,2025,4,ENFERMERIA,CURACIONES,27,
DR. ANIBAL MALVIDO,2025-04-01,4,2025,4,ENFERMERIA,INYECTABLES,55,
DR. ANIBAL MALVIDO,2025-04-01,4,2025,4,ENFERMERIA,INMUNIZACIONES,255,
DR. ANIBAL MALVIDO,2025-04-01,4,2025,4,ENFERMERIA,PAP,22,
DR. BENJAMIN SERRANO,2025-04-01,4,2025,4,ENFERMERIA,CONTROL TENSION ARTERIAL,341,
DR. BENJAMIN SERRANO,2025-04-01,4,2025,4,ENFERMERIA,TEMPERATURA,11,
DR. BENJAMIN SERRANO,2025-04-01,4,2025,4,ENFERMERIA,GLUCEMIA,44,
DR. BENJAMIN SERRANO,2025-04-01,4,2025,4,ENFERMERIA,PESO Y TALLA,469,
DR. BENJAMIN SERRANO,2025-04-01,4,2025,4,ENFERMERIA,CURACIONES,13,
DR. BENJAMIN SERRANO,2025-04-01,4,2025,4,ENFERMERIA,INYECTABLES,51,
DR. BENJAMIN SERRANO,2025-04-01,4,2025,4,ENFERMERIA,INMUNIZACIONES,97,
Dr. SANTIAGO LORENZO,2025-04-01,4,2025,4,ENFERMERIA,CONTROL TENSION ARTERIAL,239,
Dr. SANTIAGO LORENZO,2025-04-01,4,2025,4,ENFERMERIA,TEMPERATURA,1,
Dr. SANTIAGO LORENZO,2025-04-01,4,2025,4,ENFERMERIA,GLUCEMIA,10,
Dr. SANTIAGO LORENZO,2025-04-01,4,2025,4,ENFERMERIA,NEBULIZACIONES,1,
Dr. SANTIAGO LORENZO,2025-04-01,4,2025,4,ENFERMERIA,PESO Y TALLA,464,
Dr. SANTIAGO LORENZO,2025-04-01,4,2025,4,ENFERMERIA,CURACIONES,21,
Dr. SANTIAGO LORENZO,2025-04-01,4,2025,4,ENFERMERIA,INYECTABLES,43,
Dr. SANTIAGO LORENZO,2025-04-01,4,2025,4,ENFERMERIA,INMUNIZACIONES,131,
Dr. SANTIAGO LORENZO,2025-04-01,4,2025,4,ENFERMERIA,PAP,1,
SAN MARCOS,2025-04-01,4,2025,4,ENFERMERIA,CONTROL TENSION ARTERIAL,193,
SAN MARCOS,2025-04-01,4,2025,4,ENFERMERIA,TEMPERATURA,5,
SAN MARCOS,2025-04-01,4,2025,4,ENFERMERIA,GLUCEMIA,27,
SAN MARCOS,2025-04-01,4,2025,4,ENFERMERIA,PESO Y TALLA,422,
SAN MARCOS,2025-04-01,4,2025,4,ENFERMERIA,CURACIONES,25,
SAN MARCOS,2025-04-01,4,2025,4,ENFERMERIA,INYECTABLES,25,
SAN MARCOS,2025-04-01,4,2025,4,ENFERMERIA,INMUNIZACIONES,113,
DR. CHERCOFF,2025-04-01,4,2025,4,ENFERMERIA,CONTROL TENSION ARTERIAL,225,
DR. CHERCOFF,2025-04-01,4,2025,4,ENFERMERIA,TEMPERATURA,193,
DR. CHERCOFF,2025-04-01,4,2025,4,ENFERMERIA,GLUCEMIA,12,
DR. CHERCOFF,2025-04-01,4,2025,4,ENFERMERIA,PESO Y TALLA,215,
DR. CHERCOFF,2025-04-01,4,2025,4,ENFERMERIA,CURACIONES,67,
DR. CHERCOFF,2025-04-01,4,2025,4,ENFERMERIA,INYECTABLES,70,
DR. CHERCOFF,2025-04-01,4,2025,4,ENFERMERIA,INMUNIZACIONES,29,
Dr. CALMANASH,2025-04-01,4,2025,4,ENFERMERIA,CONTROL TENSION ARTERIAL,320,
Dr. CALMANASH,2025-04-01,4,2025,4,ENFERMERIA,TEMPERATURA,8,
Dr. CALMANASH,2025-04-01,4,2025,4,ENFERMERIA,GLUCEMIA,2,
Dr. CALMANASH,2025-04-01,4,2025,4,ENFERMERIA,NEBULIZACIONES,5,
Dr. CALMANASH,2025-04-01,4,2025,4,ENFERMERIA,PESO Y TALLA,300,
Dr. CALMANASH,2025-04-01,4,2025,4,ENFERMERIA,CURACIONES,5,
Dr. CALMANASH,2025-04-01,4,2025,4,ENFERMERIA,INYECTABLES,270,
Dr. CALMANASH,2025-04-01,4,2025,4,ENFERMERIA,INMUNIZACIONES,35,
Dr. CALMANASH,2025-04-01,4,2025,4,ENFERMERIA,PAP,10,
Dr. CALMANASH,2025-04-01,4,2025,4,ENFERMERIA,IMPLANTE SUBDERMICO,5,
PUJOL,2025-04-01,4,2025,4,ENFERMERIA,CONTROL TENSION ARTERIAL,150,
PUJOL,2025-04-01,4,2025,4,ENFERMERIA,TEMPERATURA,10,
PUJOL,2025-04-01,4,2025,4,ENFERMERIA,GLUCEMIA,20,
PUJOL,2025-04-01,4,2025,4,ENFERMERIA,PESO Y TALLA,150,
PUJOL,2025-04-01,4,2025,4,ENFERMERIA,CURACIONES,30,
PUJOL,2025-04-01,4,2025,4,ENFERMERIA,INYECTABLES,60,
PUJOL,2025-04-01,4,2025,4,ENFERMERIA,INMUNIZACIONES,86,
DR. PIRCHI,2025-04-01,4,2025,4,ENFERMERIA,CONTROL TENSION ARTERIAL,187,
DR. PIRCHI,2025-04-01,4,2025,4,ENFERMERIA,TEMPERATURA,54,
DR. PIRCHI,2025-04-01,4,2025,4,ENFERMERIA,GLUCEMIA,72,
DR. PIRCHI,2025-04-01,4,2025,4,ENFERMERIA,NEBULIZACIONES,3,
DR. PIRCHI,2025-04-01,4,2025,4,ENFERMERIA,PESO Y TALLA,202,
DR. PIRCHI,2025-04-01,4,2025,4,ENFERMERIA,CURACIONES,72,
DR. PIRCHI,2025-04-01,4,2025,4,ENFERMERIA,INYECTABLES,93,
DR. PIRCHI,2025-04-01,4,2025,4,ENFERMERIA,INMUNIZACIONES,186,
PASO MARTINEZ,2025-05-01,5,2025,4,ENFERMERIA,CONTROL TENSION ARTERIAL,12,
PASO MARTINEZ,2025-05-01,5,2025,4,ENFERMERIA,PESO Y TALLA,5,
PASO MARTINEZ,2025-05-01,5,2025,4,ENFERMERIA,INMUNIZACIONES,17,
PASO MARTINEZ,2025-05-01,5,2025,4,ENFERMERIA,PAP,5,
PASO MARTINEZ,2025-05-01,5,2025,4,ENFERMERIA,IMPLANTE SUBDERMICO,5,
PASO MARTINEZ,2025-05-01,5,2025,4,ENFERMERIA,TEST HPV,10,
DR. PIRCHI,2025-05-01,5,2025,4,ENFERMERIA,CONTROL TENSION ARTERIAL,95,
DR. PIRCHI,2025-05-01,5,2025,4,ENFERMERIA,TEMPERATURA,39,
DR. PIRCHI,2025-05-01,5,2025,4,ENFERMERIA,GLUCEMIA,47,
DR. PIRCHI,2025-05-01,5,2025,4,ENFERMERIA,NEBULIZACIONES,5,
DR. PIRCHI,2025-05-01,5,2025,4,ENFERMERIA,PESO Y TALLA,161,
DR. PIRCHI,2025-05-01,5,2025,4,ENFERMERIA,CURACIONES,47,
DR. PIRCHI,2025-05-01,5,2025,4,ENFERMERIA,INYECTABLES,147,
DR. PIRCHI,2025-05-01,5,2025,4,ENFERMERIA,INMUNIZACIONES,103,
SANTA MARGARITA,2025-05-01,5,2025,4,ENFERMERIA,CONTROL TENSION ARTERIAL,137,
SANTA MARGARITA,2025-05-01,5,2025,4,ENFERMERIA,TEMPERATURA,48,
SANTA MARGARITA,2025-05-01,5,2025,4,ENFERMERIA,GLUCEMIA,27,
SANTA MARGARITA,2025-05-01,5,2025,4,ENFERMERIA,NEBULIZACIONES,2,
SANTA MARGARITA,2025-05-01,5,2025,4,ENFERMERIA,PESO Y TALLA,257,
SANTA MARGARITA,2025-05-01,5,2025,4,ENFERMERIA,CURACIONES,23,
SANTA MARGARITA,2025-05-01,5,2025,4,ENFERMERIA,INYECTABLES,97,
DR. JOSE DE LOS REYES VIDAL,2025-05-01,5,2025,4,ENFERMERIA,CONTROL TENSION ARTERIAL,150,
DR. JOSE DE LOS REYES VIDAL,2025-05-01,5,2025,4,ENFERMERIA,TEMPERATURA,10,
DR. JOSE DE LOS REYES VIDAL,2025-05-01,5,2025,4,ENFERMERIA,GLUCEMIA,86,
DR. JOSE DE LOS REYES VIDAL,2025-05-01,5,2025,4,ENFERMERIA,PESO Y TALLA,250,
DR. JOSE DE LOS REYES VIDAL,2025-05-01,5,2025,4,ENFERMERIA,CURACIONES,20,
DR. JOSE DE LOS REYES VIDAL,2025-05-01,5,2025,4,ENFERMERIA,INYECTABLES,92,
MARCELINO VERA,2025-05-01,5,2025,4,ENFERMERIA,CONTROL TENSION ARTERIAL,80,
MARCELINO VERA,2025-05-01,5,2025,4,ENFERMERIA,TEMPERATURA,25,
MARCELINO VERA,2025-05-01,5,2025,4,ENFERMERIA,GLUCEMIA,5,
MARCELINO VERA,2025-05-01,5,2025,4,ENFERMERIA,PESO Y TALLA,80,
MARCELINO VERA,2025-05-01,5,2025,4,ENFERMERIA,CURACIONES,10,
MARCELINO VERA,2025-05-01,5,2025,4,ENFERMERIA,INYECTABLES,25,
MARCELINO VERA,2025-05-01,5,2025,4,ENFERMERIA,INMUNIZACIONES,18,
ESPERANZA,2025-05-01,5,2025,4,ENFERMERIA,CONTROL TENSION ARTERIAL,219,
ESPERANZA,2025-05-01,5,2025,4,ENFERMERIA,TEMPERATURA,56,
ESPERANZA,2025-05-01,5,2025,4,ENFERMERIA,GLUCEMIA,22,
ESPERANZA,2025-05-01,5,2025,4,ENFERMERIA,NEBULIZACIONES,15,
ESPERANZA,2025-05-01,5,2025,4,ENFERMERIA,PESO Y TALLA,320,
ESPERANZA,2025-05-01,5,2025,4,ENFERMERIA,CURACIONES,45,
ESPERANZA,2025-05-01,5,2025,4,ENFERMERIA,INYECTABLES,72,
ESPERANZA,2025-05-01,5,2025,4,ENFERMERIA,INMUNIZACIONES,183,
RIO PARANA,2025-05-01,5,2025,4,ENFERMERIA,CONTROL TENSION ARTERIAL,469,
RIO PARANA,2025-05-01,5,2025,4,ENFERMERIA,TEMPERATURA,178,
RIO PARANA,2025-05-01,5,2025,4,ENFERMERIA,PESO Y TALLA,596,
RIO PARANA,2025-05-01,5,2025,4,ENFERMERIA,CURACIONES,111,
RIO PARANA,2025-05-01,5,2025,4,ENFERMERIA,INYECTABLES,122,
RIO PARANA,2025-05-01,5,2025,4,ENFERMERIA,INMUNIZACIONES,145,
GDOR. ELIAS GALVAN,2025-05-01,5,2025,4,ENFERMERIA,CONTROL TENSION ARTERIAL,184,
GDOR. ELIAS GALVAN,2025-05-01,5,2025,4,ENFERMERIA,TEMPERATURA,187,
GDOR. ELIAS GALVAN,2025-05-01,5,2025,4,ENFERMERIA,GLUCEMIA,10,
GDOR. ELIAS GALVAN,2025-05-01,5,2025,4,ENFERMERIA,NEBULIZACIONES,10,
GDOR. ELIAS GALVAN,2025-05-01,5,2025,4,ENFERMERIA,PESO Y TALLA,220,
GDOR. ELIAS GALVAN,2025-05-01,5,2025,4,ENFERMERIA,CURACIONES,30,
GDOR. ELIAS GALVAN,2025-05-01,5,2025,4,ENFERMERIA,INYECTABLES,30,
GDOR. ELIAS GALVAN,2025-05-01,5,2025,4,ENFERMERIA,INMUNIZACIONES,85,
GDOR. ELIAS GALVAN,2025-05-01,5,2025,4,ENFERMERIA,PAP,5,
DR. ALBERTO LIFSCHITZ,2025-05-01,5,2025,4,ENFERMERIA,CONTROL TENSION ARTERIAL,176,
DR. ALBERTO LIFSCHITZ,2025-05-01,5,2025,4,ENFERMERIA,TEMPERATURA,12,
DR. ALBERTO LIFSCHITZ,2025-05-01,5,2025,4,ENFERMERIA,GLUCEMIA,2,
DR. ALBERTO LIFSCHITZ,2025-05-01,5,2025,4,ENFERMERIA,NEBULIZACIONES,3,
DR. ALBERTO LIFSCHITZ,2025-05-01,5,2025,4,ENFERMERIA,PESO Y TALLA,2890,
DR. ALBERTO LIFSCHITZ,2025-05-01,5,2025,4,ENFERMERIA,CURACIONES,5,
DR. ALBERTO LIFSCHITZ,2025-05-01,5,2025,4,ENFERMERIA,INYECTABLES,182,
DR. ALBERTO LIFSCHITZ,2025-05-01,5,2025,4,ENFERMERIA,INMUNIZACIONES,52,
DR. ALBERTO LIFSCHITZ,2025-05-01,5,2025,4,ENFERMERIA,PAP,3,
DR. MAURICIO OPEN,2025-05-01,5,2025,4,ENFERMERIA,CONTROL TENSION ARTERIAL,60,
DR. MAURICIO OPEN,2025-05-01,5,2025,4,ENFERMERIA,TEMPERATURA,12,
DR. MAURICIO OPEN,2025-05-01,5,2025,4,ENFERMERIA,GLUCEMIA,4,
DR. MAURICIO OPEN,2025-05-01,5,2025,4,ENFERMERIA,NEBULIZACIONES,2,
DR. MAURICIO OPEN,2025-05-01,5,2025,4,ENFERMERIA,PESO Y TALLA,60,
DR. MAURICIO OPEN,2025-05-01,5,2025,4,ENFERMERIA,CURACIONES,12,
DR. MAURICIO OPEN,2025-05-01,5,2025,4,ENFERMERIA,INYECTABLES,15,
DR. MAURICIO OPEN,2025-05-01,5,2025,4,ENFERMERIA,INMUNIZACIONES,98,
DR. BENJAMIN SERRANO,2025-05-01,5,2025,4,ENFERMERIA,CONTROL TENSION ARTERIAL,170,
DR. BENJAMIN SERRANO,2025-05-01,5,2025,4,ENFERMERIA,TEMPERATURA,21,
DR. BENJAMIN SERRANO,2025-05-01,5,2025,4,ENFERMERIA,GLUCEMIA,8,
DR. BENJAMIN SERRANO,2025-05-01,5,2025,4,ENFERMERIA,PESO Y TALLA,448,
DR. BENJAMIN SERRANO,2025-05-01,5,2025,4,ENFERMERIA,CURACIONES,12,
DR. BENJAMIN SERRANO,2025-05-01,5,2025,4,ENFERMERIA,INYECTABLES,41,
DR. BENJAMIN SERRANO,2025-05-01,5,2025,4,ENFERMERIA,INMUNIZACIONES,85,
DR. ANIBAL MALVIDO,2025-05-01,5,2025,4,ENFERMERIA,CONTROL TENSION ARTERIAL,497,
DR. ANIBAL MALVIDO,2025-05-01,5,2025,4,ENFERMERIA,TEMPERATURA,7,
DR. ANIBAL MALVIDO,2025-05-01,5,2025,4,ENFERMERIA,GLUCEMIA,20,
DR. ANIBAL MALVIDO,2025-05-01,5,2025,4,ENFERMERIA,NEBULIZACIONES,2,
DR. ANIBAL MALVIDO,2025-05-01,5,2025,4,ENFERMERIA,PESO Y TALLA,607,
DR. ANIBAL MALVIDO,2025-05-01,5,2025,4,ENFERMERIA,CURACIONES,12,
DR. ANIBAL MALVIDO,2025-05-01,5,2025,4,ENFERMERIA,SUTURAS,1,
DR. ANIBAL MALVIDO,2025-05-01,5,2025,4,ENFERMERIA,INYECTABLES,36,
DR. ANIBAL MALVIDO,2025-05-01,5,2025,4,ENFERMERIA,INMUNIZACIONES,267,
DR. ANIBAL MALVIDO,2025-05-01,5,2025,4,ENFERMERIA,PAP,19,
DR. ANIBAL MALVIDO,2025-05-01,5,2025,4,ENFERMERIA,IMPLANTE SUBDERMICO,5,
Dr. SANTIAGO LORENZO,2025-05-01,5,2025,4,ENFERMERIA,CONTROL TENSION ARTERIAL,161,
Dr. SANTIAGO LORENZO,2025-05-01,5,2025,4,ENFERMERIA,TEMPERATURA,11,
Dr. SANTIAGO LORENZO,2025-05-01,5,2025,4,ENFERMERIA,GLUCEMIA,8,
Dr. SANTIAGO LORENZO,2025-05-01,5,2025,4,ENFERMERIA,PESO Y TALLA,307,
Dr. SANTIAGO LORENZO,2025-05-01,5,2025,4,ENFERMERIA,CURACIONES,15,
Dr. SANTIAGO LORENZO,2025-05-01,5,2025,4,ENFERMERIA,INYECTABLES,28,
Dr. SANTIAGO LORENZO,2025-05-01,5,2025,4,ENFERMERIA,INMUNIZACIONES,125,
Dr. SANTIAGO LORENZO,2025-05-01,5,2025,4,ENFERMERIA,PAP,4,
Dr. SANTIAGO LORENZO,2025-05-01,5,2025,4,ENFERMERIA,IMPLANTE SUBDERMICO,3,
VILLA GARCIA,2025-05-01,5,2025,4,ENFERMERIA,CONTROL TENSION ARTERIAL,77,
VILLA GARCIA,2025-05-01,5,2025,4,ENFERMERIA,TEMPERATURA,24,
VILLA GARCIA,2025-05-01,5,2025,4,ENFERMERIA,GLUCEMIA,10,
VILLA GARCIA,2025-05-01,5,2025,4,ENFERMERIA,PESO Y TALLA,126,
VILLA GARCIA,2025-05-01,5,2025,4,ENFERMERIA,CURACIONES,5,
VILLA GARCIA,2025-05-01,5,2025,4,ENFERMERIA,INYECTABLES,28,
VILLA GARCIA,2025-05-01,5,2025,4,ENFERMERIA,INMUNIZACIONES,55,
ITATI,2025-05-01,5,2025,4,ENFERMERIA,CONTROL TENSION ARTERIAL,505,
ITATI,2025-05-01,5,2025,4,ENFERMERIA,TEMPERATURA,45,
ITATI,2025-05-01,5,2025,4,ENFERMERIA,GLUCEMIA,15,
ITATI,2025-05-01,5,2025,4,ENFERMERIA,PESO Y TALLA,505,
ITATI,2025-05-01,5,2025,4,ENFERMERIA,CURACIONES,55,
ITATI,2025-05-01,5,2025,4,ENFERMERIA,SUTURAS,40,
ITATI,2025-05-01,5,2025,4,ENFERMERIA,INYECTABLES,80,
ITATI,2025-05-01,5,2025,4,ENFERMERIA,INMUNIZACIONES,90,
ITATI,2025-05-01,5,2025,4,ENFERMERIA,PAP,3,
ITATI,2025-05-01,5,2025,4,ENFERMERIA,COLPOSCOPIA,3,
ITATI,2025-05-01,5,2025,4,ENFERMERIA,IMPLANTE SUBDERMICO,5,
ITATI,2025-05-01,5,2025,4,ENFERMERIA,TEST HPV,1,
PUJOL,2025-05-01,5,2025,4,ENFERMERIA,CONTROL TENSION ARTERIAL,180,
PUJOL,2025-05-01,5,2025,4,ENFERMERIA,TEMPERATURA,30,
PUJOL,2025-05-01,5,2025,4,ENFERMERIA,GLUCEMIA,25,
PUJOL,2025-05-01,5,2025,4,ENFERMERIA,NEBULIZACIONES,2,
PUJOL,2025-05-01,5,2025,4,ENFERMERIA,PESO Y TALLA,360,
PUJOL,2025-05-01,5,2025,4,ENFERMERIA,CURACIONES,20,
PUJOL,2025-05-01,5,2025,4,ENFERMERIA,INYECTABLES,40,
PUJOL,2025-05-01,5,2025,4,ENFERMERIA,INMUNIZACIONES,95,
PUJOL,2025-05-01,5,2025,4,ENFERMERIA,PAP,2,
PUJOL,2025-05-01,5,2025,4,ENFERMERIA,IMPLANTE SUBDERMICO,3,
DR. FLIER,2025-05-01,5,2025,4,ENFERMERIA,CONTROL TENSION ARTERIAL,145,
DR. FLIER,2025-05-01,5,2025,4,ENFERMERIA,TEMPERATURA,100,
DR. FLIER,2025-05-01,5,2025,4,ENFERMERIA,NEBULIZACIONES,90,
DR. FLIER,2025-05-01,5,2025,4,ENFERMERIA,PESO Y TALLA,175,
DR. FLIER,2025-05-01,5,2025,4,ENFERMERIA,CURACIONES,80,
DR. FLIER,2025-05-01,5,2025,4,ENFERMERIA,INYECTABLES,105,
DR. FLIER,2025-05-01,5,2025,4,ENFERMERIA,INMUNIZACIONES,75,
DR. FLIER,2025-04-01,4,2025,4,ENFERMERIA,CONTROL TENSION ARTERIAL,125,
DR. FLIER,2025-04-01,4,2025,4,ENFERMERIA,TEMPERATURA,75,
DR. FLIER,2025-04-01,4,2025,4,ENFERMERIA,NEBULIZACIONES,95,
DR. FLIER,2025-04-01,4,2025,4,ENFERMERIA,PESO Y TALLA,187,
DR. FLIER,2025-04-01,4,2025,4,ENFERMERIA,CURACIONES,83,
DR. FLIER,2025-04-01,4,2025,4,ENFERMERIA,INYECTABLES,136,
DR. FLIER,2025-04-01,4,2025,4,ENFERMERIA,INMUNIZACIONES,79,
DR. CHERCOFF,2025-05-01,5,2025,4,ENFERMERIA,CONTROL TENSION ARTERIAL,219,
DR. CHERCOFF,2025-05-01,5,2025,4,ENFERMERIA,TEMPERATURA,180,
DR. CHERCOFF,2025-05-01,5,2025,4,ENFERMERIA,GLUCEMIA,15,
DR. CHERCOFF,2025-05-01,5,2025,4,ENFERMERIA,NEBULIZACIONES,14,
DR. CHERCOFF,2025-05-01,5,2025,4,ENFERMERIA,PESO Y TALLA,240,
DR. CHERCOFF,2025-05-01,5,2025,4,ENFERMERIA,CURACIONES,49,
DR. CHERCOFF,2025-05-01,5,2025,4,ENFERMERIA,INYECTABLES,70,
DR. CHERCOFF,2025-05-01,5,2025,4,ENFERMERIA,INMUNIZACIONES,29,
SAPUCAY,2025-05-01,5,2025,4,ENFERMERIA,CONTROL TENSION ARTERIAL,350,
SAPUCAY,2025-05-01,5,2025,4,ENFERMERIA,TEMPERATURA,40,
SAPUCAY,2025-05-01,5,2025,4,ENFERMERIA,GLUCEMIA,55,
SAPUCAY,2025-05-01,5,2025,4,ENFERMERIA,NEBULIZACIONES,15,
SAPUCAY,2025-05-01,5,2025,4,ENFERMERIA,PESO Y TALLA,450,
SAPUCAY,2025-05-01,5,2025,4,ENFERMERIA,CURACIONES,70,
SAPUCAY,2025-05-01,5,2025,4,ENFERMERIA,INYECTABLES,58,
SAPUCAY,2025-05-01,5,2025,4,ENFERMERIA,INMUNIZACIONES,64,
SANTA MARTA,2025-05-01,5,2025,4,ENFERMERIA,CONTROL TENSION ARTERIAL,137,
SANTA MARTA,2025-05-01,5,2025,4,ENFERMERIA,TEMPERATURA,76,
SANTA MARTA,2025-05-01,5,2025,4,ENFERMERIA,PESO Y TALLA,365,
SANTA MARTA,2025-05-01,5,2025,4,ENFERMERIA,CURACIONES,57,
SANTA MARTA,2025-05-01,5,2025,4,ENFERMERIA,INYECTABLES,29,
SANTA MARTA,2025-05-01,5,2025,4,ENFERMERIA,INMUNIZACIONES,127,
SAN MARCOS,2025-05-01,5,2025,4,ENFERMERIA,CONTROL TENSION ARTERIAL,181,
SAN MARCOS,2025-05-01,5,2025,4,ENFERMERIA,TEMPERATURA,12,
SAN MARCOS,2025-05-01,5,2025,4,ENFERMERIA,GLUCEMIA,20,
SAN MARCOS,2025-05-01,5,2025,4,ENFERMERIA,NEBULIZACIONES,4,
SAN MARCOS,2025-05-01,5,2025,4,ENFERMERIA,PESO Y TALLA,358,
SAN MARCOS,2025-05-01,5,2025,4,ENFERMERIA,CURACIONES,20,
SAN MARCOS,2025-05-01,5,2025,4,ENFERMERIA,INYECTABLES,27,
SAN MARCOS,2025-05-01,5,2025,4,ENFERMERIA,INMUNIZACIONES,50,
Dr. CALMANASH,2025-05-01,5,2025,4,ENFERMERIA,CONTROL TENSION ARTERIAL,293,
Dr. CALMANASH,2025-05-01,5,2025,4,ENFERMERIA,TEMPERATURA,10,
Dr. CALMANASH,2025-05-01,5,2025,4,ENFERMERIA,GLUCEMIA,5,
Dr. CALMANASH,2025-05-01,5,2025,4,ENFERMERIA,NEBULIZACIONES,10,
Dr. CALMANASH,2025-05-01,5,2025,4,ENFERMERIA,PESO Y TALLA,315,
Dr. CALMANASH,2025-05-01,5,2025,4,ENFERMERIA,CURACIONES,3,
Dr. CALMANASH,2025-05-01,5,2025,4,ENFERMERIA,INYECTABLES,145,
Dr. CALMANASH,2025-05-01,5,2025,4,ENFERMERIA,INMUNIZACIONES,33,
Dr. CALMANASH,2025-05-01,5,2025,4,ENFERMERIA,PAP,6,
DR. KORIMBLUM,2025-05-01,5,2025,4,ENFERMERIA,CONTROL TENSION ARTERIAL,84,
DR. KORIMBLUM,2025-05-01,5,2025,4,ENFERMERIA,TEMPERATURA,326,
DR. KORIMBLUM,2025-05-01,5,2025,4,ENFERMERIA,GLUCEMIA,12,
DR. KORIMBLUM,2025-05-01,5,2025,4,ENFERMERIA,NEBULIZACIONES,8,
DR. KORIMBLUM,2025-05-01,5,2025,4,ENFERMERIA,PESO Y TALLA,80,
DR. KORIMBLUM,2025-05-01,5,2025,4,ENFERMERIA,CURACIONES,12,
DR. KORIMBLUM,2025-05-01,5,2025,4,ENFERMERIA,INYECTABLES,29,
DR. KORIMBLUM,2025-05-01,5,2025,4,ENFERMERIA,INMUNIZACIONES,30,
DR. KORIMBLUM,2025-05-01,5,2025,4,ENFERMERIA,IMPLANTE SUBDERMICO,5,
GDOR. ELIAS GALVAN,2025-06-01,6,2025,4,ENFERMERIA,CONTROL TENSION ARTERIAL,316,
GDOR. ELIAS GALVAN,2025-06-01,6,2025,4,ENFERMERIA,TEMPERATURA,278,
GDOR. ELIAS GALVAN,2025-06-01,6,2025,4,ENFERMERIA,GLUCEMIA,16,
GDOR. ELIAS GALVAN,2025-06-01,6,2025,4,ENFERMERIA,NEBULIZACIONES,36,
GDOR. ELIAS GALVAN,2025-06-01,6,2025,4,ENFERMERIA,PESO Y TALLA,275,
GDOR. ELIAS GALVAN,2025-06-01,6,2025,4,ENFERMERIA,CURACIONES,25,
GDOR. ELIAS GALVAN,2025-06-01,6,2025,4,ENFERMERIA,INYECTABLES,22,
GDOR. ELIAS GALVAN,2025-06-01,6,2025,4,ENFERMERIA,INMUNIZACIONES,89,
DR. JOSE DE LOS REYES VIDAL,2025-06-01,6,2025,4,ENFERMERIA,CONTROL TENSION ARTERIAL,160,
DR. JOSE DE LOS REYES VIDAL,2025-06-01,6,2025,4,ENFERMERIA,TEMPERATURA,10,
DR. JOSE DE LOS REYES VIDAL,2025-06-01,6,2025,4,ENFERMERIA,GLUCEMIA,80,
DR. JOSE DE LOS REYES VIDAL,2025-06-01,6,2025,4,ENFERMERIA,PESO Y TALLA,90,
DR. JOSE DE LOS REYES VIDAL,2025-06-01,6,2025,4,ENFERMERIA,CURACIONES,20,
DR. JOSE DE LOS REYES VIDAL,2025-06-01,6,2025,4,ENFERMERIA,INYECTABLES,130,
DR. JOSE DE LOS REYES VIDAL,2025-06-01,6,2025,4,ENFERMERIA,PAP,1,
DR. ALBERTO LIFSCHITZ,2025-06-01,6,2025,4,ENFERMERIA,CONTROL TENSION ARTERIAL,148,
DR. ALBERTO LIFSCHITZ,2025-06-01,6,2025,4,ENFERMERIA,TEMPERATURA,10,
DR. ALBERTO LIFSCHITZ,2025-06-01,6,2025,4,ENFERMERIA,GLUCEMIA,2,
DR. ALBERTO LIFSCHITZ,2025-06-01,6,2025,4,ENFERMERIA,PESO Y TALLA,479,
DR. ALBERTO LIFSCHITZ,2025-06-01,6,2025,4,ENFERMERIA,CURACIONES,10,
DR. ALBERTO LIFSCHITZ,2025-06-01,6,2025,4,ENFERMERIA,INYECTABLES,87,
DR. ALBERTO LIFSCHITZ,2025-06-01,6,2025,4,ENFERMERIA,INMUNIZACIONES,31,
ITATI,2025-06-01,6,2025,4,ENFERMERIA,CONTROL TENSION ARTERIAL,550,
ITATI,2025-06-01,6,2025,4,ENFERMERIA,TEMPERATURA,152,
ITATI,2025-06-01,6,2025,4,ENFERMERIA,GLUCEMIA,42,
ITATI,2025-06-01,6,2025,4,ENFERMERIA,NEBULIZACIONES,30,
ITATI,2025-06-01,6,2025,4,ENFERMERIA,PESO Y TALLA,700,
ITATI,2025-06-01,6,2025,4,ENFERMERIA,CURACIONES,52,
ITATI,2025-06-01,6,2025,4,ENFERMERIA,INYECTABLES,60,
ITATI,2025-06-01,6,2025,4,ENFERMERIA,INMUNIZACIONES,68,
ITATI,2025-06-01,6,2025,4,ENFERMERIA,PAP,3,
MARCELINO VERA,2025-06-01,6,2025,4,ENFERMERIA,CONTROL TENSION ARTERIAL,70,
MARCELINO VERA,2025-06-01,6,2025,4,ENFERMERIA,TEMPERATURA,20,
MARCELINO VERA,2025-06-01,6,2025,4,ENFERMERIA,GLUCEMIA,10,
MARCELINO VERA,2025-06-01,6,2025,4,ENFERMERIA,NEBULIZACIONES,5,
MARCELINO VERA,2025-06-01,6,2025,4,ENFERMERIA,PESO Y TALLA,50,
MARCELINO VERA,2025-06-01,6,2025,4,ENFERMERIA,CURACIONES,10,
MARCELINO VERA,2025-06-01,6,2025,4,ENFERMERIA,INYECTABLES,25,
MARCELINO VERA,2025-06-01,6,2025,4,ENFERMERIA,INMUNIZACIONES,11,
SANTA MARGARITA,2025-06-01,6,2025,4,ENFERMERIA,CONTROL TENSION ARTERIAL,170,
SANTA MARGARITA,2025-06-01,6,2025,4,ENFERMERIA,TEMPERATURA,50,
SANTA MARGARITA,2025-06-01,6,2025,4,ENFERMERIA,GLUCEMIA,20,
SANTA MARGARITA,2025-06-01,6,2025,4,ENFERMERIA,PESO Y TALLA,185,
SANTA MARGARITA,2025-06-01,6,2025,4,ENFERMERIA,CURACIONES,30,
SANTA MARGARITA,2025-06-01,6,2025,4,ENFERMERIA,INYECTABLES,100,
SANTA MARGARITA,2025-06-01,6,2025,4,ENFERMERIA,INMUNIZACIONES,38,
SAN MARCOS,2025-06-01,6,2025,4,ENFERMERIA,CONTROL TENSION ARTERIAL,115,
SAN MARCOS,2025-06-01,6,2025,4,ENFERMERIA,TEMPERATURA,9,
SAN MARCOS,2025-06-01,6,2025,4,ENFERMERIA,GLUCEMIA,5,
SAN MARCOS,2025-06-01,6,2025,4,ENFERMERIA,NEBULIZACIONES,2,
SAN MARCOS,2025-06-01,6,2025,4,ENFERMERIA,PESO Y TALLA,290,
SAN MARCOS,2025-06-01,6,2025,4,ENFERMERIA,CURACIONES,5,
SAN MARCOS,2025-06-01,6,2025,4,ENFERMERIA,INYECTABLES,41,
SAN MARCOS,2025-06-01,6,2025,4,ENFERMERIA,INMUNIZACIONES,37,
RIO PARANA,2025-06-01,6,2025,4,ENFERMERIA,CONTROL TENSION ARTERIAL,298,
RIO PARANA,2025-06-01,6,2025,4,ENFERMERIA,TEMPERATURA,150,
RIO PARANA,2025-06-01,6,2025,4,ENFERMERIA,PESO Y TALLA,478,
RIO PARANA,2025-06-01,6,2025,4,ENFERMERIA,CURACIONES,110,
RIO PARANA,2025-06-01,6,2025,4,ENFERMERIA,INYECTABLES,139,
RIO PARANA,2025-06-01,6,2025,4,ENFERMERIA,INMUNIZACIONES,95,
SAPUCAY,2025-06-01,6,2025,4,ENFERMERIA,CONTROL TENSION ARTERIAL,200,
SAPUCAY,2025-06-01,6,2025,4,ENFERMERIA,TEMPERATURA,30,
SAPUCAY,2025-06-01,6,2025,4,ENFERMERIA,GLUCEMIA,40,
SAPUCAY,2025-06-01,6,2025,4,ENFERMERIA,NEBULIZACIONES,35,
SAPUCAY,2025-06-01,6,2025,4,ENFERMERIA,PESO Y TALLA,500,
SAPUCAY,2025-06-01,6,2025,4,ENFERMERIA,CURACIONES,45,
SAPUCAY,2025-06-01,6,2025,4,ENFERMERIA,INYECTABLES,60,
SAPUCAY,2025-06-01,6,2025,4,ENFERMERIA,INMUNIZACIONES,70,
PUJOL,2025-06-01,6,2025,4,ENFERMERIA,CONTROL TENSION ARTERIAL,190,
PUJOL,2025-06-01,6,2025,4,ENFERMERIA,TEMPERATURA,35,
PUJOL,2025-06-01,6,2025,4,ENFERMERIA,GLUCEMIA,30,
PUJOL,2025-06-01,6,2025,4,ENFERMERIA,NEBULIZACIONES,5,
PUJOL,2025-06-01,6,2025,4,ENFERMERIA,PESO Y TALLA,385,
PUJOL,2025-06-01,6,2025,4,ENFERMERIA,CURACIONES,25,
PUJOL,2025-06-01,6,2025,4,ENFERMERIA,INYECTABLES,40,
PUJOL,2025-06-01,6,2025,4,ENFERMERIA,INMUNIZACIONES,51,
PUJOL,2025-06-01,6,2025,4,ENFERMERIA,PAP,5,
Dr. CALMANASH,2025-06-01,6,2025,4,ENFERMERIA,CONTROL TENSION ARTERIAL,293,
Dr. CALMANASH,2025-06-01,6,2025,4,ENFERMERIA,TEMPERATURA,4,
Dr. CALMANASH,2025-06-01,6,2025,4,ENFERMERIA,GLUCEMIA,4,
Dr. CALMANASH,2025-06-01,6,2025,4,ENFERMERIA,NEBULIZACIONES,10,
Dr. CALMANASH,2025-06-01,6,2025,4,ENFERMERIA,PESO Y TALLA,378,
Dr. CALMANASH,2025-06-01,6,2025,4,ENFERMERIA,CURACIONES,5,
Dr. CALMANASH,2025-06-01,6,2025,4,ENFERMERIA,INYECTABLES,275,
Dr. CALMANASH,2025-06-01,6,2025,4,ENFERMERIA,INMUNIZACIONES,19,
Dr. CALMANASH,2025-06-01,6,2025,4,ENFERMERIA,PAP,8,
VILLA GARCIA,2025-06-01,6,2025,4,ENFERMERIA,CONTROL TENSION ARTERIAL,82,
VILLA GARCIA,2025-06-01,6,2025,4,ENFERMERIA,TEMPERATURA,40,
VILLA GARCIA,2025-06-01,6,2025,4,ENFERMERIA,GLUCEMIA,20,
VILLA GARCIA,2025-06-01,6,2025,4,ENFERMERIA,PESO Y TALLA,109,
VILLA GARCIA,2025-06-01,6,2025,4,ENFERMERIA,CURACIONES,15,
VILLA GARCIA,2025-06-01,6,2025,4,ENFERMERIA,INYECTABLES,30,
VILLA GARCIA,2025-06-01,6,2025,4,ENFERMERIA,INMUNIZACIONES,39,
SANTA MARTA,2025-06-01,6,2025,4,ENFERMERIA,CONTROL TENSION ARTERIAL,104,
SANTA MARTA,2025-06-01,6,2025,4,ENFERMERIA,TEMPERATURA,103,
SANTA MARTA,2025-06-01,6,2025,4,ENFERMERIA,GLUCEMIA,8,
SANTA MARTA,2025-06-01,6,2025,4,ENFERMERIA,PESO Y TALLA,173,
SANTA MARTA,2025-06-01,6,2025,4,ENFERMERIA,CURACIONES,17,
SANTA MARTA,2025-06-01,6,2025,4,ENFERMERIA,SUTURAS,1,
SANTA MARTA,2025-06-01,6,2025,4,ENFERMERIA,INYECTABLES,57,
SANTA MARTA,2025-06-01,6,2025,4,ENFERMERIA,INMUNIZACIONES,63,
SANTA MARTA,2025-06-01,6,2025,4,ENFERMERIA,PAP,3,
DR. MAURICIO OPEN,2025-06-01,6,2025,4,ENFERMERIA,CONTROL TENSION ARTERIAL,87,
DR. MAURICIO OPEN,2025-06-01,6,2025,4,ENFERMERIA,TEMPERATURA,19,
DR. MAURICIO OPEN,2025-06-01,6,2025,4,ENFERMERIA,GLUCEMIA,3,
DR. MAURICIO OPEN,2025-06-01,6,2025,4,ENFERMERIA,PESO Y TALLA,77,
DR. MAURICIO OPEN,2025-06-01,6,2025,4,ENFERMERIA,CURACIONES,20,
DR. MAURICIO OPEN,2025-06-01,6,2025,4,ENFERMERIA,INYECTABLES,14,
DR. MAURICIO OPEN,2025-06-01,6,2025,4,ENFERMERIA,INMUNIZACIONES,43,
DR. PIRCHI,2025-06-01,6,2025,4,ENFERMERIA,CONTROL TENSION ARTERIAL,102,
DR. PIRCHI,2025-06-01,6,2025,4,ENFERMERIA,TEMPERATURA,22,
DR. PIRCHI,2025-06-01,6,2025,4,ENFERMERIA,GLUCEMIA,35,
DR. PIRCHI,2025-06-01,6,2025,4,ENFERMERIA,NEBULIZACIONES,5,
DR. PIRCHI,2025-06-01,6,2025,4,ENFERMERIA,PESO Y TALLA,78,
DR. PIRCHI,2025-06-01,6,2025,4,ENFERMERIA,CURACIONES,26,
DR. PIRCHI,2025-06-01,6,2025,4,ENFERMERIA,INYECTABLES,89,
DR. PIRCHI,2025-06-01,6,2025,4,ENFERMERIA,INMUNIZACIONES,148,
Dr. SANTIAGO LORENZO,2025-06-01,6,2025,4,ENFERMERIA,CONTROL TENSION ARTERIAL,123,
Dr. SANTIAGO LORENZO,2025-06-01,6,2025,4,ENFERMERIA,TEMPERATURA,9,
Dr. SANTIAGO LORENZO,2025-06-01,6,2025,4,ENFERMERIA,GLUCEMIA,5,
Dr. SANTIAGO LORENZO,2025-06-01,6,2025,4,ENFERMERIA,PESO Y TALLA,204,
Dr. SANTIAGO LORENZO,2025-06-01,6,2025,4,ENFERMERIA,CURACIONES,20,
Dr. SANTIAGO LORENZO,2025-06-01,6,2025,4,ENFERMERIA,INYECTABLES,30,
Dr. SANTIAGO LORENZO,2025-06-01,6,2025,4,ENFERMERIA,INMUNIZACIONES,87,
Dr. SANTIAGO LORENZO,2025-06-01,6,2025,4,ENFERMERIA,PAP,4,
Dr. SANTIAGO LORENZO,2025-06-01,6,2025,4,ENFERMERIA,DIU,5,
DR. ANIBAL MALVIDO,2025-06-01,6,2025,4,ENFERMERIA,CONTROL TENSION ARTERIAL,723,
DR. ANIBAL MALVIDO,2025-06-01,6,2025,4,ENFERMERIA,TEMPERATURA,200,
DR. ANIBAL MALVIDO,2025-06-01,6,2025,4,ENFERMERIA,GLUCEMIA,10,
DR. ANIBAL MALVIDO,2025-06-01,6,2025,4,ENFERMERIA,NEBULIZACIONES,5,
DR. ANIBAL MALVIDO,2025-06-01,6,2025,4,ENFERMERIA,PESO Y TALLA,750,
DR. ANIBAL MALVIDO,2025-06-01,6,2025,4,ENFERMERIA,CURACIONES,7,
DR. ANIBAL MALVIDO,2025-06-01,6,2025,4,ENFERMERIA,INYECTABLES,200,
DR. ANIBAL MALVIDO,2025-06-01,6,2025,4,ENFERMERIA,INMUNIZACIONES,190,
DR. ANIBAL MALVIDO,2025-06-01,6,2025,4,ENFERMERIA,PAP,18,
ESPERANZA,2025-06-01,6,2025,4,ENFERMERIA,CONTROL TENSION ARTERIAL,359,
ESPERANZA,2025-06-01,6,2025,4,ENFERMERIA,TEMPERATURA,73,
ESPERANZA,2025-06-01,6,2025,4,ENFERMERIA,GLUCEMIA,21,
ESPERANZA,2025-06-01,6,2025,4,ENFERMERIA,NEBULIZACIONES,70,
ESPERANZA,2025-06-01,6,2025,4,ENFERMERIA,PESO Y TALLA,463,
ESPERANZA,2025-06-01,6,2025,4,ENFERMERIA,CURACIONES,25,
ESPERANZA,2025-06-01,6,2025,4,ENFERMERIA,INYECTABLES,95,
ESPERANZA,2025-06-01,6,2025,4,ENFERMERIA,INMUNIZACIONES,108,
ESPERANZA,2025-06-01,6,2025,4,ENFERMERIA,PAP,4,
DR. BENJAMIN SERRANO,2025-06-01,6,2025,4,ENFERMERIA,CONTROL TENSION ARTERIAL,230,
DR. BENJAMIN SERRANO,2025-06-01,6,2025,4,ENFERMERIA,TEMPERATURA,10,
DR. BENJAMIN SERRANO,2025-06-01,6,2025,4,ENFERMERIA,GLUCEMIA,7,
DR. BENJAMIN SERRANO,2025-06-01,6,2025,4,ENFERMERIA,PESO Y TALLA,412,
DR. BENJAMIN SERRANO,2025-06-01,6,2025,4,ENFERMERIA,CURACIONES,18,
DR. BENJAMIN SERRANO,2025-06-01,6,2025,4,ENFERMERIA,INYECTABLES,25,
DR. BENJAMIN SERRANO,2025-06-01,6,2025,4,ENFERMERIA,INMUNIZACIONES,69,
DR. CHERCOFF,2025-06-01,6,2025,4,ENFERMERIA,CONTROL TENSION ARTERIAL,219,
DR. CHERCOFF,2025-06-01,6,2025,4,ENFERMERIA,TEMPERATURA,200,
DR. CHERCOFF,2025-06-01,6,2025,4,ENFERMERIA,GLUCEMIA,16,
DR. CHERCOFF,2025-06-01,6,2025,4,ENFERMERIA,NEBULIZACIONES,12,
DR. CHERCOFF,2025-06-01,6,2025,4,ENFERMERIA,PESO Y TALLA,207,
DR. CHERCOFF,2025-06-01,6,2025,4,ENFERMERIA,CURACIONES,63,
DR. CHERCOFF,2025-06-01,6,2025,4,ENFERMERIA,INYECTABLES,71,
DR. CHERCOFF,2025-06-01,6,2025,4,ENFERMERIA,INMUNIZACIONES,16,
DR. FLIER,2025-06-01,6,2025,4,ENFERMERIA,CONTROL TENSION ARTERIAL,90,
DR. FLIER,2025-06-01,6,2025,4,ENFERMERIA,TEMPERATURA,85,
DR. FLIER,2025-06-01,6,2025,4,ENFERMERIA,NEBULIZACIONES,67,
DR. FLIER,2025-06-01,6,2025,4,ENFERMERIA,PESO Y TALLA,153,
DR. FLIER,2025-06-01,6,2025,4,ENFERMERIA,CURACIONES,63,
DR. FLIER,2025-06-01,6,2025,4,ENFERMERIA,INYECTABLES,100,
DR. FLIER,2025-06-01,6,2025,4,ENFERMERIA,INMUNIZACIONES,23,
DR. FLIER,2025-06-01,6,2025,4,ENFERMERIA,PAP,3,
DR. KORIMBLUM,2025-06-01,6,2025,4,ENFERMERIA,CONTROL TENSION ARTERIAL,56,
DR. KORIMBLUM,2025-06-01,6,2025,4,ENFERMERIA,TEMPERATURA,8,
DR. KORIMBLUM,2025-06-01,6,2025,4,ENFERMERIA,GLUCEMIA,4,
DR. KORIMBLUM,2025-06-01,6,2025,4,ENFERMERIA,NEBULIZACIONES,6,
DR. KORIMBLUM,2025-06-01,6,2025,4,ENFERMERIA,PESO Y TALLA,169,
DR. KORIMBLUM,2025-06-01,6,2025,4,ENFERMERIA,CURACIONES,13,
DR. KORIMBLUM,2025-06-01,6,2025,4,ENFERMERIA,INYECTABLES,33,
MARCELINO VERA,2025-07-01,7,2025,4,ENFERMERIA,CONTROL TENSION ARTERIAL,80,
MARCELINO VERA,2025-07-01,7,2025,4,ENFERMERIA,TEMPERATURA,30,
MARCELINO VERA,2025-07-01,7,2025,4,ENFERMERIA,GLUCEMIA,10,
MARCELINO VERA,2025-07-01,7,2025,4,ENFERMERIA,NEBULIZACIONES,5,
MARCELINO VERA,2025-07-01,7,2025,4,ENFERMERIA,PESO Y TALLA,60,
MARCELINO VERA,2025-07-01,7,2025,4,ENFERMERIA,CURACIONES,10,
MARCELINO VERA,2025-07-01,7,2025,4,ENFERMERIA,INYECTABLES,15,
MARCELINO VERA,2025-07-01,7,2025,4,ENFERMERIA,INMUNIZACIONES,9,
DR. JOSE DE LOS REYES VIDAL,2025-07-01,7,2025,4,ENFERMERIA,CONTROL TENSION ARTERIAL,90,
DR. JOSE DE LOS REYES VIDAL,2025-07-01,7,2025,4,ENFERMERIA,TEMPERATURA,10,
DR. JOSE DE LOS REYES VIDAL,2025-07-01,7,2025,4,ENFERMERIA,GLUCEMIA,56,
DR. JOSE DE LOS REYES VIDAL,2025-07-01,7,2025,4,ENFERMERIA,PESO Y TALLA,150,
DR. JOSE DE LOS REYES VIDAL,2025-07-01,7,2025,4,ENFERMERIA,CURACIONES,20,
DR. JOSE DE LOS REYES VIDAL,2025-07-01,7,2025,4,ENFERMERIA,INYECTABLES,59,
DR. JOSE DE LOS REYES VIDAL,2025-07-01,7,2025,4,ENFERMERIA,PAP,10,
DR. BENJAMIN SERRANO,2025-07-01,7,2025,4,ENFERMERIA,CONTROL TENSION ARTERIAL,276,
DR. BENJAMIN SERRANO,2025-07-01,7,2025,4,ENFERMERIA,TEMPERATURA,6,
DR. BENJAMIN SERRANO,2025-07-01,7,2025,4,ENFERMERIA,GLUCEMIA,3,
DR. BENJAMIN SERRANO,2025-07-01,7,2025,4,ENFERMERIA,PESO Y TALLA,354,
DR. BENJAMIN SERRANO,2025-07-01,7,2025,4,ENFERMERIA,CURACIONES,25,
DR. BENJAMIN SERRANO,2025-07-01,7,2025,4,ENFERMERIA,INYECTABLES,35,
DR. BENJAMIN SERRANO,2025-07-01,7,2025,4,ENFERMERIA,INMUNIZACIONES,53,
DR. KORIMBLUM,2025-07-01,7,2025,4,ENFERMERIA,CONTROL TENSION ARTERIAL,60,
DR. KORIMBLUM,2025-07-01,7,2025,4,ENFERMERIA,TEMPERATURA,10,
DR. KORIMBLUM,2025-07-01,7,2025,4,ENFERMERIA,GLUCEMIA,18,
DR. KORIMBLUM,2025-07-01,7,2025,4,ENFERMERIA,NEBULIZACIONES,8,
DR. KORIMBLUM,2025-07-01,7,2025,4,ENFERMERIA,PESO Y TALLA,158,
DR. KORIMBLUM,2025-07-01,7,2025,4,ENFERMERIA,CURACIONES,11,
DR. KORIMBLUM,2025-07-01,7,2025,4,ENFERMERIA,INYECTABLES,22,
DR. KORIMBLUM,2025-07-01,7,2025,4,ENFERMERIA,INMUNIZACIONES,54,
PASO MARTINEZ,2025-07-01,7,2025,4,ENFERMERIA,CONTROL TENSION ARTERIAL,39,
PASO MARTINEZ,2025-07-01,7,2025,4,ENFERMERIA,PESO Y TALLA,35,
PASO MARTINEZ,2025-07-01,7,2025,4,ENFERMERIA,INYECTABLES,8,
DR. MAURICIO OPEN,2025-07-01,7,2025,4,ENFERMERIA,CONTROL TENSION ARTERIAL,76,
DR. MAURICIO OPEN,2025-07-01,7,2025,4,ENFERMERIA,TEMPERATURA,14,
DR. MAURICIO OPEN,2025-07-01,7,2025,4,ENFERMERIA,GLUCEMIA,3,
DR. MAURICIO OPEN,2025-07-01,7,2025,4,ENFERMERIA,NEBULIZACIONES,2,
DR. MAURICIO OPEN,2025-07-01,7,2025,4,ENFERMERIA,PESO Y TALLA,62,
DR. MAURICIO OPEN,2025-07-01,7,2025,4,ENFERMERIA,CURACIONES,35,
DR. MAURICIO OPEN,2025-07-01,7,2025,4,ENFERMERIA,INYECTABLES,23,
DR. MAURICIO OPEN,2025-07-01,7,2025,4,ENFERMERIA,INMUNIZACIONES,11,
GDOR. ELIAS GALVAN,2025-07-01,7,2025,4,ENFERMERIA,CONTROL TENSION ARTERIAL,186,
GDOR. ELIAS GALVAN,2025-07-01,7,2025,4,ENFERMERIA,TEMPERATURA,170,
GDOR. ELIAS GALVAN,2025-07-01,7,2025,4,ENFERMERIA,GLUCEMIA,25,
GDOR. ELIAS GALVAN,2025-07-01,7,2025,4,ENFERMERIA,NEBULIZACIONES,30,
GDOR. ELIAS GALVAN,2025-07-01,7,2025,4,ENFERMERIA,PESO Y TALLA,156,
GDOR. ELIAS GALVAN,2025-07-01,7,2025,4,ENFERMERIA,CURACIONES,33,
GDOR. ELIAS GALVAN,2025-07-01,7,2025,4,ENFERMERIA,INYECTABLES,45,
GDOR. ELIAS GALVAN,2025-07-01,7,2025,4,ENFERMERIA,INMUNIZACIONES,53,
DR. ANIBAL MALVIDO,2025-07-01,7,2025,4,ENFERMERIA,CONTROL TENSION ARTERIAL,490,
DR. ANIBAL MALVIDO,2025-07-01,7,2025,4,ENFERMERIA,TEMPERATURA,30,
DR. ANIBAL MALVIDO,2025-07-01,7,2025,4,ENFERMERIA,GLUCEMIA,80,
DR. ANIBAL MALVIDO,2025-07-01,7,2025,4,ENFERMERIA,NEBULIZACIONES,12,
DR. ANIBAL MALVIDO,2025-07-01,7,2025,4,ENFERMERIA,PESO Y TALLA,560,
DR. ANIBAL MALVIDO,2025-07-01,7,2025,4,ENFERMERIA,CURACIONES,20,
DR. ANIBAL MALVIDO,2025-07-01,7,2025,4,ENFERMERIA,SUTURAS,2,
DR. ANIBAL MALVIDO,2025-07-01,7,2025,4,ENFERMERIA,INYECTABLES,200,
DR. ANIBAL MALVIDO,2025-07-01,7,2025,4,ENFERMERIA,INMUNIZACIONES,114,
DR. ALBERTO LIFSCHITZ,2025-07-01,7,2025,4,ENFERMERIA,CONTROL TENSION ARTERIAL,89,
DR. ALBERTO LIFSCHITZ,2025-07-01,7,2025,4,ENFERMERIA,TEMPERATURA,7,
DR. ALBERTO LIFSCHITZ,2025-07-01,7,2025,4,ENFERMERIA,GLUCEMIA,3,
DR. ALBERTO LIFSCHITZ,2025-07-01,7,2025,4,ENFERMERIA,PESO Y TALLA,170,
DR. ALBERTO LIFSCHITZ,2025-07-01,7,2025,4,ENFERMERIA,CURACIONES,12,
DR. ALBERTO LIFSCHITZ,2025-07-01,7,2025,4,ENFERMERIA,INYECTABLES,42,
SANTA MARTA,2025-07-01,7,2025,4,ENFERMERIA,CONTROL TENSION ARTERIAL,107,
SANTA MARTA,2025-07-01,7,2025,4,ENFERMERIA,TEMPERATURA,62,
SANTA MARTA,2025-07-01,7,2025,4,ENFERMERIA,GLUCEMIA,2,
SANTA MARTA,2025-07-01,7,2025,4,ENFERMERIA,PESO Y TALLA,188,
SANTA MARTA,2025-07-01,7,2025,4,ENFERMERIA,CURACIONES,20,
SANTA MARTA,2025-07-01,7,2025,4,ENFERMERIA,INYECTABLES,17,
SANTA MARTA,2025-07-01,7,2025,4,ENFERMERIA,INMUNIZACIONES,91,
DR. PIRCHI,2025-07-01,7,2025,4,ENFERMERIA,CONTROL TENSION ARTERIAL,111,
DR. PIRCHI,2025-07-01,7,2025,4,ENFERMERIA,TEMPERATURA,45,
DR. PIRCHI,2025-07-01,7,2025,4,ENFERMERIA,GLUCEMIA,42,
DR. PIRCHI,2025-07-01,7,2025,4,ENFERMERIA,NEBULIZACIONES,2,
DR. PIRCHI,2025-07-01,7,2025,4,ENFERMERIA,PESO Y TALLA,131,
DR. PIRCHI,2025-07-01,7,2025,4,ENFERMERIA,CURACIONES,79,
DR. PIRCHI,2025-07-01,7,2025,4,ENFERMERIA,INYECTABLES,69,
DR. PIRCHI,2025-07-01,7,2025,4,ENFERMERIA,INMUNIZACIONES,114,
RIO PARANA,2025-07-01,7,2025,4,ENFERMERIA,CONTROL TENSION ARTERIAL,300,
RIO PARANA,2025-07-01,7,2025,4,ENFERMERIA,TEMPERATURA,200,
RIO PARANA,2025-07-01,7,2025,4,ENFERMERIA,PESO Y TALLA,438,
RIO PARANA,2025-07-01,7,2025,4,ENFERMERIA,CURACIONES,98,
RIO PARANA,2025-07-01,7,2025,4,ENFERMERIA,INYECTABLES,160,
RIO PARANA,2025-07-01,7,2025,4,ENFERMERIA,INMUNIZACIONES,85,
SAPUCAY,2025-07-01,7,2025,4,ENFERMERIA,CONTROL TENSION ARTERIAL,280,
SAPUCAY,2025-07-01,7,2025,4,ENFERMERIA,TEMPERATURA,60,
SAPUCAY,2025-07-01,7,2025,4,ENFERMERIA,GLUCEMIA,30,
SAPUCAY,2025-07-01,7,2025,4,ENFERMERIA,NEBULIZACIONES,20,
SAPUCAY,2025-07-01,7,2025,4,ENFERMERIA,PESO Y TALLA,500,
SAPUCAY,2025-07-01,7,2025,4,ENFERMERIA,CURACIONES,48,
SAPUCAY,2025-07-01,7,2025,4,ENFERMERIA,INYECTABLES,40,
SAPUCAY,2025-07-01,7,2025,4,ENFERMERIA,INMUNIZACIONES,47,
ITATI,2025-07-01,7,2025,4,ENFERMERIA,CONTROL TENSION ARTERIAL,405,
ITATI,2025-07-01,7,2025,4,ENFERMERIA,TEMPERATURA,37,
ITATI,2025-07-01,7,2025,4,ENFERMERIA,GLUCEMIA,20,
ITATI,2025-07-01,7,2025,4,ENFERMERIA,NEBULIZACIONES,10,
ITATI,2025-07-01,7,2025,4,ENFERMERIA,PESO Y TALLA,399,
ITATI,2025-07-01,7,2025,4,ENFERMERIA,CURACIONES,35,
ITATI,2025-07-01,7,2025,4,ENFERMERIA,SUTURAS,15,
ITATI,2025-07-01,7,2025,4,ENFERMERIA,INYECTABLES,55,
ITATI,2025-07-01,7,2025,4,ENFERMERIA,INMUNIZACIONES,60,
ITATI,2025-07-01,7,2025,4,ENFERMERIA,PAP,1,
ITATI,2025-07-01,7,2025,4,ENFERMERIA,TEST HPV,1,
Dr. CALMANASH,2025-07-01,7,2025,4,ENFERMERIA,PAP,7,
Dr. SANTIAGO LORENZO,2025-07-01,7,2025,4,ENFERMERIA,CONTROL TENSION ARTERIAL,173,
Dr. SANTIAGO LORENZO,2025-07-01,7,2025,4,ENFERMERIA,TEMPERATURA,3,
Dr. SANTIAGO LORENZO,2025-07-01,7,2025,4,ENFERMERIA,GLUCEMIA,2,
Dr. SANTIAGO LORENZO,2025-07-01,7,2025,4,ENFERMERIA,NEBULIZACIONES,2,
Dr. SANTIAGO LORENZO,2025-07-01,7,2025,4,ENFERMERIA,PESO Y TALLA,359,
Dr. SANTIAGO LORENZO,2025-07-01,7,2025,4,ENFERMERIA,CURACIONES,10,
Dr. SANTIAGO LORENZO,2025-07-01,7,2025,4,ENFERMERIA,INYECTABLES,32,
Dr. SANTIAGO LORENZO,2025-07-01,7,2025,4,ENFERMERIA,INMUNIZACIONES,95,
SAN MARCOS,2025-07-01,7,2025,4,ENFERMERIA,CONTROL TENSION ARTERIAL,125,
SAN MARCOS,2025-07-01,7,2025,4,ENFERMERIA,TEMPERATURA,4,
SAN MARCOS,2025-07-01,7,2025,4,ENFERMERIA,GLUCEMIA,27,
SAN MARCOS,2025-07-01,7,2025,4,ENFERMERIA,NEBULIZACIONES,8,
SAN MARCOS,2025-07-01,7,2025,4,ENFERMERIA,PESO Y TALLA,263,
SAN MARCOS,2025-07-01,7,2025,4,ENFERMERIA,CURACIONES,6,
SAN MARCOS,2025-07-01,7,2025,4,ENFERMERIA,INYECTABLES,21,
SAN MARCOS,2025-07-01,7,2025,4,ENFERMERIA,INMUNIZACIONES,49,
ESPERANZA,2025-07-01,7,2025,4,ENFERMERIA,CONTROL TENSION ARTERIAL,430,
ESPERANZA,2025-07-01,7,2025,4,ENFERMERIA,TEMPERATURA,88,
ESPERANZA,2025-07-01,7,2025,4,ENFERMERIA,GLUCEMIA,25,
ESPERANZA,2025-07-01,7,2025,4,ENFERMERIA,NEBULIZACIONES,80,
ESPERANZA,2025-07-01,7,2025,4,ENFERMERIA,PESO Y TALLA,562,
ESPERANZA,2025-07-01,7,2025,4,ENFERMERIA,CURACIONES,30,
ESPERANZA,2025-07-01,7,2025,4,ENFERMERIA,INYECTABLES,125,
ESPERANZA,2025-07-01,7,2025,4,ENFERMERIA,INMUNIZACIONES,193,
PUJOL,2025-07-01,7,2025,4,ENFERMERIA,CONTROL TENSION ARTERIAL,165,
PUJOL,2025-07-01,7,2025,4,ENFERMERIA,TEMPERATURA,25,
PUJOL,2025-07-01,7,2025,4,ENFERMERIA,GLUCEMIA,30,
PUJOL,2025-07-01,7,2025,4,ENFERMERIA,NEBULIZACIONES,5,
PUJOL,2025-07-01,7,2025,4,ENFERMERIA,PESO Y TALLA,100,
PUJOL,2025-07-01,7,2025,4,ENFERMERIA,CURACIONES,20,
PUJOL,2025-07-01,7,2025,4,ENFERMERIA,INYECTABLES,30,
PUJOL,2025-07-01,7,2025,4,ENFERMERIA,INMUNIZACIONES,39,
SAN MARCOS,2025-07-01,7,2025,4,ENFERMERIA,CONTROL TENSION ARTERIAL,125,
SAN MARCOS,2025-07-01,7,2025,4,ENFERMERIA,TEMPERATURA,4,
SAN MARCOS,2025-07-01,7,2025,4,ENFERMERIA,GLUCEMIA,27,
SAN MARCOS,2025-07-01,7,2025,4,ENFERMERIA,NEBULIZACIONES,8,
SAN MARCOS,2025-07-01,7,2025,4,ENFERMERIA,PESO Y TALLA,263,
SAN MARCOS,2025-07-01,7,2025,4,ENFERMERIA,CURACIONES,6,
SAN MARCOS,2025-07-01,7,2025,4,ENFERMERIA,INYECTABLES,21,
SAN MARCOS,2025-07-01,7,2025,4,ENFERMERIA,INMUNIZACIONES,49,
Dr. SANTIAGO LORENZO,2025-07-01,7,2025,4,ENFERMERIA,CONTROL TENSION ARTERIAL,173,
Dr. SANTIAGO LORENZO,2025-07-01,7,2025,4,ENFERMERIA,TEMPERATURA,3,
Dr. SANTIAGO LORENZO,2025-07-01,7,2025,4,ENFERMERIA,GLUCEMIA,2,
Dr. SANTIAGO LORENZO,2025-07-01,7,2025,4,ENFERMERIA,NEBULIZACIONES,2,
Dr. SANTIAGO LORENZO,2025-07-01,7,2025,4,ENFERMERIA,PESO Y TALLA,359,
Dr. SANTIAGO LORENZO,2025-07-01,7,2025,4,ENFERMERIA,CURACIONES,10,
Dr. SANTIAGO LORENZO,2025-07-01,7,2025,4,ENFERMERIA,INYECTABLES,32,
Dr. SANTIAGO LORENZO,2025-07-01,7,2025,4,ENFERMERIA,INMUNIZACIONES,95,
DR. FLIER,2025-07-01,7,2025,4,ENFERMERIA,CONTROL TENSION ARTERIAL,27,
DR. FLIER,2025-07-01,7,2025,4,ENFERMERIA,TEMPERATURA,100,
DR. FLIER,2025-07-01,7,2025,4,ENFERMERIA,NEBULIZACIONES,90,
DR. FLIER,2025-07-01,7,2025,4,ENFERMERIA,PESO Y TALLA,163,
DR. FLIER,2025-07-01,7,2025,4,ENFERMERIA,CURACIONES,78,
DR. FLIER,2025-07-01,7,2025,4,ENFERMERIA,INYECTABLES,123,
DR. FLIER,2025-07-01,7,2025,4,ENFERMERIA,INMUNIZACIONES,35,
SANTA MARGARITA,2025-07-01,7,2025,4,ENFERMERIA,CONTROL TENSION ARTERIAL,137,
SANTA MARGARITA,2025-07-01,7,2025,4,ENFERMERIA,TEMPERATURA,48,
SANTA MARGARITA,2025-07-01,7,2025,4,ENFERMERIA,GLUCEMIA,27,
SANTA MARGARITA,2025-07-01,7,2025,4,ENFERMERIA,PESO Y TALLA,220,
SANTA MARGARITA,2025-07-01,7,2025,4,ENFERMERIA,CURACIONES,20,
SANTA MARGARITA,2025-07-01,7,2025,4,ENFERMERIA,INYECTABLES,30,
SANTA MARGARITA,2025-07-01,7,2025,4,ENFERMERIA,INMUNIZACIONES,29,
DR. CHERCOFF,2025-07-01,7,2025,4,ENFERMERIA,CONTROL TENSION ARTERIAL,200,
DR. CHERCOFF,2025-07-01,7,2025,4,ENFERMERIA,TEMPERATURA,197,
DR. CHERCOFF,2025-07-01,7,2025,4,ENFERMERIA,GLUCEMIA,10,
DR. CHERCOFF,2025-07-01,7,2025,4,ENFERMERIA,NEBULIZACIONES,12,
DR. CHERCOFF,2025-07-01,7,2025,4,ENFERMERIA,PESO Y TALLA,180,
DR. CHERCOFF,2025-07-01,7,2025,4,ENFERMERIA,CURACIONES,58,
DR. CHERCOFF,2025-07-01,7,2025,4,ENFERMERIA,INYECTABLES,63,
DR. CHERCOFF,2025-07-01,7,2025,4,ENFERMERIA,INMUNIZACIONES,17,
VILLA GARCIA,2025-07-01,7,2025,4,ENFERMERIA,CONTROL TENSION ARTERIAL,73,
VILLA GARCIA,2025-07-01,7,2025,4,ENFERMERIA,TEMPERATURA,20,
VILLA GARCIA,2025-07-01,7,2025,4,ENFERMERIA,GLUCEMIA,15,
VILLA GARCIA,2025-07-01,7,2025,4,ENFERMERIA,PESO Y TALLA,78,
VILLA GARCIA,2025-07-01,7,2025,4,ENFERMERIA,CURACIONES,15,
VILLA GARCIA,2025-07-01,7,2025,4,ENFERMERIA,INYECTABLES,18,
VILLA GARCIA,2025-07-01,7,2025,4,ENFERMERIA,INMUNIZACIONES,63,
DR. JOSE DE LOS REYES VIDAL,2025-08-01,8,2025,4,ENFERMERIA,CONTROL TENSION ARTERIAL,150,
DR. JOSE DE LOS REYES VIDAL,2025-08-01,8,2025,4,ENFERMERIA,TEMPERATURA,5,
DR. JOSE DE LOS REYES VIDAL,2025-08-01,8,2025,4,ENFERMERIA,GLUCEMIA,30,
DR. JOSE DE LOS REYES VIDAL,2025-08-01,8,2025,4,ENFERMERIA,PESO Y TALLA,230,
DR. JOSE DE LOS REYES VIDAL,2025-08-01,8,2025,4,ENFERMERIA,CURACIONES,30,
DR. JOSE DE LOS REYES VIDAL,2025-08-01,8,2025,4,ENFERMERIA,INYECTABLES,160,
DR. JOSE DE LOS REYES VIDAL,2025-08-01,8,2025,4,ENFERMERIA,PAP,8,
DR. JOSE DE LOS REYES VIDAL,2025-08-01,8,2025,4,ENFERMERIA,DIU,1,
MARCELINO VERA,2025-08-01,8,2025,4,ENFERMERIA,CONTROL TENSION ARTERIAL,70,
MARCELINO VERA,2025-08-01,8,2025,4,ENFERMERIA,TEMPERATURA,25,
MARCELINO VERA,2025-08-01,8,2025,4,ENFERMERIA,GLUCEMIA,10,
MARCELINO VERA,2025-08-01,8,2025,4,ENFERMERIA,PESO Y TALLA,70,
MARCELINO VERA,2025-08-01,8,2025,4,ENFERMERIA,CURACIONES,10,
MARCELINO VERA,2025-08-01,8,2025,4,ENFERMERIA,INYECTABLES,25,
MARCELINO VERA,2025-08-01,8,2025,4,ENFERMERIA,INMUNIZACIONES,19,
GDOR. ELIAS GALVAN,2025-08-01,8,2025,4,ENFERMERIA,CONTROL TENSION ARTERIAL,148,
GDOR. ELIAS GALVAN,2025-08-01,8,2025,4,ENFERMERIA,TEMPERATURA,167,
GDOR. ELIAS GALVAN,2025-08-01,8,2025,4,ENFERMERIA,GLUCEMIA,8,
GDOR. ELIAS GALVAN,2025-08-01,8,2025,4,ENFERMERIA,NEBULIZACIONES,10,
GDOR. ELIAS GALVAN,2025-08-01,8,2025,4,ENFERMERIA,PESO Y TALLA,332,
GDOR. ELIAS GALVAN,2025-08-01,8,2025,4,ENFERMERIA,CURACIONES,26,
GDOR. ELIAS GALVAN,2025-08-01,8,2025,4,ENFERMERIA,INYECTABLES,30,
GDOR. ELIAS GALVAN,2025-08-01,8,2025,4,ENFERMERIA,INMUNIZACIONES,15,
PASO MARTINEZ,2025-08-01,8,2025,4,ENFERMERIA,CONTROL TENSION ARTERIAL,35,
PASO MARTINEZ,2025-08-01,8,2025,4,ENFERMERIA,PESO Y TALLA,45,
PASO MARTINEZ,2025-08-01,8,2025,4,ENFERMERIA,INYECTABLES,4,
ESPERANZA,2025-08-01,8,2025,4,ENFERMERIA,CONTROL TENSION ARTERIAL,269,
ESPERANZA,2025-08-01,8,2025,4,ENFERMERIA,TEMPERATURA,63,
ESPERANZA,2025-08-01,8,2025,4,ENFERMERIA,GLUCEMIA,10,
ESPERANZA,2025-08-01,8,2025,4,ENFERMERIA,NEBULIZACIONES,10,
ESPERANZA,2025-08-01,8,2025,4,ENFERMERIA,PESO Y TALLA,439,
ESPERANZA,2025-08-01,8,2025,4,ENFERMERIA,CURACIONES,45,
ESPERANZA,2025-08-01,8,2025,4,ENFERMERIA,INYECTABLES,70,
ESPERANZA,2025-08-01,8,2025,4,ENFERMERIA,INMUNIZACIONES,159,
DR. MAURICIO OPEN,2025-08-01,8,2025,4,ENFERMERIA,CONTROL TENSION ARTERIAL,92,
DR. MAURICIO OPEN,2025-08-01,8,2025,4,ENFERMERIA,TEMPERATURA,13,
DR. MAURICIO OPEN,2025-08-01,8,2025,4,ENFERMERIA,GLUCEMIA,5,
DR. MAURICIO OPEN,2025-08-01,8,2025,4,ENFERMERIA,PESO Y TALLA,35,
DR. MAURICIO OPEN,2025-08-01,8,2025,4,ENFERMERIA,CURACIONES,17,
DR. MAURICIO OPEN,2025-08-01,8,2025,4,ENFERMERIA,INYECTABLES,12,
DR. MAURICIO OPEN,2025-08-01,8,2025,4,ENFERMERIA,INMUNIZACIONES,73,
DR. KORIMBLUM,2025-08-01,8,2025,4,ENFERMERIA,CONTROL TENSION ARTERIAL,72,
DR. KORIMBLUM,2025-08-01,8,2025,4,ENFERMERIA,TEMPERATURA,6,
DR. KORIMBLUM,2025-08-01,8,2025,4,ENFERMERIA,GLUCEMIA,5,
DR. KORIMBLUM,2025-08-01,8,2025,4,ENFERMERIA,NEBULIZACIONES,6,
DR. KORIMBLUM,2025-08-01,8,2025,4,ENFERMERIA,PESO Y TALLA,166,
DR. KORIMBLUM,2025-08-01,8,2025,4,ENFERMERIA,CURACIONES,8,
DR. KORIMBLUM,2025-08-01,8,2025,4,ENFERMERIA,SUTURAS,4,
DR. KORIMBLUM,2025-08-01,8,2025,4,ENFERMERIA,INYECTABLES,23,
DR. KORIMBLUM,2025-08-01,8,2025,4,ENFERMERIA,INMUNIZACIONES,34,
DR. KORIMBLUM,2025-08-01,8,2025,4,ENFERMERIA,PAP,4,
DR. KORIMBLUM,2025-08-01,8,2025,4,ENFERMERIA,ECOGRAFIAS,3,
DR. BENJAMIN SERRANO,2025-08-01,8,2025,4,ENFERMERIA,CONTROL TENSION ARTERIAL,347,
DR. BENJAMIN SERRANO,2025-08-01,8,2025,4,ENFERMERIA,TEMPERATURA,15,
DR. BENJAMIN SERRANO,2025-08-01,8,2025,4,ENFERMERIA,GLUCEMIA,11,
DR. BENJAMIN SERRANO,2025-08-01,8,2025,4,ENFERMERIA,NEBULIZACIONES,10,
DR. BENJAMIN SERRANO,2025-08-01,8,2025,4,ENFERMERIA,PESO Y TALLA,361,
DR. BENJAMIN SERRANO,2025-08-01,8,2025,4,ENFERMERIA,CURACIONES,33,
DR. BENJAMIN SERRANO,2025-08-01,8,2025,4,ENFERMERIA,INYECTABLES,33,
DR. BENJAMIN SERRANO,2025-08-01,8,2025,4,ENFERMERIA,INMUNIZACIONES,88,
DR. ANIBAL MALVIDO,2025-08-01,8,2025,4,ENFERMERIA,CONTROL TENSION ARTERIAL,510,
DR. ANIBAL MALVIDO,2025-08-01,8,2025,4,ENFERMERIA,TEMPERATURA,310,
DR. ANIBAL MALVIDO,2025-08-01,8,2025,4,ENFERMERIA,GLUCEMIA,1,
DR. ANIBAL MALVIDO,2025-08-01,8,2025,4,ENFERMERIA,NEBULIZACIONES,10,
DR. ANIBAL MALVIDO,2025-08-01,8,2025,4,ENFERMERIA,PESO Y TALLA,1000,
DR. ANIBAL MALVIDO,2025-08-01,8,2025,4,ENFERMERIA,CURACIONES,20,
DR. ANIBAL MALVIDO,2025-08-01,8,2025,4,ENFERMERIA,SUTURAS,1,
DR. ANIBAL MALVIDO,2025-08-01,8,2025,4,ENFERMERIA,INYECTABLES,52,
DR. ANIBAL MALVIDO,2025-08-01,8,2025,4,ENFERMERIA,INMUNIZACIONES,200,
DR. ANIBAL MALVIDO,2025-08-01,8,2025,4,ENFERMERIA,PAP,17,
DR. ANIBAL MALVIDO,2025-08-01,8,2025,4,ENFERMERIA,DIU,1,
PUJOL,2025-08-01,8,2025,4,ENFERMERIA,CONTROL TENSION ARTERIAL,150,
PUJOL,2025-08-01,8,2025,4,ENFERMERIA,TEMPERATURA,30,
PUJOL,2025-08-01,8,2025,4,ENFERMERIA,GLUCEMIA,30,
PUJOL,2025-08-01,8,2025,4,ENFERMERIA,NEBULIZACIONES,5,
PUJOL,2025-08-01,8,2025,4,ENFERMERIA,PESO Y TALLA,135,
PUJOL,2025-08-01,8,2025,4,ENFERMERIA,CURACIONES,15,
PUJOL,2025-08-01,8,2025,4,ENFERMERIA,INYECTABLES,45,
PUJOL,2025-08-01,8,2025,4,ENFERMERIA,INMUNIZACIONES,52,
PUJOL,2025-08-01,8,2025,4,ENFERMERIA,PAP,2,
DR. CHERCOFF,2025-08-01,8,2025,4,ENFERMERIA,CONTROL TENSION ARTERIAL,221,
DR. CHERCOFF,2025-08-01,8,2025,4,ENFERMERIA,TEMPERATURA,180,
DR. CHERCOFF,2025-08-01,8,2025,4,ENFERMERIA,GLUCEMIA,10,
DR. CHERCOFF,2025-08-01,8,2025,4,ENFERMERIA,NEBULIZACIONES,9,
DR. CHERCOFF,2025-08-01,8,2025,4,ENFERMERIA,PESO Y TALLA,200,
DR. CHERCOFF,2025-08-01,8,2025,4,ENFERMERIA,CURACIONES,31,
DR. CHERCOFF,2025-08-01,8,2025,4,ENFERMERIA,INYECTABLES,48,
DR. CHERCOFF,2025-08-01,8,2025,4,ENFERMERIA,INMUNIZACIONES,15,
SAPUCAY,2025-08-01,8,2025,4,ENFERMERIA,CONTROL TENSION ARTERIAL,160,
SAPUCAY,2025-08-01,8,2025,4,ENFERMERIA,TEMPERATURA,40,
SAPUCAY,2025-08-01,8,2025,4,ENFERMERIA,GLUCEMIA,20,
SAPUCAY,2025-08-01,8,2025,4,ENFERMERIA,NEBULIZACIONES,3,
SAPUCAY,2025-08-01,8,2025,4,ENFERMERIA,PESO Y TALLA,400,
SAPUCAY,2025-08-01,8,2025,4,ENFERMERIA,CURACIONES,40,
SAPUCAY,2025-08-01,8,2025,4,ENFERMERIA,SUTURAS,3,
SAPUCAY,2025-08-01,8,2025,4,ENFERMERIA,INYECTABLES,58,
SAPUCAY,2025-08-01,8,2025,4,ENFERMERIA,INMUNIZACIONES,74,
RIO PARANA,2025-08-01,8,2025,4,ENFERMERIA,CONTROL TENSION ARTERIAL,498,
RIO PARANA,2025-08-01,8,2025,4,ENFERMERIA,TEMPERATURA,199,
RIO PARANA,2025-08-01,8,2025,4,ENFERMERIA,PESO Y TALLA,631,
RIO PARANA,2025-08-01,8,2025,4,ENFERMERIA,CURACIONES,170,
RIO PARANA,2025-08-01,8,2025,4,ENFERMERIA,INYECTABLES,112,
RIO PARANA,2025-08-01,8,2025,4,ENFERMERIA,INMUNIZACIONES,155,
Dr. SANTIAGO LORENZO,2025-08-01,8,2025,4,ENFERMERIA,CONTROL TENSION ARTERIAL,149,
Dr. SANTIAGO LORENZO,2025-08-01,8,2025,4,ENFERMERIA,PESO Y TALLA,233,
Dr. SANTIAGO LORENZO,2025-08-01,8,2025,4,ENFERMERIA,CURACIONES,20,
Dr. SANTIAGO LORENZO,2025-08-01,8,2025,4,ENFERMERIA,INYECTABLES,49,
Dr. SANTIAGO LORENZO,2025-08-01,8,2025,4,ENFERMERIA,INMUNIZACIONES,92,
DR. ALBERTO LIFSCHITZ,2025-08-01,8,2025,4,ENFERMERIA,CONTROL TENSION ARTERIAL,151,
DR. ALBERTO LIFSCHITZ,2025-08-01,8,2025,4,ENFERMERIA,TEMPERATURA,10,
DR. ALBERTO LIFSCHITZ,2025-08-01,8,2025,4,ENFERMERIA,GLUCEMIA,15,
DR. ALBERTO LIFSCHITZ,2025-08-01,8,2025,4,ENFERMERIA,NEBULIZACIONES,7,
DR. ALBERTO LIFSCHITZ,2025-08-01,8,2025,4,ENFERMERIA,PESO Y TALLA,333,
DR. ALBERTO LIFSCHITZ,2025-08-01,8,2025,4,ENFERMERIA,INYECTABLES,71,
SAN MARCOS,2025-08-01,8,2025,4,ENFERMERIA,CONTROL TENSION ARTERIAL,215,
SAN MARCOS,2025-08-01,8,2025,4,ENFERMERIA,TEMPERATURA,5,
SAN MARCOS,2025-08-01,8,2025,4,ENFERMERIA,GLUCEMIA,28,
SAN MARCOS,2025-08-01,8,2025,4,ENFERMERIA,NEBULIZACIONES,24,
SAN MARCOS,2025-08-01,8,2025,4,ENFERMERIA,PESO Y TALLA,316,
SAN MARCOS,2025-08-01,8,2025,4,ENFERMERIA,CURACIONES,11,
SAN MARCOS,2025-08-01,8,2025,4,ENFERMERIA,INYECTABLES,31,
SAN MARCOS,2025-08-01,8,2025,4,ENFERMERIA,INMUNIZACIONES,68,
DR. PIRCHI,2025-08-01,8,2025,4,ENFERMERIA,CONTROL TENSION ARTERIAL,149,
DR. PIRCHI,2025-08-01,8,2025,4,ENFERMERIA,TEMPERATURA,62,
DR. PIRCHI,2025-08-01,8,2025,4,ENFERMERIA,GLUCEMIA,40,
DR. PIRCHI,2025-08-01,8,2025,4,ENFERMERIA,NEBULIZACIONES,7,
DR. PIRCHI,2025-08-01,8,2025,4,ENFERMERIA,PESO Y TALLA,129,
DR. PIRCHI,2025-08-01,8,2025,4,ENFERMERIA,CURACIONES,48,
DR. PIRCHI,2025-08-01,8,2025,4,ENFERMERIA,INYECTABLES,77,
DR. PIRCHI,2025-08-01,8,2025,4,ENFERMERIA,INMUNIZACIONES,112,
ITATI,2025-08-01,8,2025,4,ENFERMERIA,CONTROL TENSION ARTERIAL,280,
ITATI,2025-08-01,8,2025,4,ENFERMERIA,TEMPERATURA,50,
ITATI,2025-08-01,8,2025,4,ENFERMERIA,GLUCEMIA,32,
ITATI,2025-08-01,8,2025,4,ENFERMERIA,NEBULIZACIONES,25,
ITATI,2025-08-01,8,2025,4,ENFERMERIA,PESO Y TALLA,410,
ITATI,2025-08-01,8,2025,4,ENFERMERIA,CURACIONES,46,
ITATI,2025-08-01,8,2025,4,ENFERMERIA,INYECTABLES,40,
ITATI,2025-08-01,8,2025,4,ENFERMERIA,INMUNIZACIONES,63,
SANTA MARGARITA,2025-08-01,8,2025,4,ENFERMERIA,CONTROL TENSION ARTERIAL,115,
SANTA MARGARITA,2025-08-01,8,2025,4,ENFERMERIA,TEMPERATURA,25,
SANTA MARGARITA,2025-08-01,8,2025,4,ENFERMERIA,GLUCEMIA,10,
SANTA MARGARITA,2025-08-01,8,2025,4,ENFERMERIA,PESO Y TALLA,147,
SANTA MARGARITA,2025-08-01,8,2025,4,ENFERMERIA,CURACIONES,38,
SANTA MARGARITA,2025-08-01,8,2025,4,ENFERMERIA,INYECTABLES,57,
SANTA MARGARITA,2025-08-01,8,2025,4,ENFERMERIA,INMUNIZACIONES,22,
VILLA GARCIA,2025-08-01,8,2025,4,ENFERMERIA,CONTROL TENSION ARTERIAL,90,
VILLA GARCIA,2025-08-01,8,2025,4,ENFERMERIA,TEMPERATURA,15,
VILLA GARCIA,2025-08-01,8,2025,4,ENFERMERIA,GLUCEMIA,10,
VILLA GARCIA,2025-08-01,8,2025,4,ENFERMERIA,PESO Y TALLA,82,
VILLA GARCIA,2025-08-01,8,2025,4,ENFERMERIA,CURACIONES,18,
VILLA GARCIA,2025-08-01,8,2025,4,ENFERMERIA,INYECTABLES,25,
VILLA GARCIA,2025-08-01,8,2025,4,ENFERMERIA,INMUNIZACIONES,57,
SANTA MARTA,2025-08-01,8,2025,4,ENFERMERIA,CONTROL TENSION ARTERIAL,37,
SANTA MARTA,2025-08-01,8,2025,4,ENFERMERIA,TEMPERATURA,18,
SANTA MARTA,2025-08-01,8,2025,4,ENFERMERIA,GLUCEMIA,7,
SANTA MARTA,2025-08-01,8,2025,4,ENFERMERIA,PESO Y TALLA,162,
SANTA MARTA,2025-08-01,8,2025,4,ENFERMERIA,CURACIONES,9,
SANTA MARTA,2025-08-01,8,2025,4,ENFERMERIA,INYECTABLES,12,
SANTA MARTA,2025-08-01,8,2025,4,ENFERMERIA,INMUNIZACIONES,12,
Dr. CALMANASH,2025-08-01,8,2025,4,ENFERMERIA,CONTROL TENSION ARTERIAL,279,
Dr. CALMANASH,2025-08-01,8,2025,4,ENFERMERIA,TEMPERATURA,7,
Dr. CALMANASH,2025-08-01,8,2025,4,ENFERMERIA,GLUCEMIA,10,
Dr. CALMANASH,2025-08-01,8,2025,4,ENFERMERIA,PESO Y TALLA,293,
Dr. CALMANASH,2025-08-01,8,2025,4,ENFERMERIA,CURACIONES,5,
Dr. CALMANASH,2025-08-01,8,2025,4,ENFERMERIA,INYECTABLES,193,
Dr. CALMANASH,2025-08-01,8,2025,4,ENFERMERIA,INMUNIZACIONES,31,
MARCELINO VERA,2025-09-01,9,2025,4,ENFERMERIA,CONTROL TENSION ARTERIAL,80,
MARCELINO VERA,2025-09-01,9,2025,4,ENFERMERIA,TEMPERATURA,20,
MARCELINO VERA,2025-09-01,9,2025,4,ENFERMERIA,GLUCEMIA,5,
MARCELINO VERA,2025-09-01,9,2025,4,ENFERMERIA,NEBULIZACIONES,5,
MARCELINO VERA,2025-09-01,9,2025,4,ENFERMERIA,PESO Y TALLA,80,
MARCELINO VERA,2025-09-01,9,2025,4,ENFERMERIA,CURACIONES,10,
MARCELINO VERA,2025-09-01,9,2025,4,ENFERMERIA,INYECTABLES,25,
MARCELINO VERA,2025-09-01,9,2025,4,ENFERMERIA,INMUNIZACIONES,23,
DR. JOSE DE LOS REYES VIDAL,2025-09-01,9,2025,4,ENFERMERIA,CONTROL TENSION ARTERIAL,135,
DR. JOSE DE LOS REYES VIDAL,2025-09-01,9,2025,4,ENFERMERIA,TEMPERATURA,10,
DR. JOSE DE LOS REYES VIDAL,2025-09-01,9,2025,4,ENFERMERIA,GLUCEMIA,86,
DR. JOSE DE LOS REYES VIDAL,2025-09-01,9,2025,4,ENFERMERIA,PESO Y TALLA,250,
DR. JOSE DE LOS REYES VIDAL,2025-09-01,9,2025,4,ENFERMERIA,CURACIONES,30,
DR. JOSE DE LOS REYES VIDAL,2025-09-01,9,2025,4,ENFERMERIA,INYECTABLES,67,
DR. MAURICIO OPEN,2025-09-01,9,2025,4,ENFERMERIA,CONTROL TENSION ARTERIAL,95,
DR. MAURICIO OPEN,2025-09-01,9,2025,4,ENFERMERIA,TEMPERATURA,3,
DR. MAURICIO OPEN,2025-09-01,9,2025,4,ENFERMERIA,GLUCEMIA,9,
DR. MAURICIO OPEN,2025-09-01,9,2025,4,ENFERMERIA,NEBULIZACIONES,3,
DR. MAURICIO OPEN,2025-09-01,9,2025,4,ENFERMERIA,PESO Y TALLA,41,
DR. MAURICIO OPEN,2025-09-01,9,2025,4,ENFERMERIA,CURACIONES,10,
DR. MAURICIO OPEN,2025-09-01,9,2025,4,ENFERMERIA,INYECTABLES,18,
DR. MAURICIO OPEN,2025-09-01,9,2025,4,ENFERMERIA,INMUNIZACIONES,59,
DR. PIRCHI,2025-09-01,9,2025,4,ENFERMERIA,CONTROL TENSION ARTERIAL,111,
DR. PIRCHI,2025-09-01,9,2025,4,ENFERMERIA,TEMPERATURA,37,
DR. PIRCHI,2025-09-01,9,2025,4,ENFERMERIA,GLUCEMIA,42,
DR. PIRCHI,2025-09-01,9,2025,4,ENFERMERIA,NEBULIZACIONES,5,
DR. PIRCHI,2025-09-01,9,2025,4,ENFERMERIA,PESO Y TALLA,119,
DR. PIRCHI,2025-09-01,9,2025,4,ENFERMERIA,CURACIONES,58,
DR. PIRCHI,2025-09-01,9,2025,4,ENFERMERIA,INYECTABLES,89,
DR. PIRCHI,2025-09-01,9,2025,4,ENFERMERIA,INMUNIZACIONES,107,
RIO PARANA,2025-09-01,9,2025,4,ENFERMERIA,CONTROL TENSION ARTERIAL,485,
RIO PARANA,2025-09-01,9,2025,4,ENFERMERIA,TEMPERATURA,150,
RIO PARANA,2025-09-01,9,2025,4,ENFERMERIA,GLUCEMIA,20,
RIO PARANA,2025-09-01,9,2025,4,ENFERMERIA,PESO Y TALLA,530,
RIO PARANA,2025-09-01,9,2025,4,ENFERMERIA,CURACIONES,90,
RIO PARANA,2025-09-01,9,2025,4,ENFERMERIA,INYECTABLES,80,
RIO PARANA,2025-09-01,9,2025,4,ENFERMERIA,INMUNIZACIONES,167,
ITATI,2025-09-01,9,2025,4,ENFERMERIA,CONTROL TENSION ARTERIAL,490,
ITATI,2025-09-01,9,2025,4,ENFERMERIA,TEMPERATURA,69,
ITATI,2025-09-01,9,2025,4,ENFERMERIA,GLUCEMIA,30,
ITATI,2025-09-01,9,2025,4,ENFERMERIA,PESO Y TALLA,501,
ITATI,2025-09-01,9,2025,4,ENFERMERIA,CURACIONES,29,
ITATI,2025-09-01,9,2025,4,ENFERMERIA,INYECTABLES,41,
ITATI,2025-09-01,9,2025,4,ENFERMERIA,INMUNIZACIONES,44,
PUJOL,2025-09-01,9,2025,4,ENFERMERIA,CONTROL TENSION ARTERIAL,170,
PUJOL,2025-09-01,9,2025,4,ENFERMERIA,TEMPERATURA,40,
PUJOL,2025-09-01,9,2025,4,ENFERMERIA,GLUCEMIA,10,
PUJOL,2025-09-01,9,2025,4,ENFERMERIA,NEBULIZACIONES,15,
PUJOL,2025-09-01,9,2025,4,ENFERMERIA,PESO Y TALLA,150,
PUJOL,2025-09-01,9,2025,4,ENFERMERIA,CURACIONES,10,
PUJOL,2025-09-01,9,2025,4,ENFERMERIA,INYECTABLES,50,
PUJOL,2025-09-01,9,2025,4,ENFERMERIA,INMUNIZACIONES,40,
PUJOL,2025-09-01,9,2025,4,ENFERMERIA,PAP,4,
PUJOL,2025-09-01,9,2025,4,ENFERMERIA,IMPLANTE SUBDERMICO,5,
DR. BENJAMIN SERRANO,2025-09-01,9,2025,4,ENFERMERIA,CONTROL TENSION ARTERIAL,243,
DR. BENJAMIN SERRANO,2025-09-01,9,2025,4,ENFERMERIA,TEMPERATURA,9,
DR. BENJAMIN SERRANO,2025-09-01,9,2025,4,ENFERMERIA,GLUCEMIA,13,
DR. BENJAMIN SERRANO,2025-09-01,9,2025,4,ENFERMERIA,PESO Y TALLA,171,
DR. BENJAMIN SERRANO,2025-09-01,9,2025,4,ENFERMERIA,CURACIONES,20,
DR. BENJAMIN SERRANO,2025-09-01,9,2025,4,ENFERMERIA,INYECTABLES,20,
DR. BENJAMIN SERRANO,2025-09-01,9,2025,4,ENFERMERIA,INMUNIZACIONES,54,
SAPUCAY,2025-09-01,9,2025,4,ENFERMERIA,CONTROL TENSION ARTERIAL,310,
SAPUCAY,2025-09-01,9,2025,4,ENFERMERIA,TEMPERATURA,65,
SAPUCAY,2025-09-01,9,2025,4,ENFERMERIA,GLUCEMIA,30,
SAPUCAY,2025-09-01,9,2025,4,ENFERMERIA,NEBULIZACIONES,5,
SAPUCAY,2025-09-01,9,2025,4,ENFERMERIA,PESO Y TALLA,400,
SAPUCAY,2025-09-01,9,2025,4,ENFERMERIA,CURACIONES,70,
SAPUCAY,2025-09-01,9,2025,4,ENFERMERIA,INYECTABLES,50,
SAPUCAY,2025-09-01,9,2025,4,ENFERMERIA,INMUNIZACIONES,53,
VILLA GARCIA,2025-09-01,9,2025,4,ENFERMERIA,CONTROL TENSION ARTERIAL,101,
VILLA GARCIA,2025-09-01,9,2025,4,ENFERMERIA,TEMPERATURA,25,
VILLA GARCIA,2025-09-01,9,2025,4,ENFERMERIA,GLUCEMIA,15,
VILLA GARCIA,2025-09-01,9,2025,4,ENFERMERIA,PESO Y TALLA,86,
VILLA GARCIA,2025-09-01,9,2025,4,ENFERMERIA,CURACIONES,16,
VILLA GARCIA,2025-09-01,9,2025,4,ENFERMERIA,INYECTABLES,22,
VILLA GARCIA,2025-09-01,9,2025,4,ENFERMERIA,INMUNIZACIONES,39,
Dr. SANTIAGO LORENZO,2025-09-01,9,2025,4,ENFERMERIA,CONTROL TENSION ARTERIAL,135,
Dr. SANTIAGO LORENZO,2025-09-01,9,2025,4,ENFERMERIA,TEMPERATURA,4,
Dr. SANTIAGO LORENZO,2025-09-01,9,2025,4,ENFERMERIA,GLUCEMIA,4,
Dr. SANTIAGO LORENZO,2025-09-01,9,2025,4,ENFERMERIA,NEBULIZACIONES,3,
Dr. SANTIAGO LORENZO,2025-09-01,9,2025,4,ENFERMERIA,PESO Y TALLA,273,
Dr. SANTIAGO LORENZO,2025-09-01,9,2025,4,ENFERMERIA,CURACIONES,22,
Dr. SANTIAGO LORENZO,2025-09-01,9,2025,4,ENFERMERIA,INYECTABLES,25,
Dr. SANTIAGO LORENZO,2025-09-01,9,2025,4,ENFERMERIA,INMUNIZACIONES,106,
Dr. SANTIAGO LORENZO,2025-09-01,9,2025,4,ENFERMERIA,PAP,5,
Dr. SANTIAGO LORENZO,2025-09-01,9,2025,4,ENFERMERIA,DIU,1,
Dr. SANTIAGO LORENZO,2025-09-01,9,2025,4,ENFERMERIA,IMPLANTE SUBDERMICO,4,
Dr. CALMANASH,2025-09-01,9,2025,4,ENFERMERIA,CONTROL TENSION ARTERIAL,343,
Dr. CALMANASH,2025-09-01,9,2025,4,ENFERMERIA,TEMPERATURA,4,
Dr. CALMANASH,2025-09-01,9,2025,4,ENFERMERIA,GLUCEMIA,15,
Dr. CALMANASH,2025-09-01,9,2025,4,ENFERMERIA,NEBULIZACIONES,4,
Dr. CALMANASH,2025-09-01,9,2025,4,ENFERMERIA,PESO Y TALLA,361,
Dr. CALMANASH,2025-09-01,9,2025,4,ENFERMERIA,CURACIONES,7,
Dr. CALMANASH,2025-09-01,9,2025,4,ENFERMERIA,INYECTABLES,323,
Dr. CALMANASH,2025-09-01,9,2025,4,ENFERMERIA,INMUNIZACIONES,36,
Dr. CALMANASH,2025-09-01,9,2025,4,ENFERMERIA,PAP,7,
Dr. CALMANASH,2025-09-01,9,2025,4,ENFERMERIA,IMPLANTE SUBDERMICO,5,
SANTA MARTA,2025-09-01,9,2025,4,ENFERMERIA,CONTROL TENSION ARTERIAL,164,
SANTA MARTA,2025-09-01,9,2025,4,ENFERMERIA,TEMPERATURA,28,
SANTA MARTA,2025-09-01,9,2025,4,ENFERMERIA,GLUCEMIA,19,
SANTA MARTA,2025-09-01,9,2025,4,ENFERMERIA,PESO Y TALLA,225,
SANTA MARTA,2025-09-01,9,2025,4,ENFERMERIA,CURACIONES,27,
SANTA MARTA,2025-09-01,9,2025,4,ENFERMERIA,INYECTABLES,37,
SANTA MARTA,2025-09-01,9,2025,4,ENFERMERIA,INMUNIZACIONES,125,
DR. ALBERTO LIFSCHITZ,2025-09-01,9,2025,4,ENFERMERIA,CONTROL TENSION ARTERIAL,173,
DR. ALBERTO LIFSCHITZ,2025-09-01,9,2025,4,ENFERMERIA,TEMPERATURA,4,
DR. ALBERTO LIFSCHITZ,2025-09-01,9,2025,4,ENFERMERIA,PESO Y TALLA,374,
DR. ALBERTO LIFSCHITZ,2025-09-01,9,2025,4,ENFERMERIA,CURACIONES,21,
DR. ALBERTO LIFSCHITZ,2025-09-01,9,2025,4,ENFERMERIA,INMUNIZACIONES,69,
DR. KORIMBLUM,2025-09-01,9,2025,4,ENFERMERIA,CONTROL TENSION ARTERIAL,68,
DR. KORIMBLUM,2025-09-01,9,2025,4,ENFERMERIA,TEMPERATURA,5,
DR. KORIMBLUM,2025-09-01,9,2025,4,ENFERMERIA,GLUCEMIA,11,
DR. KORIMBLUM,2025-09-01,9,2025,4,ENFERMERIA,NEBULIZACIONES,5,
DR. KORIMBLUM,2025-09-01,9,2025,4,ENFERMERIA,PESO Y TALLA,213,
DR. KORIMBLUM,2025-09-01,9,2025,4,ENFERMERIA,CURACIONES,9,
DR. KORIMBLUM,2025-09-01,9,2025,4,ENFERMERIA,INYECTABLES,32,
DR. KORIMBLUM,2025-09-01,9,2025,4,ENFERMERIA,INMUNIZACIONES,44,
DR. KORIMBLUM,2025-09-01,9,2025,4,ENFERMERIA,PAP,4,
DR. KORIMBLUM,2025-09-01,9,2025,4,ENFERMERIA,DIU,6,
DR. KORIMBLUM,2025-09-01,9,2025,4,ENFERMERIA,ECOGRAFIAS,3,
DR. KORIMBLUM,2025-09-01,9,2025,4,ENFERMERIA,IMPLANTE SUBDERMICO,2,
DR. FLIER,2025-08-01,8,2025,4,ENFERMERIA,CONTROL TENSION ARTERIAL,115,
DR. FLIER,2025-08-01,8,2025,4,ENFERMERIA,TEMPERATURA,65,
DR. FLIER,2025-08-01,8,2025,4,ENFERMERIA,NEBULIZACIONES,75,
DR. FLIER,2025-08-01,8,2025,4,ENFERMERIA,PESO Y TALLA,157,
DR. FLIER,2025-08-01,8,2025,4,ENFERMERIA,CURACIONES,80,
DR. FLIER,2025-08-01,8,2025,4,ENFERMERIA,INYECTABLES,110,
DR. FLIER,2025-08-01,8,2025,4,ENFERMERIA,INMUNIZACIONES,24,
DR. FLIER,2025-08-01,8,2025,4,ENFERMERIA,PAP,13,
DR. FLIER,2025-08-01,8,2025,4,ENFERMERIA,IMPLANTE SUBDERMICO,3,
DR. FLIER,2025-09-01,9,2025,4,ENFERMERIA,CONTROL TENSION ARTERIAL,145,
DR. FLIER,2025-09-01,9,2025,4,ENFERMERIA,TEMPERATURA,100,
DR. FLIER,2025-09-01,9,2025,4,ENFERMERIA,NEBULIZACIONES,90,
DR. FLIER,2025-09-01,9,2025,4,ENFERMERIA,PESO Y TALLA,175,
DR. FLIER,2025-09-01,9,2025,4,ENFERMERIA,CURACIONES,70,
DR. FLIER,2025-09-01,9,2025,4,ENFERMERIA,INYECTABLES,90,
DR. FLIER,2025-09-01,9,2025,4,ENFERMERIA,INMUNIZACIONES,19,
DR. FLIER,2025-09-01,9,2025,4,ENFERMERIA,PAP,15,
DR. FLIER,2025-09-01,9,2025,4,ENFERMERIA,IMPLANTE SUBDERMICO,5,
ESPERANZA,2025-09-01,9,2025,4,ENFERMERIA,CONTROL TENSION ARTERIAL,241,
ESPERANZA,2025-09-01,9,2025,4,ENFERMERIA,TEMPERATURA,11,
ESPERANZA,2025-09-01,9,2025,4,ENFERMERIA,GLUCEMIA,7,
ESPERANZA,2025-09-01,9,2025,4,ENFERMERIA,NEBULIZACIONES,3,
ESPERANZA,2025-09-01,9,2025,4,ENFERMERIA,PESO Y TALLA,382,
ESPERANZA,2025-09-01,9,2025,4,ENFERMERIA,CURACIONES,26,
ESPERANZA,2025-09-01,9,2025,4,ENFERMERIA,INYECTABLES,73,
ESPERANZA,2025-09-01,9,2025,4,ENFERMERIA,INMUNIZACIONES,144,
ESPERANZA,2025-09-01,9,2025,4,ENFERMERIA,PAP,5,
ESPERANZA,2025-09-01,9,2025,4,ENFERMERIA,IMPLANTE SUBDERMICO,3,
SAN MARCOS,2025-09-01,9,2025,4,ENFERMERIA,CONTROL TENSION ARTERIAL,139,
SAN MARCOS,2025-09-01,9,2025,4,ENFERMERIA,TEMPERATURA,10,
SAN MARCOS,2025-09-01,9,2025,4,ENFERMERIA,GLUCEMIA,31,
SAN MARCOS,2025-09-01,9,2025,4,ENFERMERIA,NEBULIZACIONES,6,
SAN MARCOS,2025-09-01,9,2025,4,ENFERMERIA,PESO Y TALLA,293,
SAN MARCOS,2025-09-01,9,2025,4,ENFERMERIA,CURACIONES,21,
SAN MARCOS,2025-09-01,9,2025,4,ENFERMERIA,INYECTABLES,30,
SAN MARCOS,2025-09-01,9,2025,4,ENFERMERIA,INMUNIZACIONES,60,
DR. ANIBAL MALVIDO,2025-09-01,9,2025,4,ENFERMERIA,CONTROL TENSION ARTERIAL,1100,
DR. ANIBAL MALVIDO,2025-09-01,9,2025,4,ENFERMERIA,TEMPERATURA,100,
DR. ANIBAL MALVIDO,2025-09-01,9,2025,4,ENFERMERIA,GLUCEMIA,30,
DR. ANIBAL MALVIDO,2025-09-01,9,2025,4,ENFERMERIA,NEBULIZACIONES,6,
DR. ANIBAL MALVIDO,2025-09-01,9,2025,4,ENFERMERIA,PESO Y TALLA,1160,
DR. ANIBAL MALVIDO,2025-09-01,9,2025,4,ENFERMERIA,CURACIONES,10,
DR. ANIBAL MALVIDO,2025-09-01,9,2025,4,ENFERMERIA,SUTURAS,2,
DR. ANIBAL MALVIDO,2025-09-01,9,2025,4,ENFERMERIA,INYECTABLES,122,
DR. ANIBAL MALVIDO,2025-09-01,9,2025,4,ENFERMERIA,INMUNIZACIONES,245,
DR. ANIBAL MALVIDO,2025-09-01,9,2025,4,ENFERMERIA,PAP,12,
DR. ANIBAL MALVIDO,2025-09-01,9,2025,4,ENFERMERIA,DIU,1,
PASO MARTINEZ,2025-09-01,9,2025,4,ENFERMERIA,CONTROL TENSION ARTERIAL,47,
PASO MARTINEZ,2025-09-01,9,2025,4,ENFERMERIA,PESO Y TALLA,17,
PASO MARTINEZ,2025-09-01,9,2025,4,ENFERMERIA,INYECTABLES,4,
GDOR. ELIAS GALVAN,2025-09-01,9,2025,4,ENFERMERIA,CONTROL TENSION ARTERIAL,316,
GDOR. ELIAS GALVAN,2025-09-01,9,2025,4,ENFERMERIA,TEMPERATURA,302,
GDOR. ELIAS GALVAN,2025-09-01,9,2025,4,ENFERMERIA,GLUCEMIA,31,
GDOR. ELIAS GALVAN,2025-09-01,9,2025,4,ENFERMERIA,NEBULIZACIONES,18,
GDOR. ELIAS GALVAN,2025-09-01,9,2025,4,ENFERMERIA,PESO Y TALLA,300,
GDOR. ELIAS GALVAN,2025-09-01,9,2025,4,ENFERMERIA,CURACIONES,67,
GDOR. ELIAS GALVAN,2025-09-01,9,2025,4,ENFERMERIA,INYECTABLES,58,
GDOR. ELIAS GALVAN,2025-09-01,9,2025,4,ENFERMERIA,INMUNIZACIONES,122,
DR. CHERCOFF,2025-09-01,9,2025,4,ENFERMERIA,CONTROL TENSION ARTERIAL,197,
DR. CHERCOFF,2025-09-01,9,2025,4,ENFERMERIA,TEMPERATURA,210,
DR. CHERCOFF,2025-09-01,9,2025,4,ENFERMERIA,GLUCEMIA,10,
DR. CHERCOFF,2025-09-01,9,2025,4,ENFERMERIA,NEBULIZACIONES,8,
DR. CHERCOFF,2025-09-01,9,2025,4,ENFERMERIA,PESO Y TALLA,213,
DR. CHERCOFF,2025-09-01,9,2025,4,ENFERMERIA,CURACIONES,31,
DR. CHERCOFF,2025-09-01,9,2025,4,ENFERMERIA,INYECTABLES,48,
DR. CHERCOFF,2025-09-01,9,2025,4,ENFERMERIA,INMUNIZACIONES,20,
DR. JOSE DE LOS REYES VIDAL,2025-10-01,10,2025,4,ENFERMERIA,CONTROL TENSION ARTERIAL,120,
DR. JOSE DE LOS REYES VIDAL,2025-10-01,10,2025,4,ENFERMERIA,GLUCEMIA,86,
DR. JOSE DE LOS REYES VIDAL,2025-10-01,10,2025,4,ENFERMERIA,PESO Y TALLA,308,
DR. JOSE DE LOS REYES VIDAL,2025-10-01,10,2025,4,ENFERMERIA,INYECTABLES,53,
DR. JOSE DE LOS REYES VIDAL,2025-10-01,10,2025,4,ENFERMERIA,PAP,3,
GDOR. ELIAS GALVAN,2025-10-01,10,2025,4,ENFERMERIA,CONTROL TENSION ARTERIAL,420,
GDOR. ELIAS GALVAN,2025-10-01,10,2025,4,ENFERMERIA,TEMPERATURA,390,
GDOR. ELIAS GALVAN,2025-10-01,10,2025,4,ENFERMERIA,GLUCEMIA,40,
GDOR. ELIAS GALVAN,2025-10-01,10,2025,4,ENFERMERIA,NEBULIZACIONES,60,
GDOR. ELIAS GALVAN,2025-10-01,10,2025,4,ENFERMERIA,PESO Y TALLA,390,
GDOR. ELIAS GALVAN,2025-10-01,10,2025,4,ENFERMERIA,CURACIONES,100,
GDOR. ELIAS GALVAN,2025-10-01,10,2025,4,ENFERMERIA,INYECTABLES,60,
GDOR. ELIAS GALVAN,2025-10-01,10,2025,4,ENFERMERIA,INMUNIZACIONES,113,
PASO MARTINEZ,2025-10-01,10,2025,4,ENFERMERIA,CONTROL TENSION ARTERIAL,35,
PASO MARTINEZ,2025-10-01,10,2025,4,ENFERMERIA,PESO Y TALLA,20,
PASO MARTINEZ,2025-10-01,10,2025,4,ENFERMERIA,INYECTABLES,1,
DR. MAURICIO OPEN,2025-10-01,10,2025,4,ENFERMERIA,CONTROL TENSION ARTERIAL,66,
DR. MAURICIO OPEN,2025-10-01,10,2025,4,ENFERMERIA,TEMPERATURA,5,
DR. MAURICIO OPEN,2025-10-01,10,2025,4,ENFERMERIA,GLUCEMIA,19,
DR. MAURICIO OPEN,2025-10-01,10,2025,4,ENFERMERIA,PESO Y TALLA,97,
DR. MAURICIO OPEN,2025-10-01,10,2025,4,ENFERMERIA,CURACIONES,35,
DR. MAURICIO OPEN,2025-10-01,10,2025,4,ENFERMERIA,INYECTABLES,19,
DR. MAURICIO OPEN,2025-10-01,10,2025,4,ENFERMERIA,INMUNIZACIONES,61,
PUJOL,2025-10-01,10,2025,4,ENFERMERIA,CONTROL TENSION ARTERIAL,150,
PUJOL,2025-10-01,10,2025,4,ENFERMERIA,TEMPERATURA,10,
PUJOL,2025-10-01,10,2025,4,ENFERMERIA,GLUCEMIA,10,
PUJOL,2025-10-01,10,2025,4,ENFERMERIA,NEBULIZACIONES,5,
PUJOL,2025-10-01,10,2025,4,ENFERMERIA,PESO Y TALLA,160,
PUJOL,2025-10-01,10,2025,4,ENFERMERIA,CURACIONES,20,
PUJOL,2025-10-01,10,2025,4,ENFERMERIA,INYECTABLES,50,
PUJOL,2025-10-01,10,2025,4,ENFERMERIA,INMUNIZACIONES,31,
PUJOL,2025-10-01,10,2025,4,ENFERMERIA,PAP,1,
DR. CHERCOFF,2025-10-01,10,2025,4,ENFERMERIA,CONTROL TENSION ARTERIAL,190,
DR. CHERCOFF,2025-10-01,10,2025,4,ENFERMERIA,TEMPERATURA,170,
DR. CHERCOFF,2025-10-01,10,2025,4,ENFERMERIA,GLUCEMIA,9,
DR. CHERCOFF,2025-10-01,10,2025,4,ENFERMERIA,NEBULIZACIONES,7,
DR. CHERCOFF,2025-10-01,10,2025,4,ENFERMERIA,PESO Y TALLA,187,
DR. CHERCOFF,2025-10-01,10,2025,4,ENFERMERIA,CURACIONES,39,
DR. CHERCOFF,2025-10-01,10,2025,4,ENFERMERIA,INYECTABLES,47,
DR. CHERCOFF,2025-10-01,10,2025,4,ENFERMERIA,INMUNIZACIONES,8,
PASO MARTINEZ,2026-02-01,2,2026,4,ENFERMERIA,CONTROL TENSION ARTERIAL,14,
PASO MARTINEZ,2026-02-01,2,2026,4,ENFERMERIA,PESO Y TALLA,15,
PASO MARTINEZ,2026-02-01,2,2026,4,ENFERMERIA,INYECTABLES,3,
DR. JOSE DE LOS REYES VIDAL,2026-02-01,2,2026,4,ENFERMERIA,CONTROL TENSION ARTERIAL,60,
DR. JOSE DE LOS REYES VIDAL,2026-02-01,2,2026,4,ENFERMERIA,GLUCEMIA,20,
DR. JOSE DE LOS REYES VIDAL,2026-02-01,2,2026,4,ENFERMERIA,PESO Y TALLA,40,
DR. JOSE DE LOS REYES VIDAL,2026-02-01,2,2026,4,ENFERMERIA,CURACIONES,30,
DR. JOSE DE LOS REYES VIDAL,2026-02-01,2,2026,4,ENFERMERIA,INYECTABLES,25,
MARCELINO VERA,2026-02-01,2,2026,4,ENFERMERIA,CONTROL TENSION ARTERIAL,80,
MARCELINO VERA,2026-02-01,2,2026,4,ENFERMERIA,TEMPERATURA,25,
MARCELINO VERA,2026-02-01,2,2026,4,ENFERMERIA,GLUCEMIA,5,
MARCELINO VERA,2026-02-01,2,2026,4,ENFERMERIA,PESO Y TALLA,80,
MARCELINO VERA,2026-02-01,2,2026,4,ENFERMERIA,CURACIONES,10,
MARCELINO VERA,2026-02-01,2,2026,4,ENFERMERIA,INYECTABLES,9,
MARCELINO VERA,2026-02-01,2,2026,4,ENFERMERIA,INMUNIZACIONES,48,
DR. BENJAMIN SERRANO,2025-10-01,10,2025,4,ENFERMERIA,CONTROL TENSION ARTERIAL,366,
DR. BENJAMIN SERRANO,2025-10-01,10,2025,4,ENFERMERIA,TEMPERATURA,11,
DR. BENJAMIN SERRANO,2025-10-01,10,2025,4,ENFERMERIA,GLUCEMIA,10,
DR. BENJAMIN SERRANO,2025-10-01,10,2025,4,ENFERMERIA,PESO Y TALLA,327,
DR. BENJAMIN SERRANO,2025-10-01,10,2025,4,ENFERMERIA,CURACIONES,33,
DR. BENJAMIN SERRANO,2025-10-01,10,2025,4,ENFERMERIA,SUTURAS,1,
DR. BENJAMIN SERRANO,2025-10-01,10,2025,4,ENFERMERIA,INYECTABLES,60,
DR. BENJAMIN SERRANO,2025-10-01,10,2025,4,ENFERMERIA,INMUNIZACIONES,36,
DR. ALBERTO LIFSCHITZ,2025-10-01,10,2025,4,ENFERMERIA,CONTROL TENSION ARTERIAL,140,
DR. ALBERTO LIFSCHITZ,2025-10-01,10,2025,4,ENFERMERIA,TEMPERATURA,9,
DR. ALBERTO LIFSCHITZ,2025-10-01,10,2025,4,ENFERMERIA,GLUCEMIA,3,
DR. ALBERTO LIFSCHITZ,2025-10-01,10,2025,4,ENFERMERIA,NEBULIZACIONES,1,
DR. ALBERTO LIFSCHITZ,2025-10-01,10,2025,4,ENFERMERIA,PESO Y TALLA,463,
DR. ALBERTO LIFSCHITZ,2025-10-01,10,2025,4,ENFERMERIA,CURACIONES,19,
DR. ALBERTO LIFSCHITZ,2025-10-01,10,2025,4,ENFERMERIA,INYECTABLES,65,
DR. ALBERTO LIFSCHITZ,2025-10-01,10,2025,4,ENFERMERIA,INMUNIZACIONES,55,
DR. ALBERTO LIFSCHITZ,2025-10-01,10,2025,4,ENFERMERIA,PAP,3,
SAPUCAY,2025-10-01,10,2025,4,ENFERMERIA,CONTROL TENSION ARTERIAL,300,
SAPUCAY,2025-10-01,10,2025,4,ENFERMERIA,TEMPERATURA,10,
SAPUCAY,2025-10-01,10,2025,4,ENFERMERIA,GLUCEMIA,80,
SAPUCAY,2025-10-01,10,2025,4,ENFERMERIA,NEBULIZACIONES,5,
SAPUCAY,2025-10-01,10,2025,4,ENFERMERIA,PESO Y TALLA,400,
SAPUCAY,2025-10-01,10,2025,4,ENFERMERIA,CURACIONES,75,
SAPUCAY,2025-10-01,10,2025,4,ENFERMERIA,SUTURAS,3,
SAPUCAY,2025-10-01,10,2025,4,ENFERMERIA,INYECTABLES,50,
SAPUCAY,2025-10-01,10,2025,4,ENFERMERIA,INMUNIZACIONES,58,
DR. PIRCHI,2025-10-01,10,2025,4,ENFERMERIA,CONTROL TENSION ARTERIAL,121,
DR. PIRCHI,2025-10-01,10,2025,4,ENFERMERIA,TEMPERATURA,41,
DR. PIRCHI,2025-10-01,10,2025,4,ENFERMERIA,GLUCEMIA,30,
DR. PIRCHI,2025-10-01,10,2025,4,ENFERMERIA,NEBULIZACIONES,4,
DR. PIRCHI,2025-10-01,10,2025,4,ENFERMERIA,PESO Y TALLA,143,
DR. PIRCHI,2025-10-01,10,2025,4,ENFERMERIA,CURACIONES,51,
DR. PIRCHI,2025-10-01,10,2025,4,ENFERMERIA,INYECTABLES,73,
DR. PIRCHI,2025-10-01,10,2025,4,ENFERMERIA,INMUNIZACIONES,150,
SAN MARCOS,2025-10-01,10,2025,4,ENFERMERIA,CONTROL TENSION ARTERIAL,65,
SAN MARCOS,2025-10-01,10,2025,4,ENFERMERIA,TEMPERATURA,5,
SAN MARCOS,2025-10-01,10,2025,4,ENFERMERIA,GLUCEMIA,8,
SAN MARCOS,2025-10-01,10,2025,4,ENFERMERIA,NEBULIZACIONES,2,
SAN MARCOS,2025-10-01,10,2025,4,ENFERMERIA,PESO Y TALLA,414,
SAN MARCOS,2025-10-01,10,2025,4,ENFERMERIA,CURACIONES,7,
SAN MARCOS,2025-10-01,10,2025,4,ENFERMERIA,INYECTABLES,22,
SAN MARCOS,2025-10-01,10,2025,4,ENFERMERIA,INMUNIZACIONES,64,
VILLA GARCIA,2025-10-01,10,2025,4,ENFERMERIA,CONTROL TENSION ARTERIAL,75,
VILLA GARCIA,2025-10-01,10,2025,4,ENFERMERIA,TEMPERATURA,21,
VILLA GARCIA,2025-10-01,10,2025,4,ENFERMERIA,GLUCEMIA,6,
VILLA GARCIA,2025-10-01,10,2025,4,ENFERMERIA,PESO Y TALLA,112,
VILLA GARCIA,2025-10-01,10,2025,4,ENFERMERIA,CURACIONES,16,
VILLA GARCIA,2025-10-01,10,2025,4,ENFERMERIA,INYECTABLES,16,
VILLA GARCIA,2025-10-01,10,2025,4,ENFERMERIA,INMUNIZACIONES,45,
SANTA MARTA,2025-10-01,10,2025,4,ENFERMERIA,CONTROL TENSION ARTERIAL,306,
SANTA MARTA,2025-10-01,10,2025,4,ENFERMERIA,TEMPERATURA,58,
SANTA MARTA,2025-10-01,10,2025,4,ENFERMERIA,GLUCEMIA,68,
SANTA MARTA,2025-10-01,10,2025,4,ENFERMERIA,NEBULIZACIONES,17,
SANTA MARTA,2025-10-01,10,2025,4,ENFERMERIA,PESO Y TALLA,390,
SANTA MARTA,2025-10-01,10,2025,4,ENFERMERIA,CURACIONES,46,
SANTA MARTA,2025-10-01,10,2025,4,ENFERMERIA,SUTURAS,2,
SANTA MARTA,2025-10-01,10,2025,4,ENFERMERIA,INYECTABLES,55,
SANTA MARTA,2025-10-01,10,2025,4,ENFERMERIA,INMUNIZACIONES,129,
SANTA MARTA,2025-10-01,10,2025,4,ENFERMERIA,EXTRACCION IMPLANTE,3,
DR. ANIBAL MALVIDO,2025-10-01,10,2025,4,ENFERMERIA,CONTROL TENSION ARTERIAL,820,
DR. ANIBAL MALVIDO,2025-10-01,10,2025,4,ENFERMERIA,TEMPERATURA,200,
DR. ANIBAL MALVIDO,2025-10-01,10,2025,4,ENFERMERIA,GLUCEMIA,10,
DR. ANIBAL MALVIDO,2025-10-01,10,2025,4,ENFERMERIA,NEBULIZACIONES,2,
DR. ANIBAL MALVIDO,2025-10-01,10,2025,4,ENFERMERIA,PESO Y TALLA,1022,
DR. ANIBAL MALVIDO,2025-10-01,10,2025,4,ENFERMERIA,CURACIONES,40,
DR. ANIBAL MALVIDO,2025-10-01,10,2025,4,ENFERMERIA,SUTURAS,2,
DR. ANIBAL MALVIDO,2025-10-01,10,2025,4,ENFERMERIA,INYECTABLES,200,
DR. ANIBAL MALVIDO,2025-10-01,10,2025,4,ENFERMERIA,INMUNIZACIONES,206,
DR. ANIBAL MALVIDO,2025-10-01,10,2025,4,ENFERMERIA,PAP,9,
DR. ANIBAL MALVIDO,2025-10-01,10,2025,4,ENFERMERIA,IMPLANTE SUBDERMICO,9,
ITATI,2025-10-01,10,2025,4,ENFERMERIA,CONTROL TENSION ARTERIAL,405,
ITATI,2025-10-01,10,2025,4,ENFERMERIA,TEMPERATURA,70,
ITATI,2025-10-01,10,2025,4,ENFERMERIA,GLUCEMIA,40,
ITATI,2025-10-01,10,2025,4,ENFERMERIA,NEBULIZACIONES,33,
ITATI,2025-10-01,10,2025,4,ENFERMERIA,PESO Y TALLA,375,
ITATI,2025-10-01,10,2025,4,ENFERMERIA,CURACIONES,15,
ITATI,2025-10-01,10,2025,4,ENFERMERIA,INYECTABLES,36,
ITATI,2025-10-01,10,2025,4,ENFERMERIA,INMUNIZACIONES,57,
ITATI,2025-10-01,10,2025,4,ENFERMERIA,IMPLANTE SUBDERMICO,5,
MARCELINO VERA,2025-10-01,10,2025,4,ENFERMERIA,CONTROL TENSION ARTERIAL,80,
MARCELINO VERA,2025-10-01,10,2025,4,ENFERMERIA,TEMPERATURA,20,
MARCELINO VERA,2025-10-01,10,2025,4,ENFERMERIA,GLUCEMIA,10,
MARCELINO VERA,2025-10-01,10,2025,4,ENFERMERIA,PESO Y TALLA,20,
MARCELINO VERA,2025-10-01,10,2025,4,ENFERMERIA,CURACIONES,5,
MARCELINO VERA,2025-10-01,10,2025,4,ENFERMERIA,INYECTABLES,20,
MARCELINO VERA,2025-10-01,10,2025,4,ENFERMERIA,INMUNIZACIONES,33,
Dr. CALMANASH,2025-10-01,10,2025,4,ENFERMERIA,CONTROL TENSION ARTERIAL,232,
Dr. CALMANASH,2025-10-01,10,2025,4,ENFERMERIA,TEMPERATURA,4,
Dr. CALMANASH,2025-10-01,10,2025,4,ENFERMERIA,GLUCEMIA,15,
Dr. CALMANASH,2025-10-01,10,2025,4,ENFERMERIA,NEBULIZACIONES,17,
Dr. CALMANASH,2025-10-01,10,2025,4,ENFERMERIA,PESO Y TALLA,295,
Dr. CALMANASH,2025-10-01,10,2025,4,ENFERMERIA,CURACIONES,7,
Dr. CALMANASH,2025-10-01,10,2025,4,ENFERMERIA,INYECTABLES,253,
Dr. CALMANASH,2025-10-01,10,2025,4,ENFERMERIA,INMUNIZACIONES,27,
Dr. CALMANASH,2025-10-01,10,2025,4,ENFERMERIA,PAP,6,
RIO PARANA,2025-10-01,10,2025,4,ENFERMERIA,CONTROL TENSION ARTERIAL,530,
RIO PARANA,2025-10-01,10,2025,4,ENFERMERIA,TEMPERATURA,130,
RIO PARANA,2025-10-01,10,2025,4,ENFERMERIA,GLUCEMIA,5,
RIO PARANA,2025-10-01,10,2025,4,ENFERMERIA,PESO Y TALLA,500,
RIO PARANA,2025-10-01,10,2025,4,ENFERMERIA,CURACIONES,110,
RIO PARANA,2025-10-01,10,2025,4,ENFERMERIA,INYECTABLES,90,
RIO PARANA,2025-10-01,10,2025,4,ENFERMERIA,INMUNIZACIONES,149,
MARCELINO VERA,2025-11-01,11,2025,4,ENFERMERIA,CONTROL TENSION ARTERIAL,100,
MARCELINO VERA,2025-11-01,11,2025,4,ENFERMERIA,TEMPERATURA,15,
MARCELINO VERA,2025-11-01,11,2025,4,ENFERMERIA,PESO Y TALLA,100,
MARCELINO VERA,2025-11-01,11,2025,4,ENFERMERIA,CURACIONES,5,
MARCELINO VERA,2025-11-01,11,2025,4,ENFERMERIA,INYECTABLES,14,
MARCELINO VERA,2025-11-01,11,2025,4,ENFERMERIA,INMUNIZACIONES,36,
GDOR. ELIAS GALVAN,2025-11-01,11,2025,4,ENFERMERIA,CONTROL TENSION ARTERIAL,148,
GDOR. ELIAS GALVAN,2025-11-01,11,2025,4,ENFERMERIA,TEMPERATURA,162,
GDOR. ELIAS GALVAN,2025-11-01,11,2025,4,ENFERMERIA,GLUCEMIA,20,
GDOR. ELIAS GALVAN,2025-11-01,11,2025,4,ENFERMERIA,NEBULIZACIONES,25,
GDOR. ELIAS GALVAN,2025-11-01,11,2025,4,ENFERMERIA,PESO Y TALLA,334,
GDOR. ELIAS GALVAN,2025-11-01,11,2025,4,ENFERMERIA,CURACIONES,25,
GDOR. ELIAS GALVAN,2025-11-01,11,2025,4,ENFERMERIA,INYECTABLES,30,
Dr. SANTIAGO LORENZO,2025-10-01,10,2025,4,ENFERMERIA,CONTROL TENSION ARTERIAL,113,
Dr. SANTIAGO LORENZO,2025-10-01,10,2025,4,ENFERMERIA,TEMPERATURA,3,
Dr. SANTIAGO LORENZO,2025-10-01,10,2025,4,ENFERMERIA,GLUCEMIA,3,
Dr. SANTIAGO LORENZO,2025-10-01,10,2025,4,ENFERMERIA,NEBULIZACIONES,1,
Dr. SANTIAGO LORENZO,2025-10-01,10,2025,4,ENFERMERIA,PESO Y TALLA,184,
Dr. SANTIAGO LORENZO,2025-10-01,10,2025,4,ENFERMERIA,CURACIONES,22,
Dr. SANTIAGO LORENZO,2025-10-01,10,2025,4,ENFERMERIA,INYECTABLES,20,
Dr. SANTIAGO LORENZO,2025-10-01,10,2025,4,ENFERMERIA,INMUNIZACIONES,126,
PASO MARTINEZ,2025-11-01,11,2025,4,ENFERMERIA,CONTROL TENSION ARTERIAL,35,
PASO MARTINEZ,2025-11-01,11,2025,4,ENFERMERIA,PESO Y TALLA,20,
PASO MARTINEZ,2025-11-01,11,2025,4,ENFERMERIA,INYECTABLES,1,
DR. ALBERTO LIFSCHITZ,2025-11-01,11,2025,4,ENFERMERIA,CONTROL TENSION ARTERIAL,128,
DR. ALBERTO LIFSCHITZ,2025-11-01,11,2025,4,ENFERMERIA,CONTROL TENSION ARTERIAL,8,
DR. ALBERTO LIFSCHITZ,2025-11-01,11,2025,4,ENFERMERIA,GLUCEMIA,1,
DR. ALBERTO LIFSCHITZ,2025-11-01,11,2025,4,ENFERMERIA,PESO Y TALLA,296,
DR. ALBERTO LIFSCHITZ,2025-11-01,11,2025,4,ENFERMERIA,CURACIONES,17,
DR. ALBERTO LIFSCHITZ,2025-11-01,11,2025,4,ENFERMERIA,INYECTABLES,75,
DR. ALBERTO LIFSCHITZ,2025-11-01,11,2025,4,ENFERMERIA,INMUNIZACIONES,63,
DR. ALBERTO LIFSCHITZ,2025-11-01,11,2025,4,ENFERMERIA,PAP,8,
SANTA MARGARITA,2025-11-01,11,2025,4,ENFERMERIA,CONTROL TENSION ARTERIAL,188,
SANTA MARGARITA,2025-11-01,11,2025,4,ENFERMERIA,TEMPERATURA,40,
SANTA MARGARITA,2025-11-01,11,2025,4,ENFERMERIA,GLUCEMIA,28,
SANTA MARGARITA,2025-11-01,11,2025,4,ENFERMERIA,NEBULIZACIONES,19,
SANTA MARGARITA,2025-11-01,11,2025,4,ENFERMERIA,PESO Y TALLA,287,
SANTA MARGARITA,2025-11-01,11,2025,4,ENFERMERIA,CURACIONES,30,
SANTA MARGARITA,2025-11-01,11,2025,4,ENFERMERIA,INYECTABLES,38,
SANTA MARGARITA,2025-11-01,11,2025,4,ENFERMERIA,INMUNIZACIONES,24,
SANTA MARTA,2025-11-01,11,2025,4,ENFERMERIA,CONTROL TENSION ARTERIAL,190,
SANTA MARTA,2025-11-01,11,2025,4,ENFERMERIA,TEMPERATURA,36,
SANTA MARTA,2025-11-01,11,2025,4,ENFERMERIA,GLUCEMIA,8,
SANTA MARTA,2025-11-01,11,2025,4,ENFERMERIA,NEBULIZACIONES,1,
SANTA MARTA,2025-11-01,11,2025,4,ENFERMERIA,PESO Y TALLA,280,
SANTA MARTA,2025-11-01,11,2025,4,ENFERMERIA,CURACIONES,34,
SANTA MARTA,2025-11-01,11,2025,4,ENFERMERIA,INYECTABLES,44,
SANTA MARTA,2025-11-01,11,2025,4,ENFERMERIA,INMUNIZACIONES,116,
PUJOL,2025-11-01,11,2025,4,ENFERMERIA,CONTROL TENSION ARTERIAL,150,
PUJOL,2025-11-01,11,2025,4,ENFERMERIA,TEMPERATURA,30,
PUJOL,2025-11-01,11,2025,4,ENFERMERIA,GLUCEMIA,10,
PUJOL,2025-11-01,11,2025,4,ENFERMERIA,NEBULIZACIONES,3,
PUJOL,2025-11-01,11,2025,4,ENFERMERIA,PESO Y TALLA,135,
PUJOL,2025-11-01,11,2025,4,ENFERMERIA,CURACIONES,20,
PUJOL,2025-11-01,11,2025,4,ENFERMERIA,INYECTABLES,65,
PUJOL,2025-11-01,11,2025,4,ENFERMERIA,INMUNIZACIONES,19,
PUJOL,2025-11-01,11,2025,4,ENFERMERIA,PAP,1,
SAN MARCOS,2025-11-01,11,2025,4,ENFERMERIA,CONTROL TENSION ARTERIAL,62,
SAN MARCOS,2025-11-01,11,2025,4,ENFERMERIA,TEMPERATURA,5,
SAN MARCOS,2025-11-01,11,2025,4,ENFERMERIA,GLUCEMIA,3,
SAN MARCOS,2025-11-01,11,2025,4,ENFERMERIA,NEBULIZACIONES,3,
SAN MARCOS,2025-11-01,11,2025,4,ENFERMERIA,PESO Y TALLA,188,
SAN MARCOS,2025-11-01,11,2025,4,ENFERMERIA,CURACIONES,20,
SAN MARCOS,2025-11-01,11,2025,4,ENFERMERIA,INYECTABLES,15,
SAN MARCOS,2025-11-01,11,2025,4,ENFERMERIA,INMUNIZACIONES,33,
Dr. CALMANASH,2025-11-01,11,2025,4,ENFERMERIA,CONTROL TENSION ARTERIAL,153,
Dr. CALMANASH,2025-11-01,11,2025,4,ENFERMERIA,TEMPERATURA,3,
Dr. CALMANASH,2025-11-01,11,2025,4,ENFERMERIA,GLUCEMIA,5,
Dr. CALMANASH,2025-11-01,11,2025,4,ENFERMERIA,NEBULIZACIONES,10,
Dr. CALMANASH,2025-11-01,11,2025,4,ENFERMERIA,PESO Y TALLA,293,
Dr. CALMANASH,2025-11-01,11,2025,4,ENFERMERIA,CURACIONES,7,
Dr. CALMANASH,2025-11-01,11,2025,4,ENFERMERIA,INYECTABLES,317,
Dr. CALMANASH,2025-11-01,11,2025,4,ENFERMERIA,INMUNIZACIONES,22,
Dr. CALMANASH,2025-11-01,11,2025,4,ENFERMERIA,PAP,6,
VILLA GARCIA,2025-11-01,11,2025,4,ENFERMERIA,CONTROL TENSION ARTERIAL,88,
VILLA GARCIA,2025-11-01,11,2025,4,ENFERMERIA,TEMPERATURA,18,
VILLA GARCIA,2025-11-01,11,2025,4,ENFERMERIA,GLUCEMIA,5,
VILLA GARCIA,2025-11-01,11,2025,4,ENFERMERIA,PESO Y TALLA,80,
VILLA GARCIA,2025-11-01,11,2025,4,ENFERMERIA,CURACIONES,16,
VILLA GARCIA,2025-11-01,11,2025,4,ENFERMERIA,INYECTABLES,20,
VILLA GARCIA,2025-11-01,11,2025,4,ENFERMERIA,INMUNIZACIONES,16,
ITATI,2025-11-01,11,2025,4,ENFERMERIA,CONTROL TENSION ARTERIAL,471,
ITATI,2025-11-01,11,2025,4,ENFERMERIA,TEMPERATURA,97,
ITATI,2025-11-01,11,2025,4,ENFERMERIA,GLUCEMIA,38,
ITATI,2025-11-01,11,2025,4,ENFERMERIA,NEBULIZACIONES,11,
ITATI,2025-11-01,11,2025,4,ENFERMERIA,PESO Y TALLA,531,
ITATI,2025-11-01,11,2025,4,ENFERMERIA,CURACIONES,33,
ITATI,2025-11-01,11,2025,4,ENFERMERIA,SUTURAS,10,
ITATI,2025-11-01,11,2025,4,ENFERMERIA,INYECTABLES,20,
ITATI,2025-11-01,11,2025,4,ENFERMERIA,INMUNIZACIONES,54,
ITATI,2025-11-01,11,2025,4,ENFERMERIA,IMPLANTE SUBDERMICO,6,
DR. ANIBAL MALVIDO,2025-11-01,11,2025,4,ENFERMERIA,CONTROL TENSION ARTERIAL,725,
DR. ANIBAL MALVIDO,2025-11-01,11,2025,4,ENFERMERIA,TEMPERATURA,362,
DR. ANIBAL MALVIDO,2025-11-01,11,2025,4,ENFERMERIA,GLUCEMIA,25,
DR. ANIBAL MALVIDO,2025-11-01,11,2025,4,ENFERMERIA,NEBULIZACIONES,20,
DR. ANIBAL MALVIDO,2025-11-01,11,2025,4,ENFERMERIA,PESO Y TALLA,1359,
DR. ANIBAL MALVIDO,2025-11-01,11,2025,4,ENFERMERIA,CURACIONES,35,
DR. ANIBAL MALVIDO,2025-11-01,11,2025,4,ENFERMERIA,SUTURAS,3,
DR. ANIBAL MALVIDO,2025-11-01,11,2025,4,ENFERMERIA,INYECTABLES,63,
DR. ANIBAL MALVIDO,2025-11-01,11,2025,4,ENFERMERIA,INMUNIZACIONES,214,
DR. ANIBAL MALVIDO,2025-11-01,11,2025,4,ENFERMERIA,PAP,12,
DR. ANIBAL MALVIDO,2025-11-01,11,2025,4,ENFERMERIA,DIU,3,
RIO PARANA,2025-11-01,11,2025,4,ENFERMERIA,CONTROL TENSION ARTERIAL,300,
RIO PARANA,2025-11-01,11,2025,4,ENFERMERIA,TEMPERATURA,112,
RIO PARANA,2025-11-01,11,2025,4,ENFERMERIA,GLUCEMIA,5,
RIO PARANA,2025-11-01,11,2025,4,ENFERMERIA,PESO Y TALLA,450,
RIO PARANA,2025-11-01,11,2025,4,ENFERMERIA,CURACIONES,80,
RIO PARANA,2025-11-01,11,2025,4,ENFERMERIA,INYECTABLES,101,
RIO PARANA,2025-11-01,11,2025,4,ENFERMERIA,INMUNIZACIONES,90,
DR. PIRCHI,2025-11-01,11,2025,4,ENFERMERIA,CONTROL TENSION ARTERIAL,95,
DR. PIRCHI,2025-11-01,11,2025,4,ENFERMERIA,TEMPERATURA,22,
DR. PIRCHI,2025-11-01,11,2025,4,ENFERMERIA,GLUCEMIA,7,
DR. PIRCHI,2025-11-01,11,2025,4,ENFERMERIA,NEBULIZACIONES,4,
DR. PIRCHI,2025-11-01,11,2025,4,ENFERMERIA,PESO Y TALLA,107,
DR. PIRCHI,2025-11-01,11,2025,4,ENFERMERIA,CURACIONES,72,
DR. PIRCHI,2025-11-01,11,2025,4,ENFERMERIA,INYECTABLES,95,
DR. PIRCHI,2025-11-01,11,2025,4,ENFERMERIA,INMUNIZACIONES,74,
DR. BENJAMIN SERRANO,2025-11-01,11,2025,4,ENFERMERIA,CONTROL TENSION ARTERIAL,431,
DR. BENJAMIN SERRANO,2025-11-01,11,2025,4,ENFERMERIA,TEMPERATURA,14,
DR. BENJAMIN SERRANO,2025-11-01,11,2025,4,ENFERMERIA,GLUCEMIA,8,
DR. BENJAMIN SERRANO,2025-11-01,11,2025,4,ENFERMERIA,PESO Y TALLA,466,
DR. BENJAMIN SERRANO,2025-11-01,11,2025,4,ENFERMERIA,CURACIONES,25,
DR. BENJAMIN SERRANO,2025-11-01,11,2025,4,ENFERMERIA,INYECTABLES,40,
DR. BENJAMIN SERRANO,2025-11-01,11,2025,4,ENFERMERIA,INMUNIZACIONES,67,
DR. PIRCHI,2025-12-01,12,2025,4,ENFERMERIA,CONTROL TENSION ARTERIAL,102,
DR. PIRCHI,2025-12-01,12,2025,4,ENFERMERIA,TEMPERATURA,14,
DR. PIRCHI,2025-12-01,12,2025,4,ENFERMERIA,GLUCEMIA,3,
DR. PIRCHI,2025-12-01,12,2025,4,ENFERMERIA,NEBULIZACIONES,7,
DR. PIRCHI,2025-12-01,12,2025,4,ENFERMERIA,PESO Y TALLA,72,
DR. PIRCHI,2025-12-01,12,2025,4,ENFERMERIA,CURACIONES,45,
DR. PIRCHI,2025-12-01,12,2025,4,ENFERMERIA,INYECTABLES,39,
DR. PIRCHI,2025-12-01,12,2025,4,ENFERMERIA,INMUNIZACIONES,107,
SAN MARCOS,2025-12-01,12,2025,4,ENFERMERIA,CONTROL TENSION ARTERIAL,96,
SAN MARCOS,2025-12-01,12,2025,4,ENFERMERIA,TEMPERATURA,4,
SAN MARCOS,2025-12-01,12,2025,4,ENFERMERIA,GLUCEMIA,8,
SAN MARCOS,2025-12-01,12,2025,4,ENFERMERIA,PESO Y TALLA,220,
SAN MARCOS,2025-12-01,12,2025,4,ENFERMERIA,CURACIONES,20,
SAN MARCOS,2025-12-01,12,2025,4,ENFERMERIA,INYECTABLES,14,
SAN MARCOS,2025-12-01,12,2025,4,ENFERMERIA,INMUNIZACIONES,53,
DR. MAURICIO OPEN,2025-12-01,12,2025,4,ENFERMERIA,CONTROL TENSION ARTERIAL,43,
DR. MAURICIO OPEN,2025-12-01,12,2025,4,ENFERMERIA,TEMPERATURA,3,
DR. MAURICIO OPEN,2025-12-01,12,2025,4,ENFERMERIA,PESO Y TALLA,90,
DR. MAURICIO OPEN,2025-12-01,12,2025,4,ENFERMERIA,CURACIONES,10,
DR. MAURICIO OPEN,2025-12-01,12,2025,4,ENFERMERIA,INYECTABLES,14,
DR. MAURICIO OPEN,2025-12-01,12,2025,4,ENFERMERIA,INMUNIZACIONES,62,
MARCELINO VERA,2025-12-01,12,2025,4,ENFERMERIA,CONTROL TENSION ARTERIAL,63,
MARCELINO VERA,2025-12-01,12,2025,4,ENFERMERIA,TEMPERATURA,5,
MARCELINO VERA,2025-12-01,12,2025,4,ENFERMERIA,PESO Y TALLA,73,
MARCELINO VERA,2025-12-01,12,2025,4,ENFERMERIA,CURACIONES,5,
MARCELINO VERA,2025-12-01,12,2025,4,ENFERMERIA,INYECTABLES,15,
MARCELINO VERA,2025-12-01,12,2025,4,ENFERMERIA,INMUNIZACIONES,23,
ITATI,2025-12-01,12,2025,4,ENFERMERIA,CONTROL TENSION ARTERIAL,300,
ITATI,2025-12-01,12,2025,4,ENFERMERIA,TEMPERATURA,100,
ITATI,2025-12-01,12,2025,4,ENFERMERIA,GLUCEMIA,50,
ITATI,2025-12-01,12,2025,4,ENFERMERIA,NEBULIZACIONES,30,
ITATI,2025-12-01,12,2025,4,ENFERMERIA,PESO Y TALLA,250,
ITATI,2025-12-01,12,2025,4,ENFERMERIA,CURACIONES,51,
ITATI,2025-12-01,12,2025,4,ENFERMERIA,INYECTABLES,30,
ITATI,2025-12-01,12,2025,4,ENFERMERIA,INMUNIZACIONES,51,
PUJOL,2025-12-01,12,2025,4,ENFERMERIA,CONTROL TENSION ARTERIAL,195,
PUJOL,2025-12-01,12,2025,4,ENFERMERIA,TEMPERATURA,20,
PUJOL,2025-12-01,12,2025,4,ENFERMERIA,GLUCEMIA,15,
PUJOL,2025-12-01,12,2025,4,ENFERMERIA,NEBULIZACIONES,5,
PUJOL,2025-12-01,12,2025,4,ENFERMERIA,PESO Y TALLA,190,
PUJOL,2025-12-01,12,2025,4,ENFERMERIA,CURACIONES,30,
PUJOL,2025-12-01,12,2025,4,ENFERMERIA,INYECTABLES,50,
PUJOL,2025-12-01,12,2025,4,ENFERMERIA,INMUNIZACIONES,26,
PUJOL,2025-12-01,12,2025,4,ENFERMERIA,PAP,1,
DR. ANIBAL MALVIDO,2025-12-01,12,2025,4,ENFERMERIA,CONTROL TENSION ARTERIAL,220,
DR. ANIBAL MALVIDO,2025-12-01,12,2025,4,ENFERMERIA,TEMPERATURA,20,
DR. ANIBAL MALVIDO,2025-12-01,12,2025,4,ENFERMERIA,GLUCEMIA,10,
DR. ANIBAL MALVIDO,2025-12-01,12,2025,4,ENFERMERIA,NEBULIZACIONES,5,
DR. ANIBAL MALVIDO,2025-12-01,12,2025,4,ENFERMERIA,PESO Y TALLA,630,
DR. ANIBAL MALVIDO,2025-12-01,12,2025,4,ENFERMERIA,CURACIONES,15,
DR. ANIBAL MALVIDO,2025-12-01,12,2025,4,ENFERMERIA,INYECTABLES,14,
DR. ANIBAL MALVIDO,2025-12-01,12,2025,4,ENFERMERIA,INMUNIZACIONES,108,
DR. ALBERTO LIFSCHITZ,2025-12-01,12,2025,4,ENFERMERIA,CONTROL TENSION ARTERIAL,108,
DR. ALBERTO LIFSCHITZ,2025-12-01,12,2025,4,ENFERMERIA,TEMPERATURA,4,
DR. ALBERTO LIFSCHITZ,2025-12-01,12,2025,4,ENFERMERIA,GLUCEMIA,1,
DR. ALBERTO LIFSCHITZ,2025-12-01,12,2025,4,ENFERMERIA,PESO Y TALLA,290,
DR. ALBERTO LIFSCHITZ,2025-12-01,12,2025,4,ENFERMERIA,CURACIONES,9,
DR. ALBERTO LIFSCHITZ,2025-12-01,12,2025,4,ENFERMERIA,INYECTABLES,18,
DR. ALBERTO LIFSCHITZ,2025-12-01,12,2025,4,ENFERMERIA,INMUNIZACIONES,7,
DR. ALBERTO LIFSCHITZ,2025-12-01,12,2025,4,ENFERMERIA,PAP,1,
GDOR. ELIAS GALVAN,2025-12-01,12,2025,4,ENFERMERIA,CONTROL TENSION ARTERIAL,156,
GDOR. ELIAS GALVAN,2025-12-01,12,2025,4,ENFERMERIA,TEMPERATURA,168,
GDOR. ELIAS GALVAN,2025-12-01,12,2025,4,ENFERMERIA,GLUCEMIA,2,
GDOR. ELIAS GALVAN,2025-12-01,12,2025,4,ENFERMERIA,NEBULIZACIONES,5,
GDOR. ELIAS GALVAN,2025-12-01,12,2025,4,ENFERMERIA,PESO Y TALLA,591,
GDOR. ELIAS GALVAN,2025-12-01,12,2025,4,ENFERMERIA,CURACIONES,26,
GDOR. ELIAS GALVAN,2025-12-01,12,2025,4,ENFERMERIA,INYECTABLES,13,
PASO MARTINEZ,2025-12-01,12,2025,4,ENFERMERIA,CONTROL TENSION ARTERIAL,15,
PASO MARTINEZ,2025-12-01,12,2025,4,ENFERMERIA,PESO Y TALLA,15,
SANTA MARGARITA,2025-12-01,12,2025,4,ENFERMERIA,CONTROL TENSION ARTERIAL,188,
SANTA MARGARITA,2025-12-01,12,2025,4,ENFERMERIA,TEMPERATURA,48,
SANTA MARGARITA,2025-12-01,12,2025,4,ENFERMERIA,GLUCEMIA,28,
SANTA MARGARITA,2025-12-01,12,2025,4,ENFERMERIA,NEBULIZACIONES,10,
SANTA MARGARITA,2025-12-01,12,2025,4,ENFERMERIA,PESO Y TALLA,237,
SANTA MARGARITA,2025-12-01,12,2025,4,ENFERMERIA,CURACIONES,30,
SANTA MARGARITA,2025-12-01,12,2025,4,ENFERMERIA,INYECTABLES,38,
DR. CHERCOFF,2025-11-01,11,2025,4,ENFERMERIA,CONTROL TENSION ARTERIAL,50,
DR. CHERCOFF,2025-11-01,11,2025,4,ENFERMERIA,TEMPERATURA,15,
DR. CHERCOFF,2025-11-01,11,2025,4,ENFERMERIA,GLUCEMIA,6,
DR. CHERCOFF,2025-11-01,11,2025,4,ENFERMERIA,PESO Y TALLA,57,
DR. CHERCOFF,2025-11-01,11,2025,4,ENFERMERIA,CURACIONES,12,
DR. CHERCOFF,2025-11-01,11,2025,4,ENFERMERIA,INYECTABLES,2,
DR. CHERCOFF,2025-11-01,11,2025,4,ENFERMERIA,INMUNIZACIONES,2,
DR. CHERCOFF,2025-12-01,12,2025,4,ENFERMERIA,CONTROL TENSION ARTERIAL,68,
DR. CHERCOFF,2025-12-01,12,2025,4,ENFERMERIA,TEMPERATURA,74,
DR. CHERCOFF,2025-12-01,12,2025,4,ENFERMERIA,GLUCEMIA,8,
DR. CHERCOFF,2025-12-01,12,2025,4,ENFERMERIA,PESO Y TALLA,80,
DR. CHERCOFF,2025-12-01,12,2025,4,ENFERMERIA,CURACIONES,10,
DR. CHERCOFF,2025-12-01,12,2025,4,ENFERMERIA,INYECTABLES,12,
DR. CHERCOFF,2025-12-01,12,2025,4,ENFERMERIA,INMUNIZACIONES,9,
VILLA GARCIA,2025-12-01,12,2025,4,ENFERMERIA,CONTROL TENSION ARTERIAL,53,
VILLA GARCIA,2025-12-01,12,2025,4,ENFERMERIA,TEMPERATURA,10,
VILLA GARCIA,2025-12-01,12,2025,4,ENFERMERIA,GLUCEMIA,5,
VILLA GARCIA,2025-12-01,12,2025,4,ENFERMERIA,PESO Y TALLA,56,
VILLA GARCIA,2025-12-01,12,2025,4,ENFERMERIA,CURACIONES,10,
VILLA GARCIA,2025-12-01,12,2025,4,ENFERMERIA,INYECTABLES,13,
VILLA GARCIA,2025-12-01,12,2025,4,ENFERMERIA,INMUNIZACIONES,46,
Dr. SANTIAGO LORENZO,2025-11-01,11,2025,4,ENFERMERIA,CONTROL TENSION ARTERIAL,111,
Dr. SANTIAGO LORENZO,2025-11-01,11,2025,4,ENFERMERIA,TEMPERATURA,2,
Dr. SANTIAGO LORENZO,2025-11-01,11,2025,4,ENFERMERIA,NEBULIZACIONES,1,
Dr. SANTIAGO LORENZO,2025-11-01,11,2025,4,ENFERMERIA,PESO Y TALLA,168,
Dr. SANTIAGO LORENZO,2025-11-01,11,2025,4,ENFERMERIA,CURACIONES,14,
Dr. SANTIAGO LORENZO,2025-11-01,11,2025,4,ENFERMERIA,INYECTABLES,24,
Dr. SANTIAGO LORENZO,2025-11-01,11,2025,4,ENFERMERIA,INMUNIZACIONES,61,
RIO PARANA,2025-12-01,12,2025,4,ENFERMERIA,CONTROL TENSION ARTERIAL,368,
RIO PARANA,2025-12-01,12,2025,4,ENFERMERIA,TEMPERATURA,99,
RIO PARANA,2025-12-01,12,2025,4,ENFERMERIA,PESO Y TALLA,450,
RIO PARANA,2025-12-01,12,2025,4,ENFERMERIA,CURACIONES,75,
RIO PARANA,2025-12-01,12,2025,4,ENFERMERIA,INYECTABLES,25,
RIO PARANA,2025-12-01,12,2025,4,ENFERMERIA,INMUNIZACIONES,110,
DR. JOSE DE LOS REYES VIDAL,2025-11-01,11,2025,4,ENFERMERIA,CONTROL TENSION ARTERIAL,125,
DR. JOSE DE LOS REYES VIDAL,2025-11-01,11,2025,4,ENFERMERIA,GLUCEMIA,86,
DR. JOSE DE LOS REYES VIDAL,2025-11-01,11,2025,4,ENFERMERIA,PESO Y TALLA,200,
DR. JOSE DE LOS REYES VIDAL,2025-11-01,11,2025,4,ENFERMERIA,CURACIONES,48,
DR. JOSE DE LOS REYES VIDAL,2025-11-01,11,2025,4,ENFERMERIA,INYECTABLES,60,
DR. JOSE DE LOS REYES VIDAL,2025-12-01,12,2025,4,ENFERMERIA,CONTROL TENSION ARTERIAL,117,
DR. JOSE DE LOS REYES VIDAL,2025-12-01,12,2025,4,ENFERMERIA,GLUCEMIA,70,
DR. JOSE DE LOS REYES VIDAL,2025-12-01,12,2025,4,ENFERMERIA,PESO Y TALLA,185,
DR. JOSE DE LOS REYES VIDAL,2025-12-01,12,2025,4,ENFERMERIA,CURACIONES,30,
DR. JOSE DE LOS REYES VIDAL,2025-12-01,12,2025,4,ENFERMERIA,INYECTABLES,43,
DR. BENJAMIN SERRANO,2025-12-01,12,2025,4,ENFERMERIA,CONTROL TENSION ARTERIAL,170,
DR. BENJAMIN SERRANO,2025-12-01,12,2025,4,ENFERMERIA,TEMPERATURA,5,
DR. BENJAMIN SERRANO,2025-12-01,12,2025,4,ENFERMERIA,GLUCEMIA,4,
DR. BENJAMIN SERRANO,2025-12-01,12,2025,4,ENFERMERIA,PESO Y TALLA,119,
DR. BENJAMIN SERRANO,2025-12-01,12,2025,4,ENFERMERIA,CURACIONES,23,
DR. BENJAMIN SERRANO,2025-12-01,12,2025,4,ENFERMERIA,INYECTABLES,23,
DR. MAURICIO OPEN,2026-01-01,1,2026,4,ENFERMERIA,CONTROL TENSION ARTERIAL,42,
DR. MAURICIO OPEN,2026-01-01,1,2026,4,ENFERMERIA,TEMPERATURA,2,
DR. MAURICIO OPEN,2026-01-01,1,2026,4,ENFERMERIA,PESO Y TALLA,50,
DR. MAURICIO OPEN,2026-01-01,1,2026,4,ENFERMERIA,CURACIONES,3,
DR. MAURICIO OPEN,2026-01-01,1,2026,4,ENFERMERIA,INYECTABLES,8,
DR. JOSE DE LOS REYES VIDAL,2026-01-01,1,2026,4,ENFERMERIA,CONTROL TENSION ARTERIAL,160,
DR. JOSE DE LOS REYES VIDAL,2026-01-01,1,2026,4,ENFERMERIA,GLUCEMIA,94,
DR. JOSE DE LOS REYES VIDAL,2026-01-01,1,2026,4,ENFERMERIA,CURACIONES,22,
DR. JOSE DE LOS REYES VIDAL,2026-01-01,1,2026,4,ENFERMERIA,INYECTABLES,33,
MARCELINO VERA,2026-01-01,1,2026,4,ENFERMERIA,CONTROL TENSION ARTERIAL,80,
MARCELINO VERA,2026-01-01,1,2026,4,ENFERMERIA,TEMPERATURA,25,
MARCELINO VERA,2026-01-01,1,2026,4,ENFERMERIA,GLUCEMIA,10,
MARCELINO VERA,2026-01-01,1,2026,4,ENFERMERIA,PESO Y TALLA,80,
MARCELINO VERA,2026-01-01,1,2026,4,ENFERMERIA,CURACIONES,10,
MARCELINO VERA,2026-01-01,1,2026,4,ENFERMERIA,INYECTABLES,12,
MARCELINO VERA,2026-01-01,1,2026,4,ENFERMERIA,INMUNIZACIONES,11,
GDOR. ELIAS GALVAN,2026-01-01,1,2026,4,ENFERMERIA,CONTROL TENSION ARTERIAL,159,
GDOR. ELIAS GALVAN,2026-01-01,1,2026,4,ENFERMERIA,TEMPERATURA,168,
GDOR. ELIAS GALVAN,2026-01-01,1,2026,4,ENFERMERIA,GLUCEMIA,23,
GDOR. ELIAS GALVAN,2026-01-01,1,2026,4,ENFERMERIA,NEBULIZACIONES,10,
GDOR. ELIAS GALVAN,2026-01-01,1,2026,4,ENFERMERIA,PESO Y TALLA,238,
GDOR. ELIAS GALVAN,2026-01-01,1,2026,4,ENFERMERIA,CURACIONES,26,
GDOR. ELIAS GALVAN,2026-01-01,1,2026,4,ENFERMERIA,INYECTABLES,9,
SAN MARCOS,2026-01-01,1,2026,4,ENFERMERIA,CONTROL TENSION ARTERIAL,57,
SAN MARCOS,2026-01-01,1,2026,4,ENFERMERIA,TEMPERATURA,4,
SAN MARCOS,2026-01-01,1,2026,4,ENFERMERIA,GLUCEMIA,3,
SAN MARCOS,2026-01-01,1,2026,4,ENFERMERIA,PESO Y TALLA,142,
SAN MARCOS,2026-01-01,1,2026,4,ENFERMERIA,CURACIONES,14,
SAN MARCOS,2026-01-01,1,2026,4,ENFERMERIA,INYECTABLES,6,
SAN MARCOS,2026-01-01,1,2026,4,ENFERMERIA,INMUNIZACIONES,13,
PUJOL,2026-01-01,1,2026,4,ENFERMERIA,CONTROL TENSION ARTERIAL,150,
PUJOL,2026-01-01,1,2026,4,ENFERMERIA,TEMPERATURA,30,
PUJOL,2026-01-01,1,2026,4,ENFERMERIA,NEBULIZACIONES,10,
PUJOL,2026-01-01,1,2026,4,ENFERMERIA,PESO Y TALLA,250,
PUJOL,2026-01-01,1,2026,4,ENFERMERIA,CURACIONES,40,
PUJOL,2026-01-01,1,2026,4,ENFERMERIA,INYECTABLES,60,
PUJOL,2026-01-01,1,2026,4,ENFERMERIA,INMUNIZACIONES,12,
DR. BENJAMIN SERRANO,2026-01-01,1,2026,4,ENFERMERIA,CONTROL TENSION ARTERIAL,257,
DR. BENJAMIN SERRANO,2026-01-01,1,2026,4,ENFERMERIA,TEMPERATURA,16,
DR. BENJAMIN SERRANO,2026-01-01,1,2026,4,ENFERMERIA,GLUCEMIA,26,
DR. BENJAMIN SERRANO,2026-01-01,1,2026,4,ENFERMERIA,PESO Y TALLA,142,
DR. BENJAMIN SERRANO,2026-01-01,1,2026,4,ENFERMERIA,CURACIONES,16,
DR. BENJAMIN SERRANO,2026-01-01,1,2026,4,ENFERMERIA,INYECTABLES,34,
DR. ALBERTO LIFSCHITZ,2026-01-01,1,2026,4,ENFERMERIA,CONTROL TENSION ARTERIAL,102,
DR. ALBERTO LIFSCHITZ,2026-01-01,1,2026,4,ENFERMERIA,TEMPERATURA,10,
DR. ALBERTO LIFSCHITZ,2026-01-01,1,2026,4,ENFERMERIA,PESO Y TALLA,205,
DR. ALBERTO LIFSCHITZ,2026-01-01,1,2026,4,ENFERMERIA,CURACIONES,10,
DR. ALBERTO LIFSCHITZ,2026-01-01,1,2026,4,ENFERMERIA,SUTURAS,5,
DR. ALBERTO LIFSCHITZ,2026-01-01,1,2026,4,ENFERMERIA,INYECTABLES,12,
DR. ALBERTO LIFSCHITZ,2026-01-01,1,2026,4,ENFERMERIA,INMUNIZACIONES,13,
DR. ALBERTO LIFSCHITZ,2026-01-01,1,2026,4,ENFERMERIA,PAP,2,
DR. FLIER,2025-10-01,10,2025,4,ENFERMERIA,CONTROL TENSION ARTERIAL,123,
DR. FLIER,2025-10-01,10,2025,4,ENFERMERIA,TEMPERATURA,100,
DR. FLIER,2025-10-01,10,2025,4,ENFERMERIA,NEBULIZACIONES,110,
DR. FLIER,2025-10-01,10,2025,4,ENFERMERIA,PESO Y TALLA,325,
DR. FLIER,2025-10-01,10,2025,4,ENFERMERIA,CURACIONES,89,
DR. FLIER,2025-10-01,10,2025,4,ENFERMERIA,SUTURAS,73,
DR. FLIER,2025-10-01,10,2025,4,ENFERMERIA,INYECTABLES,125,
DR. FLIER,2025-10-01,10,2025,4,ENFERMERIA,INMUNIZACIONES,49,
DR. FLIER,2025-10-01,10,2025,4,ENFERMERIA,PAP,3,
DR. FLIER,2025-10-01,10,2025,4,ENFERMERIA,IMPLANTE SUBDERMICO,1,
DR. FLIER,2025-11-01,11,2025,4,ENFERMERIA,CONTROL TENSION ARTERIAL,147,
DR. FLIER,2025-11-01,11,2025,4,ENFERMERIA,TEMPERATURA,100,
DR. FLIER,2025-11-01,11,2025,4,ENFERMERIA,NEBULIZACIONES,94,
DR. FLIER,2025-11-01,11,2025,4,ENFERMERIA,PESO Y TALLA,327,
DR. FLIER,2025-11-01,11,2025,4,ENFERMERIA,CURACIONES,96,
DR. FLIER,2025-11-01,11,2025,4,ENFERMERIA,INYECTABLES,137,
DR. FLIER,2025-11-01,11,2025,4,ENFERMERIA,INMUNIZACIONES,50,
DR. FLIER,2025-11-01,11,2025,4,ENFERMERIA,PAP,5,
DR. FLIER,2025-11-01,11,2025,4,ENFERMERIA,IMPLANTE SUBDERMICO,2,
DR. FLIER,2025-12-01,12,2025,4,ENFERMERIA,CONTROL TENSION ARTERIAL,127,
DR. FLIER,2025-12-01,12,2025,4,ENFERMERIA,TEMPERATURA,94,
DR. FLIER,2025-12-01,12,2025,4,ENFERMERIA,NEBULIZACIONES,63,
DR. FLIER,2025-12-01,12,2025,4,ENFERMERIA,PESO Y TALLA,148,
DR. FLIER,2025-12-01,12,2025,4,ENFERMERIA,CURACIONES,73,
DR. FLIER,2025-12-01,12,2025,4,ENFERMERIA,INYECTABLES,136,
DR. FLIER,2025-12-01,12,2025,4,ENFERMERIA,INMUNIZACIONES,59,
DR. FLIER,2026-01-01,1,2026,4,ENFERMERIA,CONTROL TENSION ARTERIAL,136,
DR. FLIER,2026-01-01,1,2026,4,ENFERMERIA,TEMPERATURA,64,
DR. FLIER,2026-01-01,1,2026,4,ENFERMERIA,NEBULIZACIONES,70,
DR. FLIER,2026-01-01,1,2026,4,ENFERMERIA,PESO Y TALLA,163,
DR. FLIER,2026-01-01,1,2026,4,ENFERMERIA,CURACIONES,74,
DR. FLIER,2026-01-01,1,2026,4,ENFERMERIA,INYECTABLES,125,
DR. FLIER,2026-01-01,1,2026,4,ENFERMERIA,INMUNIZACIONES,32,
ITATI,2026-01-01,1,2026,4,ENFERMERIA,CONTROL TENSION ARTERIAL,298,
ITATI,2026-01-01,1,2026,4,ENFERMERIA,TEMPERATURA,77,
ITATI,2026-01-01,1,2026,4,ENFERMERIA,GLUCEMIA,61,
ITATI,2026-01-01,1,2026,4,ENFERMERIA,NEBULIZACIONES,15,
ITATI,2026-01-01,1,2026,4,ENFERMERIA,PESO Y TALLA,402,
ITATI,2026-01-01,1,2026,4,ENFERMERIA,CURACIONES,97,
ITATI,2026-01-01,1,2026,4,ENFERMERIA,SUTURAS,12,
ITATI,2026-01-01,1,2026,4,ENFERMERIA,INYECTABLES,27,
ITATI,2026-01-01,1,2026,4,ENFERMERIA,INMUNIZACIONES,56,
DR. ANIBAL MALVIDO,2026-01-01,1,2026,4,ENFERMERIA,CONTROL TENSION ARTERIAL,400,
DR. ANIBAL MALVIDO,2026-01-01,1,2026,4,ENFERMERIA,TEMPERATURA,20,
DR. ANIBAL MALVIDO,2026-01-01,1,2026,4,ENFERMERIA,GLUCEMIA,10,
DR. ANIBAL MALVIDO,2026-01-01,1,2026,4,ENFERMERIA,NEBULIZACIONES,10,
DR. ANIBAL MALVIDO,2026-01-01,1,2026,4,ENFERMERIA,PESO Y TALLA,500,
DR. ANIBAL MALVIDO,2026-01-01,1,2026,4,ENFERMERIA,CURACIONES,50,
DR. ANIBAL MALVIDO,2026-01-01,1,2026,4,ENFERMERIA,SUTURAS,3,
DR. ANIBAL MALVIDO,2026-01-01,1,2026,4,ENFERMERIA,INYECTABLES,50,
DR. PIRCHI,2026-01-01,1,2026,4,ENFERMERIA,INMUNIZACIONES,161,
DR. PIRCHI,2026-01-01,1,2026,4,ENFERMERIA,CONTROL TENSION ARTERIAL,45,
DR. PIRCHI,2026-01-01,1,2026,4,ENFERMERIA,TEMPERATURA,20,
DR. PIRCHI,2026-01-01,1,2026,4,ENFERMERIA,GLUCEMIA,10,
DR. PIRCHI,2026-01-01,1,2026,4,ENFERMERIA,NEBULIZACIONES,2,
DR. PIRCHI,2026-01-01,1,2026,4,ENFERMERIA,PESO Y TALLA,60,
DR. PIRCHI,2026-01-01,1,2026,4,ENFERMERIA,CURACIONES,25,
DR. PIRCHI,2026-01-01,1,2026,4,ENFERMERIA,INYECTABLES,35,
DR. PIRCHI,2026-01-01,1,2026,4,ENFERMERIA,INMUNIZACIONES,102,
VILLA GARCIA,2026-01-01,1,2026,4,ENFERMERIA,CONTROL TENSION ARTERIAL,56,
VILLA GARCIA,2026-01-01,1,2026,4,ENFERMERIA,TEMPERATURA,12,
VILLA GARCIA,2026-01-01,1,2026,4,ENFERMERIA,PESO Y TALLA,58,
VILLA GARCIA,2026-01-01,1,2026,4,ENFERMERIA,CURACIONES,14,
VILLA GARCIA,2026-01-01,1,2026,4,ENFERMERIA,INYECTABLES,9,
VILLA GARCIA,2026-01-01,1,2026,4,ENFERMERIA,INMUNIZACIONES,30,
DR. CHERCOFF,2026-01-01,1,2026,4,ENFERMERIA,CONTROL TENSION ARTERIAL,130,
DR. CHERCOFF,2026-01-01,1,2026,4,ENFERMERIA,TEMPERATURA,98,
DR. CHERCOFF,2026-01-01,1,2026,4,ENFERMERIA,GLUCEMIA,8,
DR. CHERCOFF,2026-01-01,1,2026,4,ENFERMERIA,PESO Y TALLA,90,
DR. CHERCOFF,2026-01-01,1,2026,4,ENFERMERIA,CURACIONES,37,
DR. CHERCOFF,2026-01-01,1,2026,4,ENFERMERIA,INYECTABLES,16,
DR. CHERCOFF,2026-01-01,1,2026,4,ENFERMERIA,INMUNIZACIONES,4,
Dr. SANTIAGO LORENZO,2025-12-01,12,2025,4,ENFERMERIA,CONTROL TENSION ARTERIAL,4,
Dr. SANTIAGO LORENZO,2025-12-01,12,2025,4,ENFERMERIA,PESO Y TALLA,190,
Dr. SANTIAGO LORENZO,2025-12-01,12,2025,4,ENFERMERIA,CURACIONES,15,
Dr. SANTIAGO LORENZO,2025-12-01,12,2025,4,ENFERMERIA,INYECTABLES,24,
Dr. SANTIAGO LORENZO,2025-12-01,12,2025,4,ENFERMERIA,INMUNIZACIONES,120,
Dr. SANTIAGO LORENZO,2025-12-01,12,2025,4,ENFERMERIA,PAP,1,
Dr. SANTIAGO LORENZO,2025-12-01,12,2025,4,ENFERMERIA,IMPLANTE SUBDERMICO,3,
Dr. SANTIAGO LORENZO,2026-01-01,1,2026,4,ENFERMERIA,CONTROL TENSION ARTERIAL,105,
Dr. SANTIAGO LORENZO,2026-01-01,1,2026,4,ENFERMERIA,TEMPERATURA,3,
Dr. SANTIAGO LORENZO,2026-01-01,1,2026,4,ENFERMERIA,GLUCEMIA,2,
Dr. SANTIAGO LORENZO,2026-01-01,1,2026,4,ENFERMERIA,NEBULIZACIONES,3,
Dr. SANTIAGO LORENZO,2026-01-01,1,2026,4,ENFERMERIA,PESO Y TALLA,75,
Dr. SANTIAGO LORENZO,2026-01-01,1,2026,4,ENFERMERIA,CURACIONES,48,
Dr. SANTIAGO LORENZO,2026-01-01,1,2026,4,ENFERMERIA,SUTURAS,2,
Dr. SANTIAGO LORENZO,2025-01-01,1,2025,4,ENFERMERIA,INYECTABLES,28,
DR. MAURICIO OPEN,2026-02-01,2,2026,4,ENFERMERIA,CONTROL TENSION ARTERIAL,51,
DR. MAURICIO OPEN,2026-02-01,2,2026,4,ENFERMERIA,TEMPERATURA,4,
DR. MAURICIO OPEN,2026-02-01,2,2026,4,ENFERMERIA,PESO Y TALLA,153,
DR. MAURICIO OPEN,2026-02-01,2,2026,4,ENFERMERIA,CURACIONES,7,
DR. MAURICIO OPEN,2026-02-01,2,2026,4,ENFERMERIA,INYECTABLES,13,
DR. MAURICIO OPEN,2026-02-01,2,2026,4,ENFERMERIA,INMUNIZACIONES,87,
DR. ANIBAL MALVIDO,2026-02-01,2,2026,4,ENFERMERIA,CONTROL TENSION ARTERIAL,100,
DR. ANIBAL MALVIDO,2026-02-01,2,2026,4,ENFERMERIA,TEMPERATURA,15,
DR. ANIBAL MALVIDO,2026-02-01,2,2026,4,ENFERMERIA,GLUCEMIA,20,
DR. ANIBAL MALVIDO,2026-02-01,2,2026,4,ENFERMERIA,NEBULIZACIONES,15,
DR. ANIBAL MALVIDO,2026-02-01,2,2026,4,ENFERMERIA,PESO Y TALLA,1000,
DR. ANIBAL MALVIDO,2026-02-01,2,2026,4,ENFERMERIA,CURACIONES,35,
DR. ANIBAL MALVIDO,2026-02-01,2,2026,4,ENFERMERIA,SUTURAS,15,
DR. ANIBAL MALVIDO,2026-02-01,2,2026,4,ENFERMERIA,INYECTABLES,62,
DR. ANIBAL MALVIDO,2026-02-01,2,2026,4,ENFERMERIA,INMUNIZACIONES,252,
DR. ANIBAL MALVIDO,2026-02-01,2,2026,4,ENFERMERIA,IMPLANTE SUBDERMICO,6,
ITATI,2026-02-01,2,2026,4,ENFERMERIA,CONTROL TENSION ARTERIAL,248,
ITATI,2026-02-01,2,2026,4,ENFERMERIA,TEMPERATURA,12,
ITATI,2026-02-01,2,2026,4,ENFERMERIA,GLUCEMIA,20,
ITATI,2026-02-01,2,2026,4,ENFERMERIA,PESO Y TALLA,298,
ITATI,2026-02-01,2,2026,4,ENFERMERIA,CURACIONES,15,
ITATI,2026-02-01,2,2026,4,ENFERMERIA,INYECTABLES,18,
ITATI,2026-02-01,2,2026,4,ENFERMERIA,INMUNIZACIONES,15,
ITATI,2026-02-01,2,2026,4,ENFERMERIA,IMPLANTE SUBDERMICO,6,
SANTA MARGARITA,2026-02-01,2,2026,4,ENFERMERIA,CONTROL TENSION ARTERIAL,137,
SANTA MARGARITA,2026-02-01,2,2026,4,ENFERMERIA,TEMPERATURA,15,
SANTA MARGARITA,2026-02-01,2,2026,4,ENFERMERIA,GLUCEMIA,27,
SANTA MARGARITA,2026-02-01,2,2026,4,ENFERMERIA,PESO Y TALLA,210,
SANTA MARGARITA,2026-02-01,2,2026,4,ENFERMERIA,CURACIONES,20,
SANTA MARGARITA,2026-02-01,2,2026,4,ENFERMERIA,INYECTABLES,45,
SANTA MARGARITA,2026-02-01,2,2026,4,ENFERMERIA,INMUNIZACIONES,14,
Dr. CALMANASH,2026-02-01,2,2026,4,ENFERMERIA,CONTROL TENSION ARTERIAL,215,
Dr. CALMANASH,2026-02-01,2,2026,4,ENFERMERIA,TEMPERATURA,10,
Dr. CALMANASH,2026-02-01,2,2026,4,ENFERMERIA,PESO Y TALLA,144,
Dr. CALMANASH,2026-02-01,2,2026,4,ENFERMERIA,CURACIONES,2,
Dr. CALMANASH,2026-02-01,2,2026,4,ENFERMERIA,SUTURAS,2,
Dr. CALMANASH,2026-02-01,2,2026,4,ENFERMERIA,INYECTABLES,32,
Dr. CALMANASH,2026-02-01,2,2026,4,ENFERMERIA,INMUNIZACIONES,27,
Dr. CALMANASH,2026-02-01,2,2026,4,ENFERMERIA,IMPLANTE SUBDERMICO,5,
GDOR. ELIAS GALVAN,2026-02-01,2,2026,4,ENFERMERIA,CONTROL TENSION ARTERIAL,269,
GDOR. ELIAS GALVAN,2026-02-01,2,2026,4,ENFERMERIA,TEMPERATURA,117,
GDOR. ELIAS GALVAN,2026-02-01,2,2026,4,ENFERMERIA,PESO Y TALLA,269,
GDOR. ELIAS GALVAN,2026-02-01,2,2026,4,ENFERMERIA,INYECTABLES,7,
VILLA GARCIA,2026-02-01,2,2026,4,ENFERMERIA,CONTROL TENSION ARTERIAL,58,
VILLA GARCIA,2026-02-01,2,2026,4,ENFERMERIA,TEMPERATURA,10,
VILLA GARCIA,2026-02-01,2,2026,4,ENFERMERIA,GLUCEMIA,5,
VILLA GARCIA,2026-02-01,2,2026,4,ENFERMERIA,PESO Y TALLA,120,
VILLA GARCIA,2026-02-01,2,2026,4,ENFERMERIA,CURACIONES,17,
VILLA GARCIA,2026-02-01,2,2026,4,ENFERMERIA,INYECTABLES,20,
VILLA GARCIA,2026-02-01,2,2026,4,ENFERMERIA,INMUNIZACIONES,59,
PUJOL,2026-02-01,2,2026,4,ENFERMERIA,CONTROL TENSION ARTERIAL,240,
PUJOL,2026-02-01,2,2026,4,ENFERMERIA,TEMPERATURA,25,
PUJOL,2026-02-01,2,2026,4,ENFERMERIA,NEBULIZACIONES,10,
PUJOL,2026-02-01,2,2026,4,ENFERMERIA,PESO Y TALLA,220,
PUJOL,2026-02-01,2,2026,4,ENFERMERIA,CURACIONES,40,
PUJOL,2026-02-01,2,2026,4,ENFERMERIA,INYECTABLES,60,
PUJOL,2026-02-01,2,2026,4,ENFERMERIA,INMUNIZACIONES,19,
DR. CHERCOFF,2026-02-01,2,2026,4,ENFERMERIA,CONTROL TENSION ARTERIAL,217,
DR. CHERCOFF,2026-02-01,2,2026,4,ENFERMERIA,TEMPERATURA,180,
DR. CHERCOFF,2026-02-01,2,2026,4,ENFERMERIA,GLUCEMIA,10,
DR. CHERCOFF,2026-02-01,2,2026,4,ENFERMERIA,PESO Y TALLA,200,
DR. CHERCOFF,2026-02-01,2,2026,4,ENFERMERIA,CURACIONES,38,
DR. CHERCOFF,2026-02-01,2,2026,4,ENFERMERIA,INYECTABLES,20,
DR. CHERCOFF,2026-02-01,2,2026,4,ENFERMERIA,INMUNIZACIONES,10,
SAN MARCOS,2026-02-01,2,2026,4,ENFERMERIA,CONTROL TENSION ARTERIAL,150,
SAN MARCOS,2026-02-01,2,2026,4,ENFERMERIA,TEMPERATURA,5,
SAN MARCOS,2026-02-01,2,2026,4,ENFERMERIA,GLUCEMIA,18,
SAN MARCOS,2026-02-01,2,2026,4,ENFERMERIA,NEBULIZACIONES,5,
SAN MARCOS,2026-02-01,2,2026,4,ENFERMERIA,PESO Y TALLA,353,
SAN MARCOS,2026-02-01,2,2026,4,ENFERMERIA,CURACIONES,14,
SAN MARCOS,2026-02-01,2,2026,4,ENFERMERIA,INYECTABLES,24,
SAN MARCOS,2026-02-01,2,2026,4,ENFERMERIA,INMUNIZACIONES,76,
DR. PIRCHI,2026-02-01,2,2026,4,ENFERMERIA,CONTROL TENSION ARTERIAL,87,
DR. PIRCHI,2026-02-01,2,2026,4,ENFERMERIA,TEMPERATURA,22,
DR. PIRCHI,2026-02-01,2,2026,4,ENFERMERIA,GLUCEMIA,32,
DR. PIRCHI,2026-02-01,2,2026,4,ENFERMERIA,NEBULIZACIONES,2,
DR. PIRCHI,2026-02-01,2,2026,4,ENFERMERIA,PESO Y TALLA,102,
DR. PIRCHI,2026-02-01,2,2026,4,ENFERMERIA,CURACIONES,74,
DR. PIRCHI,2026-02-01,2,2026,4,ENFERMERIA,INYECTABLES,41,
DR. PIRCHI,2026-02-01,2,2026,4,ENFERMERIA,INMUNIZACIONES,89,
Dr. SANTIAGO LORENZO,2026-02-01,2,2026,4,ENFERMERIA,CONTROL TENSION ARTERIAL,100,
Dr. SANTIAGO LORENZO,2026-02-01,2,2026,4,ENFERMERIA,TEMPERATURA,2,
Dr. SANTIAGO LORENZO,2026-02-01,2,2026,4,ENFERMERIA,PESO Y TALLA,155,
Dr. SANTIAGO LORENZO,2026-02-01,2,2026,4,ENFERMERIA,CURACIONES,19,
Dr. SANTIAGO LORENZO,2026-02-01,2,2026,4,ENFERMERIA,SUTURAS,1,
Dr. SANTIAGO LORENZO,2026-02-01,2,2026,4,ENFERMERIA,INYECTABLES,20,
Dr. SANTIAGO LORENZO,2026-02-01,2,2026,4,ENFERMERIA,INMUNIZACIONES,91,
Dr. SANTIAGO LORENZO,2026-02-01,2,2026,4,ENFERMERIA,PAP,1,
Dr. SANTIAGO LORENZO,2026-02-01,2,2026,4,ENFERMERIA,IMPLANTE SUBDERMICO,1,
DR. JOSE DE LOS REYES VIDAL,2026-03-01,3,2026,4,ENFERMERIA,CONTROL TENSION ARTERIAL,160,
DR. JOSE DE LOS REYES VIDAL,2026-03-01,3,2026,4,ENFERMERIA,GLUCEMIA,86,
DR. JOSE DE LOS REYES VIDAL,2026-03-01,3,2026,4,ENFERMERIA,PESO Y TALLA,173,
DR. JOSE DE LOS REYES VIDAL,2026-03-01,3,2026,4,ENFERMERIA,CURACIONES,20,
DR. JOSE DE LOS REYES VIDAL,2026-03-01,3,2026,4,ENFERMERIA,INYECTABLES,65,
DR. BENJAMIN SERRANO,2026-03-01,3,2026,4,ENFERMERIA,CONTROL TENSION ARTERIAL,140,
DR. BENJAMIN SERRANO,2026-03-01,3,2026,4,ENFERMERIA,TEMPERATURA,5,
DR. BENJAMIN SERRANO,2026-03-01,3,2026,4,ENFERMERIA,GLUCEMIA,36,
DR. BENJAMIN SERRANO,2026-03-01,3,2026,4,ENFERMERIA,PESO Y TALLA,106,
DR. BENJAMIN SERRANO,2026-03-01,3,2026,4,ENFERMERIA,CURACIONES,21,
DR. BENJAMIN SERRANO,2026-03-01,3,2026,4,ENFERMERIA,INYECTABLES,32,
DR. BENJAMIN SERRANO,2026-03-01,3,2026,4,ENFERMERIA,INMUNIZACIONES,83,
PASO MARTINEZ,2026-03-01,3,2026,4,ENFERMERIA,CONTROL TENSION ARTERIAL,97,
PASO MARTINEZ,2026-03-01,3,2026,4,ENFERMERIA,PESO Y TALLA,97,
PASO MARTINEZ,2026-03-01,3,2026,4,ENFERMERIA,INYECTABLES,5,
DR. MAURICIO OPEN,2026-03-01,3,2026,4,ENFERMERIA,CONTROL TENSION ARTERIAL,124,
DR. MAURICIO OPEN,2026-03-01,3,2026,4,ENFERMERIA,TEMPERATURA,4,
DR. MAURICIO OPEN,2026-03-01,3,2026,4,ENFERMERIA,PESO Y TALLA,237,
DR. MAURICIO OPEN,2026-03-01,3,2026,4,ENFERMERIA,CURACIONES,9,
DR. MAURICIO OPEN,2026-03-01,3,2026,4,ENFERMERIA,INYECTABLES,8,
DR. MAURICIO OPEN,2026-03-01,3,2026,4,ENFERMERIA,INMUNIZACIONES,82,
MARCELINO VERA,2026-03-01,3,2026,4,ENFERMERIA,CONTROL TENSION ARTERIAL,80,
MARCELINO VERA,2026-03-01,3,2026,4,ENFERMERIA,TEMPERATURA,25,
MARCELINO VERA,2026-03-01,3,2026,4,ENFERMERIA,GLUCEMIA,10,
MARCELINO VERA,2026-03-01,3,2026,4,ENFERMERIA,PESO Y TALLA,80,
MARCELINO VERA,2026-03-01,3,2026,4,ENFERMERIA,CURACIONES,5,
MARCELINO VERA,2026-03-01,3,2026,4,ENFERMERIA,INYECTABLES,9,
MARCELINO VERA,2026-03-01,3,2026,4,ENFERMERIA,INMUNIZACIONES,48,
ITATI,2026-03-01,3,2026,4,ENFERMERIA,CONTROL TENSION ARTERIAL,499,
ITATI,2026-03-01,3,2026,4,ENFERMERIA,TEMPERATURA,61,
ITATI,2026-03-01,3,2026,4,ENFERMERIA,GLUCEMIA,30,
ITATI,2026-03-01,3,2026,4,ENFERMERIA,PESO Y TALLA,491,
ITATI,2026-03-01,3,2026,4,ENFERMERIA,CURACIONES,28,
ITATI,2026-03-01,3,2026,4,ENFERMERIA,INYECTABLES,50,
ITATI,2026-03-01,3,2026,4,ENFERMERIA,INMUNIZACIONES,64,
ITATI,2026-03-01,3,2026,4,ENFERMERIA,IMPLANTE SUBDERMICO,5,
Dr. CALMANASH,2026-03-01,3,2026,4,ENFERMERIA,CONTROL TENSION ARTERIAL,109,
Dr. CALMANASH,2026-03-01,3,2026,4,ENFERMERIA,TEMPERATURA,11,
Dr. CALMANASH,2026-03-01,3,2026,4,ENFERMERIA,GLUCEMIA,1,
Dr. CALMANASH,2026-03-01,3,2026,4,ENFERMERIA,PESO Y TALLA,539,
Dr. CALMANASH,2026-03-01,3,2026,4,ENFERMERIA,CURACIONES,1,
Dr. CALMANASH,2026-03-01,3,2026,4,ENFERMERIA,INYECTABLES,13,
Dr. CALMANASH,2026-03-01,3,2026,4,ENFERMERIA,INMUNIZACIONES,106,
Dr. CALMANASH,2026-03-01,3,2026,4,ENFERMERIA,PAP,11,
Dr. CALMANASH,2026-03-01,3,2026,4,ENFERMERIA,IMPLANTE SUBDERMICO,3,
GDOR. ELIAS GALVAN,2026-03-01,3,2026,4,ENFERMERIA,CONTROL TENSION ARTERIAL,198,
GDOR. ELIAS GALVAN,2026-03-01,3,2026,4,ENFERMERIA,TEMPERATURA,180,
GDOR. ELIAS GALVAN,2026-03-01,3,2026,4,ENFERMERIA,GLUCEMIA,30,
GDOR. ELIAS GALVAN,2026-03-01,3,2026,4,ENFERMERIA,NEBULIZACIONES,30,
GDOR. ELIAS GALVAN,2026-03-01,3,2026,4,ENFERMERIA,PESO Y TALLA,200,
GDOR. ELIAS GALVAN,2026-03-01,3,2026,4,ENFERMERIA,CURACIONES,60,
GDOR. ELIAS GALVAN,2026-03-01,3,2026,4,ENFERMERIA,INYECTABLES,30,
GDOR. ELIAS GALVAN,2026-03-01,3,2026,4,ENFERMERIA,INMUNIZACIONES,43,
SANTA MARGARITA,2026-03-01,3,2026,4,ENFERMERIA,CONTROL TENSION ARTERIAL,200,
SANTA MARGARITA,2026-03-01,3,2026,4,ENFERMERIA,TEMPERATURA,27,
SANTA MARGARITA,2026-03-01,3,2026,4,ENFERMERIA,GLUCEMIA,10,
SANTA MARGARITA,2026-03-01,3,2026,4,ENFERMERIA,PESO Y TALLA,255,
SANTA MARGARITA,2026-03-01,3,2026,4,ENFERMERIA,CURACIONES,25,
SANTA MARGARITA,2026-03-01,3,2026,4,ENFERMERIA,INYECTABLES,37,
DR. BENJAMIN SERRANO,2026-02-01,2,2026,4,ENFERMERIA,CONTROL TENSION ARTERIAL,273,
DR. BENJAMIN SERRANO,2026-02-01,2,2026,4,ENFERMERIA,TEMPERATURA,6,
DR. BENJAMIN SERRANO,2026-02-01,2,2026,4,ENFERMERIA,GLUCEMIA,15,
DR. BENJAMIN SERRANO,2026-02-01,2,2026,4,ENFERMERIA,PESO Y TALLA,164,
DR. BENJAMIN SERRANO,2026-02-01,2,2026,4,ENFERMERIA,CURACIONES,14,
DR. BENJAMIN SERRANO,2026-02-01,2,2026,4,ENFERMERIA,INYECTABLES,17,
DR. BENJAMIN SERRANO,2026-02-01,2,2026,4,ENFERMERIA,INMUNIZACIONES,40,
DR. CHERCOFF,2026-03-01,3,2026,4,ENFERMERIA,CONTROL TENSION ARTERIAL,213,
DR. CHERCOFF,2026-03-01,3,2026,4,ENFERMERIA,TEMPERATURA,170,
DR. CHERCOFF,2026-03-01,3,2026,4,ENFERMERIA,GLUCEMIA,10,
DR. CHERCOFF,2026-03-01,3,2026,4,ENFERMERIA,NEBULIZACIONES,6,
DR. CHERCOFF,2026-03-01,3,2026,4,ENFERMERIA,PESO Y TALLA,215,
DR. CHERCOFF,2026-03-01,3,2026,4,ENFERMERIA,CURACIONES,20,
DR. CHERCOFF,2026-03-01,3,2026,4,ENFERMERIA,INYECTABLES,32,
DR. CHERCOFF,2026-03-01,3,2026,4,ENFERMERIA,INMUNIZACIONES,46,
Dr. SANTIAGO LORENZO,2026-03-01,3,2026,4,ENFERMERIA,CONTROL TENSION ARTERIAL,159,
Dr. SANTIAGO LORENZO,2026-03-01,3,2026,4,ENFERMERIA,TEMPERATURA,6,
Dr. SANTIAGO LORENZO,2026-03-01,3,2026,4,ENFERMERIA,GLUCEMIA,2,
Dr. SANTIAGO LORENZO,2026-03-01,3,2026,4,ENFERMERIA,NEBULIZACIONES,3,
Dr. SANTIAGO LORENZO,2026-03-01,3,2026,4,ENFERMERIA,PESO Y TALLA,170,
Dr. SANTIAGO LORENZO,2026-03-01,3,2026,4,ENFERMERIA,CURACIONES,26,
Dr. SANTIAGO LORENZO,2026-03-01,3,2026,4,ENFERMERIA,INYECTABLES,42,
Dr. SANTIAGO LORENZO,2026-03-01,3,2026,4,ENFERMERIA,INMUNIZACIONES,105,
SAPUCAY,2026-03-01,3,2026,4,ENFERMERIA,CONTROL TENSION ARTERIAL,250,
SAPUCAY,2026-03-01,3,2026,4,ENFERMERIA,TEMPERATURA,80,
SAPUCAY,2026-03-01,3,2026,4,ENFERMERIA,GLUCEMIA,65,
SAPUCAY,2026-03-01,3,2026,4,ENFERMERIA,PESO Y TALLA,400,
SAPUCAY,2026-03-01,3,2026,4,ENFERMERIA,CURACIONES,48,
SAPUCAY,2026-03-01,3,2026,4,ENFERMERIA,INYECTABLES,20,
SAPUCAY,2026-03-01,3,2026,4,ENFERMERIA,INMUNIZACIONES,104,
DR. KORIMBLUM,2026-03-01,3,2026,4,ENFERMERIA,CONTROL TENSION ARTERIAL,105,
DR. KORIMBLUM,2026-03-01,3,2026,4,ENFERMERIA,TEMPERATURA,5,
DR. KORIMBLUM,2026-03-01,3,2026,4,ENFERMERIA,NEBULIZACIONES,8,
DR. KORIMBLUM,2026-03-01,3,2026,4,ENFERMERIA,PESO Y TALLA,238,
DR. KORIMBLUM,2026-03-01,3,2026,4,ENFERMERIA,CURACIONES,6,
DR. KORIMBLUM,2026-03-01,3,2026,4,ENFERMERIA,INYECTABLES,7,
DR. KORIMBLUM,2026-03-01,3,2026,4,ENFERMERIA,INMUNIZACIONES,48,
DR. MAURICIO OPEN,2026-03-01,3,2026,4,ENFERMERIA,CONTROL TENSION ARTERIAL,124,
DR. MAURICIO OPEN,2026-03-01,3,2026,4,ENFERMERIA,TEMPERATURA,4,
DR. MAURICIO OPEN,2026-03-01,3,2026,4,ENFERMERIA,PESO Y TALLA,237,
DR. MAURICIO OPEN,2026-03-01,3,2026,4,ENFERMERIA,CURACIONES,9,
DR. MAURICIO OPEN,2026-03-01,3,2026,4,ENFERMERIA,INYECTABLES,9,
DR. MAURICIO OPEN,2026-03-01,3,2026,4,ENFERMERIA,INMUNIZACIONES,82,
PUJOL,2026-03-01,3,2026,4,ENFERMERIA,CONTROL TENSION ARTERIAL,190,
PUJOL,2026-03-01,3,2026,4,ENFERMERIA,TEMPERATURA,15,
PUJOL,2026-03-01,3,2026,4,ENFERMERIA,GLUCEMIA,2,
PUJOL,2026-03-01,3,2026,4,ENFERMERIA,NEBULIZACIONES,10,
PUJOL,2026-03-01,3,2026,4,ENFERMERIA,PESO Y TALLA,350,
PUJOL,2026-03-01,3,2026,4,ENFERMERIA,CURACIONES,20,
PUJOL,2026-03-01,3,2026,4,ENFERMERIA,INYECTABLES,150,
PUJOL,2026-03-01,3,2026,4,ENFERMERIA,INMUNIZACIONES,110,
PUJOL,2026-03-01,3,2026,4,ENFERMERIA,PAP,6,
DR. FLIER,2026-03-01,3,2026,4,ENFERMERIA,CONTROL TENSION ARTERIAL,116,
DR. FLIER,2026-03-01,3,2026,4,ENFERMERIA,TEMPERATURA,10,
DR. FLIER,2026-03-01,3,2026,4,ENFERMERIA,GLUCEMIA,50,
DR. FLIER,2026-03-01,3,2026,4,ENFERMERIA,NEBULIZACIONES,60,
DR. FLIER,2026-03-01,3,2026,4,ENFERMERIA,PESO Y TALLA,232,
DR. FLIER,2026-03-01,3,2026,4,ENFERMERIA,CURACIONES,110,
DR. FLIER,2026-03-01,3,2026,4,ENFERMERIA,INYECTABLES,128,
DR. FLIER,2026-03-01,3,2026,4,ENFERMERIA,INMUNIZACIONES,12,
DR. PIRCHI,2026-03-01,3,2026,4,ENFERMERIA,CONTROL TENSION ARTERIAL,87,
DR. PIRCHI,2026-03-01,3,2026,4,ENFERMERIA,TEMPERATURA,32,
DR. PIRCHI,2026-03-01,3,2026,4,ENFERMERIA,GLUCEMIA,20,
DR. PIRCHI,2026-03-01,3,2026,4,ENFERMERIA,NEBULIZACIONES,3,
DR. PIRCHI,2026-03-01,3,2026,4,ENFERMERIA,PESO Y TALLA,187,
DR. PIRCHI,2026-03-01,3,2026,4,ENFERMERIA,CURACIONES,42,
DR. PIRCHI,2026-03-01,3,2026,4,ENFERMERIA,INYECTABLES,64,
DR. PIRCHI,2026-03-01,3,2026,4,ENFERMERIA,INMUNIZACIONES,186,
VILLA GARCIA,2026-03-01,3,2026,4,ENFERMERIA,CONTROL TENSION ARTERIAL,153,
VILLA GARCIA,2026-03-01,3,2026,4,ENFERMERIA,PESO Y TALLA,263,
VILLA GARCIA,2026-03-01,3,2026,4,ENFERMERIA,CURACIONES,9,
VILLA GARCIA,2026-03-01,3,2026,4,ENFERMERIA,INYECTABLES,23,
SAN MARCOS,2026-03-01,3,2026,4,ENFERMERIA,CONTROL TENSION ARTERIAL,159,
SAN MARCOS,2026-03-01,3,2026,4,ENFERMERIA,TEMPERATURA,10,
SAN MARCOS,2026-03-01,3,2026,4,ENFERMERIA,GLUCEMIA,11,
SAN MARCOS,2026-03-01,3,2026,4,ENFERMERIA,PESO Y TALLA,462,
SAN MARCOS,2026-03-01,3,2026,4,ENFERMERIA,CURACIONES,21,
SAN MARCOS,2026-03-01,3,2026,4,ENFERMERIA,INYECTABLES,26,
SAN MARCOS,2026-03-01,3,2026,4,ENFERMERIA,INMUNIZACIONES,98,
GDOR. ELIAS GALVAN,2026-04-01,4,2026,4,ENFERMERIA,CONTROL TENSION ARTERIAL,196,
GDOR. ELIAS GALVAN,2026-04-01,4,2026,4,ENFERMERIA,TEMPERATURA,194,
GDOR. ELIAS GALVAN,2026-04-01,4,2026,4,ENFERMERIA,GLUCEMIA,20,
GDOR. ELIAS GALVAN,2026-04-01,4,2026,4,ENFERMERIA,NEBULIZACIONES,20,
GDOR. ELIAS GALVAN,2026-04-01,4,2026,4,ENFERMERIA,PESO Y TALLA,458,
GDOR. ELIAS GALVAN,2026-04-01,4,2026,4,ENFERMERIA,CURACIONES,40,
GDOR. ELIAS GALVAN,2026-04-01,4,2026,4,ENFERMERIA,INYECTABLES,20,
GDOR. ELIAS GALVAN,2026-04-01,4,2026,4,ENFERMERIA,INMUNIZACIONES,30,
PUJOL,2026-04-01,4,2026,4,ENFERMERIA,CONTROL TENSION ARTERIAL,140,
PUJOL,2026-04-01,4,2026,4,ENFERMERIA,TEMPERATURA,30,
PUJOL,2026-04-01,4,2026,4,ENFERMERIA,GLUCEMIA,3,
PUJOL,2026-04-01,4,2026,4,ENFERMERIA,NEBULIZACIONES,10,
PUJOL,2026-04-01,4,2026,4,ENFERMERIA,PESO Y TALLA,240,
PUJOL,2026-04-01,4,2026,4,ENFERMERIA,CURACIONES,40,
PUJOL,2026-04-01,4,2026,4,ENFERMERIA,INYECTABLES,130,
PUJOL,2026-04-01,4,2026,4,ENFERMERIA,INYECTABLES,44,
SAPUCAY,2026-04-01,4,2026,4,ENFERMERIA,CONTROL TENSION ARTERIAL,240,
SAPUCAY,2026-04-01,4,2026,4,ENFERMERIA,TEMPERATURA,50,
SAPUCAY,2026-04-01,4,2026,4,ENFERMERIA,GLUCEMIA,45,
SAPUCAY,2026-04-01,4,2026,4,ENFERMERIA,NEBULIZACIONES,10,
SAPUCAY,2026-04-01,4,2026,4,ENFERMERIA,PESO Y TALLA,300,
SAPUCAY,2026-04-01,4,2026,4,ENFERMERIA,CURACIONES,30,
SAPUCAY,2026-04-01,4,2026,4,ENFERMERIA,INYECTABLES,35,
SAPUCAY,2026-04-01,4,2026,4,ENFERMERIA,INMUNIZACIONES,26,
DR. KORIMBLUM,2026-04-01,4,2026,4,ENFERMERIA,CONTROL TENSION ARTERIAL,70,
DR. KORIMBLUM,2026-04-01,4,2026,4,ENFERMERIA,NEBULIZACIONES,5,
DR. KORIMBLUM,2026-04-01,4,2026,4,ENFERMERIA,PESO Y TALLA,168,
DR. KORIMBLUM,2026-04-01,4,2026,4,ENFERMERIA,CURACIONES,4,
DR. KORIMBLUM,2026-04-01,4,2026,4,ENFERMERIA,INYECTABLES,7,
SANTA MARGARITA,2026-04-01,4,2026,4,ENFERMERIA,CONTROL TENSION ARTERIAL,180,
SANTA MARGARITA,2026-04-01,4,2026,4,ENFERMERIA,TEMPERATURA,40,
SANTA MARGARITA,2026-04-01,4,2026,4,ENFERMERIA,GLUCEMIA,25,
SANTA MARGARITA,2026-04-01,4,2026,4,ENFERMERIA,NEBULIZACIONES,10,
SANTA MARGARITA,2026-04-01,4,2026,4,ENFERMERIA,PESO Y TALLA,237,
SANTA MARGARITA,2026-04-01,4,2026,4,ENFERMERIA,CURACIONES,30,
SANTA MARGARITA,2026-04-01,4,2026,4,ENFERMERIA,INYECTABLES,30,
VILLA GARCIA,2026-04-01,4,2026,4,ENFERMERIA,CONTROL TENSION ARTERIAL,96,
VILLA GARCIA,2026-04-01,4,2026,4,ENFERMERIA,TEMPERATURA,34,
VILLA GARCIA,2026-04-01,4,2026,4,ENFERMERIA,PESO Y TALLA,168,
VILLA GARCIA,2026-04-01,4,2026,4,ENFERMERIA,CURACIONES,12,
VILLA GARCIA,2026-04-01,4,2026,4,ENFERMERIA,INYECTABLES,15,
VILLA GARCIA,2026-04-01,4,2026,4,ENFERMERIA,INMUNIZACIONES,100,
Dr. SANTIAGO LORENZO,2026-04-01,4,2026,4,ENFERMERIA,CONTROL TENSION ARTERIAL,160,
Dr. SANTIAGO LORENZO,2026-04-01,4,2026,4,ENFERMERIA,TEMPERATURA,10,
Dr. SANTIAGO LORENZO,2026-04-01,4,2026,4,ENFERMERIA,NEBULIZACIONES,2,
Dr. SANTIAGO LORENZO,2026-04-01,4,2026,4,ENFERMERIA,PESO Y TALLA,132,
Dr. SANTIAGO LORENZO,2026-04-01,4,2026,4,ENFERMERIA,CURACIONES,25,
Dr. SANTIAGO LORENZO,2026-04-01,4,2026,4,ENFERMERIA,INYECTABLES,45,
DR. MAURICIO OPEN,2026-04-01,4,2026,4,ENFERMERIA,CONTROL TENSION ARTERIAL,89,
DR. MAURICIO OPEN,2026-04-01,4,2026,4,ENFERMERIA,TEMPERATURA,32,
DR. MAURICIO OPEN,2026-04-01,4,2026,4,ENFERMERIA,NEBULIZACIONES,3,
DR. MAURICIO OPEN,2026-04-01,4,2026,4,ENFERMERIA,PESO Y TALLA,240,
DR. MAURICIO OPEN,2026-04-01,4,2026,4,ENFERMERIA,CURACIONES,32,
DR. MAURICIO OPEN,2026-04-01,4,2026,4,ENFERMERIA,PESO Y TALLA,3,
DR. MAURICIO OPEN,2026-04-01,4,2026,4,ENFERMERIA,SUTURAS,26,
DR. MAURICIO OPEN,2026-04-01,4,2026,4,ENFERMERIA,INYECTABLES,9,
DR. MAURICIO OPEN,2026-04-01,4,2026,4,ENFERMERIA,INMUNIZACIONES,9,
ITATI,2026-04-01,4,2026,4,ENFERMERIA,CONTROL TENSION ARTERIAL,161,
ITATI,2026-04-01,4,2026,4,ENFERMERIA,TEMPERATURA,52,
ITATI,2026-04-01,4,2026,4,ENFERMERIA,GLUCEMIA,25,
ITATI,2026-04-01,4,2026,4,ENFERMERIA,PESO Y TALLA,350,
ITATI,2026-04-01,4,2026,4,ENFERMERIA,CURACIONES,20,
ITATI,2026-04-01,4,2026,4,ENFERMERIA,INYECTABLES,63,
ITATI,2026-04-01,4,2026,4,ENFERMERIA,INMUNIZACIONES,45,
ITATI,2026-04-01,4,2026,4,ENFERMERIA,IMPLANTE SUBDERMICO,3,
Dr. CALMANASH,2026-04-01,4,2026,4,ENFERMERIA,CONTROL TENSION ARTERIAL,280,
Dr. CALMANASH,2026-04-01,4,2026,4,ENFERMERIA,TEMPERATURA,20,
Dr. CALMANASH,2026-04-01,4,2026,4,ENFERMERIA,GLUCEMIA,29,
Dr. CALMANASH,2026-04-01,4,2026,4,ENFERMERIA,NEBULIZACIONES,15,
Dr. CALMANASH,2026-04-01,4,2026,4,ENFERMERIA,PESO Y TALLA,531,
Dr. CALMANASH,2026-04-01,4,2026,4,ENFERMERIA,CURACIONES,10,
Dr. CALMANASH,2026-04-01,4,2026,4,ENFERMERIA,INYECTABLES,46,
Dr. CALMANASH,2026-04-01,4,2026,4,ENFERMERIA,INMUNIZACIONES,65,
Dr. CALMANASH,2026-04-01,4,2026,4,ENFERMERIA,PAP,2,
MARCELINO VERA,2026-04-01,4,2026,4,ENFERMERIA,CONTROL TENSION ARTERIAL,80,
MARCELINO VERA,2026-04-01,4,2026,4,ENFERMERIA,TEMPERATURA,15,
MARCELINO VERA,2026-04-01,4,2026,4,ENFERMERIA,GLUCEMIA,3,
MARCELINO VERA,2026-04-01,4,2026,4,ENFERMERIA,CURACIONES,10,
MARCELINO VERA,2026-04-01,4,2026,4,ENFERMERIA,INYECTABLES,10,
MARCELINO VERA,2026-04-01,4,2026,4,ENFERMERIA,INMUNIZACIONES,10,
DR. JOSE DE LOS REYES VIDAL,2026-04-01,4,2026,4,ENFERMERIA,CONTROL TENSION ARTERIAL,135,
DR. JOSE DE LOS REYES VIDAL,2026-04-01,4,2026,4,ENFERMERIA,GLUCEMIA,46,
DR. JOSE DE LOS REYES VIDAL,2026-04-01,4,2026,4,ENFERMERIA,CURACIONES,32,
DR. JOSE DE LOS REYES VIDAL,2026-04-01,4,2026,4,ENFERMERIA,INYECTABLES,86,
DR. JOSE DE LOS REYES VIDAL,2026-04-01,4,2026,4,ENFERMERIA,INMUNIZACIONES,7,
DR. CHERCOFF,2026-04-01,4,2026,4,ENFERMERIA,CONTROL TENSION ARTERIAL,219,
DR. CHERCOFF,2026-04-01,4,2026,4,ENFERMERIA,TEMPERATURA,190,
DR. CHERCOFF,2026-04-01,4,2026,4,ENFERMERIA,GLUCEMIA,11,
DR. CHERCOFF,2026-04-01,4,2026,4,ENFERMERIA,NEBULIZACIONES,9,
DR. CHERCOFF,2026-04-01,4,2026,4,ENFERMERIA,PESO Y TALLA,200,
DR. CHERCOFF,2026-04-01,4,2026,4,ENFERMERIA,CURACIONES,60,
DR. CHERCOFF,2026-04-01,4,2026,4,ENFERMERIA,INYECTABLES,67,
DR. CHERCOFF,2026-04-01,4,2026,4,ENFERMERIA,INMUNIZACIONES,12,
DR. BENJAMIN SERRANO,2026-04-01,4,2026,4,ENFERMERIA,CONTROL TENSION ARTERIAL,322,
DR. BENJAMIN SERRANO,2026-04-01,4,2026,4,ENFERMERIA,TEMPERATURA,19,
DR. BENJAMIN SERRANO,2026-04-01,4,2026,4,ENFERMERIA,GLUCEMIA,23,
DR. BENJAMIN SERRANO,2026-04-01,4,2026,4,ENFERMERIA,PESO Y TALLA,296,
DR. BENJAMIN SERRANO,2026-04-01,4,2026,4,ENFERMERIA,CURACIONES,16,
DR. BENJAMIN SERRANO,2026-04-01,4,2026,4,ENFERMERIA,INYECTABLES,39,
DR. BENJAMIN SERRANO,2026-04-01,4,2026,4,ENFERMERIA,INMUNIZACIONES,84,
DR. PIRCHI,2026-04-01,4,2026,4,ENFERMERIA,CONTROL TENSION ARTERIAL,104,
DR. PIRCHI,2026-04-01,4,2026,4,ENFERMERIA,TEMPERATURA,42,
DR. PIRCHI,2026-04-01,4,2026,4,ENFERMERIA,GLUCEMIA,38,
DR. PIRCHI,2026-04-01,4,2026,4,ENFERMERIA,NEBULIZACIONES,5,
DR. PIRCHI,2026-04-01,4,2026,4,ENFERMERIA,PESO Y TALLA,185,
DR. PIRCHI,2026-04-01,4,2026,4,ENFERMERIA,CURACIONES,51,
DR. PIRCHI,2026-04-01,4,2026,4,ENFERMERIA,INYECTABLES,81,
DR. PIRCHI,2026-04-01,4,2026,4,ENFERMERIA,INMUNIZACIONES,83,
SAN MARCOS,2026-04-01,4,2026,4,ENFERMERIA,CONTROL TENSION ARTERIAL,92,
SAN MARCOS,2026-04-01,4,2026,4,ENFERMERIA,TEMPERATURA,13,
SAN MARCOS,2026-04-01,4,2026,4,ENFERMERIA,GLUCEMIA,7,
SAN MARCOS,2026-04-01,4,2026,4,ENFERMERIA,PESO Y TALLA,319,
SAN MARCOS,2026-04-01,4,2026,4,ENFERMERIA,CURACIONES,8,
SAN MARCOS,2026-04-01,4,2026,4,ENFERMERIA,INYECTABLES,24,
SAN MARCOS,2026-04-01,4,2026,4,ENFERMERIA,INMUNIZACIONES,55,
ITATI,2026-05-01,5,2026,4,ENFERMERIA,CONTROL TENSION ARTERIAL,366,
ITATI,2026-05-01,5,2026,4,ENFERMERIA,TEMPERATURA,410,
ITATI,2026-05-01,5,2026,4,ENFERMERIA,GLUCEMIA,55,
ITATI,2026-05-01,5,2026,4,ENFERMERIA,PESO Y TALLA,501,
ITATI,2026-05-01,5,2026,4,ENFERMERIA,CURACIONES,32,
ITATI,2026-05-01,5,2026,4,ENFERMERIA,INYECTABLES,51,
ITATI,2026-05-01,5,2026,4,ENFERMERIA,INYECTABLES,43,
ITATI,2026-05-01,5,2026,4,ENFERMERIA,IMPLANTE SUBDERMICO,6,
SAPUCAY,2026-05-01,5,2026,4,ENFERMERIA,CONTROL TENSION ARTERIAL,300,
SAPUCAY,2026-05-01,5,2026,4,ENFERMERIA,TEMPERATURA,40,
SAPUCAY,2026-05-01,5,2026,4,ENFERMERIA,GLUCEMIA,25,
SAPUCAY,2026-05-01,5,2026,4,ENFERMERIA,NEBULIZACIONES,5,
SAPUCAY,2026-05-01,5,2026,4,ENFERMERIA,PESO Y TALLA,350,
SAPUCAY,2026-05-01,5,2026,4,ENFERMERIA,CURACIONES,60,
SAPUCAY,2026-05-01,5,2026,4,ENFERMERIA,INYECTABLES,20,
SAPUCAY,2026-05-01,5,2026,4,ENFERMERIA,INMUNIZACIONES,32,
DR. BENJAMIN SERRANO,2026-05-01,5,2026,4,ENFERMERIA,CONTROL TENSION ARTERIAL,392,
DR. BENJAMIN SERRANO,2026-05-01,5,2026,4,ENFERMERIA,TEMPERATURA,15,
DR. BENJAMIN SERRANO,2026-05-01,5,2026,4,ENFERMERIA,GLUCEMIA,3,
DR. BENJAMIN SERRANO,2026-05-01,5,2026,4,ENFERMERIA,PESO Y TALLA,247,
DR. BENJAMIN SERRANO,2026-05-01,5,2026,4,ENFERMERIA,CURACIONES,18,
DR. BENJAMIN SERRANO,2026-05-01,5,2026,4,ENFERMERIA,INYECTABLES,43,
DR. BENJAMIN SERRANO,2026-05-01,5,2026,4,ENFERMERIA,INMUNIZACIONES,71,
DR. JOSE DE LOS REYES VIDAL,2026-05-01,5,2026,4,ENFERMERIA,CONTROL TENSION ARTERIAL,138,
DR. JOSE DE LOS REYES VIDAL,2026-05-01,5,2026,4,ENFERMERIA,TEMPERATURA,20,
DR. JOSE DE LOS REYES VIDAL,2026-05-01,5,2026,4,ENFERMERIA,GLUCEMIA,30,
DR. JOSE DE LOS REYES VIDAL,2026-05-01,5,2026,4,ENFERMERIA,CURACIONES,20,
DR. JOSE DE LOS REYES VIDAL,2026-05-01,5,2026,4,ENFERMERIA,INYECTABLES,150,
SANTA MARGARITA,2026-05-01,5,2026,4,ENFERMERIA,CONTROL TENSION ARTERIAL,110,
SANTA MARGARITA,2026-05-01,5,2026,4,ENFERMERIA,TEMPERATURA,25,
SANTA MARGARITA,2026-05-01,5,2026,4,ENFERMERIA,GLUCEMIA,10,
SANTA MARGARITA,2026-05-01,5,2026,4,ENFERMERIA,PESO Y TALLA,210,
SANTA MARGARITA,2026-05-01,5,2026,4,ENFERMERIA,CURACIONES,10,
SANTA MARGARITA,2026-05-01,5,2026,4,ENFERMERIA,INYECTABLES,50,
SANTA MARGARITA,2026-05-01,5,2026,4,ENFERMERIA,INMUNIZACIONES,20,
DR. ALBERTO LIFSCHITZ,2026-05-01,5,2026,4,ENFERMERIA,CONTROL TENSION ARTERIAL,41,
DR. ALBERTO LIFSCHITZ,2026-05-01,5,2026,4,ENFERMERIA,TEMPERATURA,20,
DR. ALBERTO LIFSCHITZ,2026-05-01,5,2026,4,ENFERMERIA,PESO Y TALLA,671,
DR. ALBERTO LIFSCHITZ,2026-05-01,5,2026,4,ENFERMERIA,CURACIONES,6,
DR. ALBERTO LIFSCHITZ,2026-05-01,5,2026,4,ENFERMERIA,INYECTABLES,52,
DR. ALBERTO LIFSCHITZ,2026-05-01,5,2026,4,ENFERMERIA,INMUNIZACIONES,44,
DR. ALBERTO LIFSCHITZ,2026-05-01,5,2026,4,ENFERMERIA,PAP,8,
DR. ANIBAL MALVIDO,2026-05-01,5,2026,4,ENFERMERIA,CONTROL TENSION ARTERIAL,830,
DR. ANIBAL MALVIDO,2026-05-01,5,2026,4,ENFERMERIA,TEMPERATURA,25,
DR. ANIBAL MALVIDO,2026-05-01,5,2026,4,ENFERMERIA,GLUCEMIA,9,
DR. ANIBAL MALVIDO,2026-05-01,5,2026,4,ENFERMERIA,NEBULIZACIONES,10,
DR. ANIBAL MALVIDO,2026-05-01,5,2026,4,ENFERMERIA,PESO Y TALLA,833,
DR. ANIBAL MALVIDO,2026-05-01,5,2026,4,ENFERMERIA,CURACIONES,61,
DR. ANIBAL MALVIDO,2026-05-01,5,2026,4,ENFERMERIA,SUTURAS,3,
DR. ANIBAL MALVIDO,2026-05-01,5,2026,4,ENFERMERIA,INYECTABLES,90,
DR. ANIBAL MALVIDO,2026-05-01,5,2026,4,ENFERMERIA,INMUNIZACIONES,267,
DR. ANIBAL MALVIDO,2026-05-01,5,2026,4,ENFERMERIA,PAP,10,
DR. ANIBAL MALVIDO,2026-05-01,5,2026,4,ENFERMERIA,IMPLANTE SUBDERMICO,5,
Dr. CALMANASH,2026-05-01,5,2026,4,ENFERMERIA,CONTROL TENSION ARTERIAL,243,
Dr. CALMANASH,2026-05-01,5,2026,4,ENFERMERIA,TEMPERATURA,25,
Dr. CALMANASH,2026-05-01,5,2026,4,ENFERMERIA,GLUCEMIA,17,
Dr. CALMANASH,2026-05-01,5,2026,4,ENFERMERIA,NEBULIZACIONES,4,
Dr. CALMANASH,2026-05-01,5,2026,4,ENFERMERIA,PESO Y TALLA,511,
Dr. CALMANASH,2026-05-01,5,2026,4,ENFERMERIA,CURACIONES,14,
Dr. CALMANASH,2026-05-01,5,2026,4,ENFERMERIA,INYECTABLES,321,
Dr. CALMANASH,2026-05-01,5,2026,4,ENFERMERIA,INMUNIZACIONES,94,
Dr. CALMANASH,2026-05-01,5,2026,4,ENFERMERIA,PAP,2,
VILLA GARCIA,2026-05-01,5,2026,4,ENFERMERIA,CONTROL TENSION ARTERIAL,81,
VILLA GARCIA,2026-05-01,5,2026,4,ENFERMERIA,TEMPERATURA,86,
VILLA GARCIA,2026-05-01,5,2026,4,ENFERMERIA,PESO Y TALLA,185,
VILLA GARCIA,2026-05-01,5,2026,4,ENFERMERIA,CURACIONES,13,
VILLA GARCIA,2026-05-01,5,2026,4,ENFERMERIA,INYECTABLES,27,
VILLA GARCIA,2026-05-01,5,2026,4,ENFERMERIA,INMUNIZACIONES,82,
MARCELINO VERA,2026-05-01,5,2026,4,ENFERMERIA,CONTROL TENSION ARTERIAL,60,
MARCELINO VERA,2026-05-01,5,2026,4,ENFERMERIA,TEMPERATURA,21,
MARCELINO VERA,2026-05-01,5,2026,4,ENFERMERIA,PESO Y TALLA,220,
MARCELINO VERA,2026-05-01,5,2026,4,ENFERMERIA,INYECTABLES,14,
MARCELINO VERA,2026-05-01,5,2026,4,ENFERMERIA,INMUNIZACIONES,24,
DR. MAURICIO OPEN,2026-05-01,5,2026,4,ENFERMERIA,CONTROL TENSION ARTERIAL,105,
DR. MAURICIO OPEN,2026-05-01,5,2026,4,ENFERMERIA,TEMPERATURA,14,
DR. MAURICIO OPEN,2026-05-01,5,2026,4,ENFERMERIA,PESO Y TALLA,435,
DR. MAURICIO OPEN,2026-05-01,5,2026,4,ENFERMERIA,CURACIONES,19,
DR. MAURICIO OPEN,2026-05-01,5,2026,4,ENFERMERIA,INYECTABLES,9,
DR. MAURICIO OPEN,2026-05-01,5,2026,4,ENFERMERIA,INMUNIZACIONES,39,
DR. KORIMBLUM,2026-05-01,5,2026,4,ENFERMERIA,CONTROL TENSION ARTERIAL,78,
DR. KORIMBLUM,2026-05-01,5,2026,4,ENFERMERIA,PESO Y TALLA,206,
DR. KORIMBLUM,2026-05-01,5,2026,4,ENFERMERIA,CURACIONES,15,
DR. KORIMBLUM,2026-05-01,5,2026,4,ENFERMERIA,INYECTABLES,43,
DR. CHERCOFF,2026-05-01,5,2026,4,ENFERMERIA,CONTROL TENSION ARTERIAL,221,
DR. CHERCOFF,2026-05-01,5,2026,4,ENFERMERIA,TEMPERATURA,201,
DR. CHERCOFF,2026-05-01,5,2026,4,ENFERMERIA,GLUCEMIA,4,
DR. CHERCOFF,2026-05-01,5,2026,4,ENFERMERIA,NEBULIZACIONES,10,
DR. CHERCOFF,2026-05-01,5,2026,4,ENFERMERIA,PESO Y TALLA,226,
DR. CHERCOFF,2026-05-01,5,2026,4,ENFERMERIA,CURACIONES,29,
DR. CHERCOFF,2026-05-01,5,2026,4,ENFERMERIA,INYECTABLES,67,
DR. CHERCOFF,2026-05-01,5,2026,4,ENFERMERIA,INMUNIZACIONES,3,
SAN MARCOS,2026-05-01,5,2026,4,ENFERMERIA,CONTROL TENSION ARTERIAL,76,
SAN MARCOS,2026-05-01,5,2026,4,ENFERMERIA,TEMPERATURA,5,
SAN MARCOS,2026-05-01,5,2026,4,ENFERMERIA,GLUCEMIA,10,
SAN MARCOS,2026-05-01,5,2026,4,ENFERMERIA,PESO Y TALLA,298,
SAN MARCOS,2026-05-01,5,2026,4,ENFERMERIA,CURACIONES,8,
SAN MARCOS,2026-05-01,5,2026,4,ENFERMERIA,INYECTABLES,20,
SAN MARCOS,2026-05-01,5,2026,4,ENFERMERIA,INMUNIZACIONES,52,
PUJOL,2026-05-01,5,2026,4,ENFERMERIA,CONTROL TENSION ARTERIAL,180,
PUJOL,2026-05-01,5,2026,4,ENFERMERIA,TEMPERATURA,10,
PUJOL,2026-05-01,5,2026,4,ENFERMERIA,NEBULIZACIONES,10,
PUJOL,2026-05-01,5,2026,4,ENFERMERIA,PESO Y TALLA,220,
PUJOL,2026-05-01,5,2026,4,ENFERMERIA,CURACIONES,30,
PUJOL,2026-05-01,5,2026,4,ENFERMERIA,INYECTABLES,50,
PUJOL,2026-05-01,5,2026,4,ENFERMERIA,INMUNIZACIONES,44,
GDOR. ELIAS GALVAN,2026-05-01,5,2026,4,ENFERMERIA,CONTROL TENSION ARTERIAL,228,
GDOR. ELIAS GALVAN,2026-05-01,5,2026,4,ENFERMERIA,TEMPERATURA,304,
GDOR. ELIAS GALVAN,2026-05-01,5,2026,4,ENFERMERIA,GLUCEMIA,10,
GDOR. ELIAS GALVAN,2026-05-01,5,2026,4,ENFERMERIA,NEBULIZACIONES,20,
GDOR. ELIAS GALVAN,2026-05-01,5,2026,4,ENFERMERIA,PESO Y TALLA,545,
GDOR. ELIAS GALVAN,2026-05-01,5,2026,4,ENFERMERIA,CURACIONES,60,
GDOR. ELIAS GALVAN,2026-05-01,5,2026,4,ENFERMERIA,INYECTABLES,50,
GDOR. ELIAS GALVAN,2026-05-01,5,2026,4,ENFERMERIA,INMUNIZACIONES,17,
GDOR. ELIAS GALVAN,2026-05-01,5,2026,4,ENFERMERIA,PAP,3,
DR. PIRCHI,2026-05-01,5,2026,4,ENFERMERIA,CONTROL TENSION ARTERIAL,109,
DR. PIRCHI,2026-05-01,5,2026,4,ENFERMERIA,TEMPERATURA,39,
DR. PIRCHI,2026-05-01,5,2026,4,ENFERMERIA,GLUCEMIA,44,
DR. PIRCHI,2026-05-01,5,2026,4,ENFERMERIA,NEBULIZACIONES,7,
DR. PIRCHI,2026-05-01,5,2026,4,ENFERMERIA,PESO Y TALLA,137,
DR. PIRCHI,2026-05-01,5,2026,4,ENFERMERIA,CURACIONES,71,
DR. PIRCHI,2026-05-01,5,2026,4,ENFERMERIA,INYECTABLES,102,
DR. PIRCHI,2026-05-01,5,2026,4,ENFERMERIA,INMUNIZACIONES,125,
PASO MARTINEZ,2026-05-01,5,2026,4,ENFERMERIA,CONTROL TENSION ARTERIAL,30,
PASO MARTINEZ,2026-05-01,5,2026,4,ENFERMERIA,PESO Y TALLA,20,
Dr. SANTIAGO LORENZO,2026-05-01,5,2026,4,ENFERMERIA,CONTROL TENSION ARTERIAL,140,
Dr. SANTIAGO LORENZO,2026-05-01,5,2026,4,ENFERMERIA,TEMPERATURA,12,
Dr. SANTIAGO LORENZO,2026-05-01,5,2026,4,ENFERMERIA,NEBULIZACIONES,4,
Dr. SANTIAGO LORENZO,2026-05-01,5,2026,4,ENFERMERIA,PESO Y TALLA,138,
Dr. SANTIAGO LORENZO,2026-05-01,5,2026,4,ENFERMERIA,CURACIONES,32,
Dr. SANTIAGO LORENZO,2026-05-01,5,2026,4,ENFERMERIA,INYECTABLES,53,
Dr. SANTIAGO LORENZO,2026-05-01,5,2026,4,ENFERMERIA,INMUNIZACIONES,96,
Dr. SANTIAGO LORENZO,2026-05-01,5,2026,4,ENFERMERIA,PESO Y TALLA,3,
Dr. SANTIAGO LORENZO,2026-05-01,5,2026,4,ENFERMERIA,PAP,0,